Item Fat Content,Item Type,Item_MRP,Outlet Location Type,Outlet Size,Outlet Type,Item Visibility,Rating,Item_Outlet_Sales,Total Sales
Regular,Fruits and Vegetables,249.8092,Tier 1,Medium,Supermarket Type1,0.1000135,5,3735.138,145.4786
Low Fat,Health and Hygiene,48.2692,Tier 3,Medium,Supermarket Type2,0.008596051,5,443.4228,115.3492
Regular,Frozen Foods,141.618,Tier 1,Small,Supermarket Type1,0.025896485,5,2097.27,165.021
Regular,Canned,182.095,Tier 3,High,Supermarket Type1,0.042277867,5,732.38,126.5046
Low Fat,Soft Drinks,53.8614,Tier 2,Small,Supermarket Type1,0.033970195,5,994.7052,55.1614
low fat,Frozen Foods,51.4008,Tier 2,Small,Supermarket Type1,0.005505481,5,556.6088,102.4016
Low Fat,Health and Hygiene,57.6588,Tier 3,Small,Grocery Store,0.098312421,5,343.5528,81.4618
Low Fat,Household,107.7622,Tier 2,Small,Supermarket Type1,0.026903714,5,4022.7636,96.0726
Low Fat,Fruits and Vegetables,96.9726,Tier 3,High,Supermarket Type1,0.024129332,5,1076.5986,124.173
Low Fat,Canned,187.8214,Tier 3,Medium,Supermarket Type3,0.101561568,5,4710.535,181.9292
LF,Snack Foods,45.5402,Tier 3,Medium,Supermarket Type3,0.084554569,5,1516.0266,109.8912
Low Fat,Health and Hygiene,144.1102,Tier 2,Small,Supermarket Type1,0.052044976,5,2187.153,192.1846
Low Fat,Fruits and Vegetables,145.4786,Tier 3,Medium,Supermarket Type2,0.128937661,5,1589.2646,112.3886
Low Fat,Household,119.6782,Tier 3,High,Supermarket Type1,0.090486828,5,2145.2076,195.211
Low Fat,Meat,196.4426,Tier 3,Medium,Supermarket Type3,0.03292824,5,1977.426,173.1738
Regular,Fruits and Vegetables,56.3614,Tier 2,Small,Supermarket Type1,0.018801549,5,1547.3192,222.1772
Low Fat,Breads,115.3492,Tier 3,Medium,Supermarket Type2,0.147023834,5,1621.8888,93.7436
Low Fat,Household,54.3614,Tier 1,Medium,Supermarket Type1,0.077628053,5,718.3982,197.611
Low Fat,Fruits and Vegetables,113.2834,Tier 3,Medium,Supermarket Type3,0.182514881,5,2303.668,98.77
Low Fat,Hard Drinks,230.5352,Tier 3,Medium,Supermarket Type2,0.016895293,5,2748.4224,178.566
Regular,Fruits and Vegetables,250.8724,Tier 3,Medium,Supermarket Type3,0,5,3775.086,60.2194
Low Fat,Others,144.5444,Tier 3,Medium,Supermarket Type3,0.026916794,5,4064.0432,50.9666
Low Fat,Frozen Foods,196.5084,Tier 3,Medium,Supermarket Type2,0.022976497,5,1587.2672,261.6594
Low Fat,Dairy,107.6938,Tier 3,Medium,Supermarket Type2,0.042413704,5,214.3876,173.1764
Regular,Dairy,165.021,Tier 2,Medium,Supermarket Type1,0.065431917,5,4078.025,76.1986
Low Fat,Frozen Foods,45.906,Tier 2,Medium,Supermarket Type1,0.140241213,5,838.908,150.2392
Low Fat,Frozen Foods,42.3112,Tier 2,Small,Supermarket Type1,0.033935576,5,1065.28,221.9456
Regular,Fruits and Vegetables,39.1164,Tier 3,Medium,Supermarket Type3,0.016516275,5,308.9312,47.4034
Low Fat,Frozen Foods,45.5086,Tier 1,Small,Supermarket Type1,0.026537206,5,178.4344,57.2614
Regular,Breakfast,43.6454,Tier 1,Medium,Supermarket Type1,0.131128467,5,125.8362,93.1804
Low Fat,Household,55.7956,Tier 1,Small,Supermarket Type1,0.080640478,5,163.7868,167.779
Low Fat,Health and Hygiene,96.4436,Tier 3,High,Supermarket Type1,0.01946418,5,2741.7644,196.3794
Low Fat,Hard Drinks,256.6672,Tier 3,High,Supermarket Type1,0.046545786,5,3068.0064,59.9878
Low Fat,Household,93.1436,Tier 3,High,Supermarket Type1,0.184689756,5,2174.5028,35.4216
Low Fat,Snack Foods,174.8738,Tier 2,Medium,Supermarket Type1,0.025342692,5,2085.2856,174.3054
low fat,Frozen Foods,146.7102,Tier 3,High,Supermarket Type1,0.037923509,5,3791.0652,61.651
Low Fat,Fruits and Vegetables,128.0678,Tier 2,Medium,Supermarket Type1,0.121848436,5,2797.6916,46.8402
Regular,Snack Foods,122.5388,Tier 2,Medium,Supermarket Type1,0.038029746,5,1609.9044,88.6856
Low Fat,Fruits and Vegetables,36.9874,Tier 1,Medium,Supermarket Type1,0.057485328,5,388.1614,126.2046
Regular,Meat,87.6198,Tier 1,Small,Supermarket Type1,0.085274988,5,2180.495,119.6124
Regular,Dairy,230.6352,Tier 3,High,Supermarket Type1,0.108148913,5,3435.528,95.6752
Regular,Fruits and Vegetables,126.002,Tier 3,Medium,Supermarket Type3,0.018838681,5,2150.534,62.9536
Low Fat,Hard Drinks,192.9136,Tier 2,Medium,Supermarket Type1,0.048115543,5,2527.3768,159.0946
Low Fat,Snack Foods,259.9278,Tier 1,Medium,Supermarket Type1,0.174621343,5,6768.5228,104.2964
Regular,Breakfast,126.5046,Tier 3,Medium,Grocery Store,0.105994654,5,373.5138,150.5682
Low Fat,Others,178.1002,Tier 3,High,Supermarket Type1,0.182501773,5,358.2004,239.2196
Low Fat,Household,153.3024,Tier 2,Small,Supermarket Type1,0.048931174,5,2428.8384,127.3336
LF,Frozen Foods,265.2226,Tier 1,Medium,Supermarket Type1,0.013658248,5,5815.0972,256.3304
LF,Household,60.622,Tier 1,Medium,Supermarket Type1,0.011305479,5,2576.646,235.5248
Low Fat,Baking Goods,196.8794,Tier 1,Medium,Supermarket Type1,0.014653896,5,780.3176,82.425
Low Fat,Canned,143.8812,Tier 1,Medium,Supermarket Type1,0.025867353,5,3134.5864,264.6226
Low Fat,Canned,141.5154,Tier 1,Medium,Supermarket Type1,0.024201905,5,850.8924,114.915
Low Fat,Dairy,117.0492,Tier 1,Medium,Supermarket Type1,0.028461453,5,810.9444,152.234
Low Fat,Frozen Foods,196.3794,Tier 1,Medium,Supermarket Type1,0.086266286,5,3121.2704,147.2076
Low Fat,Frozen Foods,151.4708,Tier 1,Medium,Supermarket Type1,0.005557062,5,4815.0656,122.1414
Low Fat,Frozen Foods,249.0408,Tier 1,Medium,Supermarket Type1,0.013834247,5,6258.52,62.7168
Low Fat,Frozen Foods,106.1622,Tier 1,Medium,Supermarket Type1,0.016637301,5,2117.244,120.9098
Low Fat,Fruits and Vegetables,38.0506,Tier 1,Medium,Supermarket Type1,0.031331581,5,796.9626,111.1228
Low Fat,Fruits and Vegetables,194.511,Tier 1,Medium,Supermarket Type1,0.041459804,5,4910.275,39.2164
Low Fat,Fruits and Vegetables,180.0344,Tier 1,Medium,Supermarket Type1,0,5,892.172,111.9518
Low Fat,Hard Drinks,246.9144,Tier 1,Medium,Supermarket Type1,0.003597678,5,3185.1872,153.8998
Low Fat,Hard Drinks,87.3514,Tier 1,Medium,Supermarket Type1,0.086916126,5,1062.6168,153.3682
Low Fat,Health and Hygiene,38.2848,Tier 1,Medium,Supermarket Type1,0.035247642,5,484.7024,84.7224
Low Fat,Household,51.0692,Tier 1,Medium,Supermarket Type1,0.028365524,5,147.8076,110.0912
Low Fat,Household,255.8356,Tier 1,Medium,Supermarket Type1,0.015186146,5,2543.356,144.947
Low Fat,Household,185.4266,Tier 1,Medium,Supermarket Type1,0.048134591,5,184.4266,107.7622
Low Fat,Household,172.5738,Tier 1,Medium,Supermarket Type1,0.047791878,5,4865.6664,180.766
Low Fat,Household,186.024,Tier 1,Medium,Supermarket Type1,0.007468056,5,1118.544,186.9556
Low Fat,Household,164.8526,Tier 1,Medium,Supermarket Type1,0.113694957,5,2302.3364,253.4724
Low Fat,Household,95.841,Tier 1,Medium,Supermarket Type1,0.067400032,5,2027.361,41.9796
Low Fat,Meat,170.1764,Tier 1,Medium,Supermarket Type1,0.026882496,5,3435.528,126.302
Low Fat,Snack Foods,59.222,Tier 1,Medium,Supermarket Type1,0.010027885,5,599.22,249.6408
Low Fat,Snack Foods,164.7526,Tier 1,Medium,Supermarket Type1,0.028988288,5,4604.6728,239.2222
Low Fat,Snack Foods,189.6188,Tier 1,Medium,Supermarket Type1,0.020600553,5,2285.0256,147.5734
Regular,Baking Goods,254.3698,Tier 1,Medium,Supermarket Type1,0.075868843,5,5580.7356,261.7568
Regular,Baking Goods,114.0176,Tier 1,Medium,Supermarket Type1,0.079419755,5,2290.352,99.8042
Regular,Breads,172.3422,Tier 1,Medium,Supermarket Type1,0.030311951,5,1207.0954,247.4092
Regular,Canned,89.9804,Tier 1,Medium,Supermarket Type1,0.030742083,5,643.1628,85.554
Regular,Dairy,104.9622,Tier 1,Medium,Supermarket Type1,0.02976887,5,1587.933,145.4786
Regular,Dairy,222.5456,Tier 1,Medium,Supermarket Type1,0,5,5305.0944,194.2794
Regular,Frozen Foods,101.87,Tier 1,Medium,Supermarket Type1,0.066833743,5,1697.79,257.2962
Regular,Frozen Foods,180.3344,Tier 1,Medium,Supermarket Type1,0.077284566,5,1427.4752,172.4106
Regular,Frozen Foods,187.9556,Tier 1,Medium,Supermarket Type1,0.09942555,5,4693.89,87.0856
Regular,Meat,194.6136,Tier 1,Medium,Supermarket Type1,0.012477512,5,583.2408,197.111
Regular,Meat,171.3764,Tier 1,Medium,Supermarket Type1,0.026643448,5,3091.9752,37.9532
Regular,Snack Foods,177.0028,Tier 1,Medium,Supermarket Type1,0.027386122,5,2479.4392,259.2304
Regular,Snack Foods,160.992,Tier 1,Medium,Supermarket Type1,0.011443222,5,2716.464,73.5038
Regular,Snack Foods,155.963,Tier 1,Medium,Supermarket Type1,0.058207114,5,3285.723,59.1562
low fat,Health and Hygiene,95.6436,Tier 1,Medium,Supermarket Type1,0.009893817,5,661.8052,50.3034
reg,Baking Goods,117.2808,Tier 1,Medium,Supermarket Type1,0.18614827,5,1523.3504,78.2328
reg,Dairy,122.173,Tier 1,Medium,Supermarket Type1,0.114294512,5,369.519,94.9436
LF,Others,39.9138,Tier 1,Small,Grocery Store,0.023402893,5,690.4346,108.228
Low Fat,Canned,55.1614,Tier 1,Small,Grocery Store,0.196490902,5,1381.535,120.544
Low Fat,Dairy,57.893,Tier 1,Small,Grocery Store,0.24749009,5,622.523,263.1884
Low Fat,Fruits and Vegetables,114.5492,Tier 1,Small,Grocery Store,0.037824735,5,1274.3412,109.7228
Low Fat,Fruits and Vegetables,120.0414,Tier 1,Small,Grocery Store,0.142107998,5,487.3656,150.3734
Low Fat,Fruits and Vegetables,246.046,Tier 1,Small,Grocery Store,0.04506213,5,1231.73,167.5474
Low Fat,Health and Hygiene,187.4556,Tier 1,Small,Grocery Store,0.044000492,5,3755.112,148.2734
Low Fat,Health and Hygiene,149.9708,Tier 1,Small,Grocery Store,0,5,4363.6532,123.473
Low Fat,Health and Hygiene,187.8556,Tier 1,Small,Grocery Store,0.044607722,5,1314.2892,145.976
Low Fat,Health and Hygiene,151.0708,Tier 1,Small,Grocery Store,0.031024168,5,1805.6496,210.5244
Low Fat,Household,178.5344,Tier 1,Small,Grocery Store,0.091924311,5,2854.9504,189.753
Low Fat,Household,179.1028,Tier 1,Small,Grocery Store,0.103188491,5,3896.2616,244.346
Low Fat,Household,38.7822,Tier 1,Small,Grocery Store,0.158562708,5,667.7974,194.711
Low Fat,Household,212.0902,Tier 1,Small,Grocery Store,0.067824456,5,3185.853,167.7842
Low Fat,Meat,141.1838,Tier 1,Small,Grocery Store,0.029299175,5,2247.7408,140.318
Low Fat,Seafood,163.121,Tier 1,Small,Grocery Store,0.128532558,5,1794.331,34.2216
Regular,Breakfast,121.3098,Tier 1,Small,Grocery Store,0.098606543,5,2530.7058,232.73
Regular,Canned,225.372,Tier 1,Small,Grocery Store,0.182236555,5,679.116,107.1622
Regular,Fruits and Vegetables,41.4138,Tier 1,Small,Grocery Store,0.209162936,5,812.276,179.1976
Regular,Meat,232.53,Tier 1,Small,Grocery Store,0.077480627,5,699.09,101.399
Regular,Starchy Foods,102.4016,Tier 1,Small,Grocery Store,0.012327847,5,2732.4432,173.8738
reg,Canned,176.937,Tier 1,Small,Grocery Store,0.014342659,5,176.437,103.7674
reg,Frozen Foods,121.7098,Tier 1,Small,Grocery Store,0,5,4097.3332,83.7566
Low Fat,Baking Goods,173.2054,Tier 1,Small,Supermarket Type1,0.083004078,5,3151.8972,119.4756
Low Fat,Canned,239.0906,Tier 1,Small,Supermarket Type1,0.01043823,5,5942.265,115.8808
Low Fat,Canned,192.4478,Tier 1,Small,Supermarket Type1,0.151405587,5,4843.695,107.728
Low Fat,Canned,109.0228,Tier 1,Small,Supermarket Type1,0.073827748,5,2542.0244,208.8638
Low Fat,Dairy,140.3154,Tier 1,Small,Supermarket Type1,0.028417272,5,2552.6772,154.534
Low Fat,Dairy,227.0694,Tier 1,Small,Supermarket Type1,0.024194731,5,1141.847,36.1874
Low Fat,Frozen Foods,47.5034,Tier 1,Small,Supermarket Type1,0.02687089,5,680.4476,264.491
Low Fat,Fruits and Vegetables,159.0578,Tier 1,Small,Supermarket Type1,0.037581243,5,2085.9514,175.5054
Low Fat,Fruits and Vegetables,92.512,Tier 1,Small,Supermarket Type1,0.034306962,5,186.424,252.3356
Low Fat,Health and Hygiene,190.153,Tier 1,Small,Supermarket Type1,0.044908404,5,3036.048,140.2838
Low Fat,Health and Hygiene,62.7194,Tier 1,Small,Supermarket Type1,0.018905326,5,866.8716,234.659
Low Fat,Household,95.041,Tier 1,Small,Supermarket Type1,0.090562192,5,868.869,198.211
Low Fat,Household,82.4276,Tier 1,Small,Supermarket Type1,0.015687045,5,1137.1864,182.6976
Low Fat,Household,52.7956,Tier 1,Small,Supermarket Type1,0.108030434,5,928.1252,32.4558
Low Fat,Household,151.7682,Tier 1,Small,Supermarket Type1,0.021326471,5,762.341,76.1328
Low Fat,Meat,40.2822,Tier 1,Small,Supermarket Type1,0.010630949,5,707.0796,65.9826
Low Fat,Meat,180.5976,Tier 1,Small,Supermarket Type1,0.032538896,5,7968.2944,165.7842
Low Fat,Snack Foods,160.292,Tier 1,Small,Supermarket Type1,0.116542484,5,1438.128,182.6266
Low Fat,Snack Foods,224.4404,Tier 1,Small,Supermarket Type1,0.052176861,5,6976.2524,122.8072
Low Fat,Snack Foods,101.7016,Tier 1,Small,Supermarket Type1,0.076855628,5,101.2016,161.0236
Low Fat,Snack Foods,188.5188,Tier 1,Small,Supermarket Type1,0.039577173,5,952.094,166.1526
Low Fat,Soft Drinks,116.0492,Tier 1,Small,Supermarket Type1,0.030795085,5,1969.4364,143.3154
Low Fat,Soft Drinks,165.4526,Tier 1,Small,Supermarket Type1,0.107597879,5,5262.4832,58.7904
Regular,Baking Goods,60.5852,Tier 1,Small,Supermarket Type1,0.10039894,5,1314.2892,89.6856
Regular,Baking Goods,90.8172,Tier 1,Small,Supermarket Type1,0.045266806,5,535.3032,36.9874
Regular,Breakfast,132.1284,Tier 1,Small,Supermarket Type1,0.020718655,5,263.6568,130.4994
Regular,Canned,154.5972,Tier 1,Small,Supermarket Type1,0.019768503,5,1402.1748,88.6198
Regular,Dairy,105.1622,Tier 1,Small,Supermarket Type1,0.023322478,5,1693.7952,182.5608
Regular,Frozen Foods,105.5938,Tier 1,Small,Supermarket Type1,0.04712061,5,2143.876,53.1666
Regular,Frozen Foods,177.6344,Tier 1,Small,Supermarket Type1,0.125602951,5,2676.516,100.8358
Regular,Frozen Foods,53.064,Tier 1,Small,Supermarket Type1,0.041571557,5,905.488,49.9376
Regular,Meat,246.3802,Tier 1,Small,Supermarket Type1,0.078060601,5,7370.406,106.3596
Regular,Seafood,226.8404,Tier 1,Small,Supermarket Type1,0.021573645,5,6301.1312,184.6582
Regular,Seafood,160.692,Tier 1,Small,Supermarket Type1,0.146299902,5,1597.92,150.405
Regular,Snack Foods,178.237,Tier 1,Small,Supermarket Type1,0.005963881,5,529.311,99.5358
Regular,Snack Foods,117.5492,Tier 1,Small,Supermarket Type1,0.123710526,5,1969.4364,37.1874
LF,Dairy,50.3692,Tier 2,Medium,Supermarket Type1,0,5,1034.6532,171.5764
LF,Health and Hygiene,161.521,Tier 2,Medium,Supermarket Type1,0,5,1794.331,39.1506
LF,Soft Drinks,197.6426,Tier 2,Medium,Supermarket Type1,0.073697713,5,2768.3964,91.912
Low Fat,Baking Goods,31.29,Tier 2,Medium,Supermarket Type1,0.075701524,5,898.83,124.6388
Low Fat,Baking Goods,226.172,Tier 2,Medium,Supermarket Type1,0.11349714,5,3169.208,56.1956
Low Fat,Breakfast,223.5746,Tier 2,Medium,Supermarket Type1,0.021420031,5,3589.9936,232.0326
Low Fat,Canned,132.5626,Tier 2,Medium,Supermarket Type1,0.089859642,5,262.3252,140.2496
Low Fat,Canned,99.8358,Tier 2,Medium,Supermarket Type1,0.124301968,5,1910.1802,89.7488
Low Fat,Dairy,140.9154,Tier 2,Medium,Supermarket Type1,0.058220302,5,1701.7848,247.4802
Low Fat,Frozen Foods,154.5656,Tier 2,Medium,Supermarket Type1,0.115563679,5,2471.4496,96.0094
Low Fat,Frozen Foods,54.764,Tier 2,Medium,Supermarket Type1,0.12780038,5,1331.6,83.6224
Low Fat,Fruits and Vegetables,97.0094,Tier 2,Medium,Supermarket Type1,0.043651198,5,1808.9786,146.1418
Low Fat,Fruits and Vegetables,222.5456,Tier 2,Medium,Supermarket Type1,0.041479396,5,3315.684,36.8164
Low Fat,Fruits and Vegetables,114.2518,Tier 2,Medium,Supermarket Type1,0.037657459,5,2618.5914,175.8054
Low Fat,Fruits and Vegetables,214.556,Tier 2,Medium,Supermarket Type1,0.072444983,5,2769.728,48.6034
Low Fat,Fruits and Vegetables,233.4958,Tier 2,Medium,Supermarket Type1,0.015591925,5,5375.0034,184.8266
Low Fat,Fruits and Vegetables,216.8824,Tier 2,Medium,Supermarket Type1,0.096929994,5,2838.9712,233.8958
Low Fat,Fruits and Vegetables,125.0046,Tier 2,Medium,Supermarket Type1,0.045761855,5,1743.0644,125.602
Low Fat,Health and Hygiene,198.8084,Tier 2,Small,Supermarket Type1,0.024432767,5,5555.4352,116.4492
Low Fat,Health and Hygiene,61.9194,Tier 2,Small,Supermarket Type1,0.041950753,5,619.194,190.0214
Low Fat,Health and Hygiene,164.821,Tier 2,Small,Supermarket Type1,0.058855357,5,2120.573,79.1618
Low Fat,Household,173.0738,Tier 2,Small,Supermarket Type1,0.024937792,5,3823.0236,148.4392
Low Fat,Household,151.4366,Tier 2,Small,Supermarket Type1,0.105459307,5,1360.2294,84.625
Low Fat,Household,178.8318,Tier 2,Small,Supermarket Type1,0.070712031,5,3969.4996,216.4192
Low Fat,Household,115.1834,Tier 2,Small,Supermarket Type1,0.021468792,5,345.5502,251.675
Low Fat,Household,196.5794,Tier 2,Small,Supermarket Type1,0.177629525,5,585.2382,173.9422
Low Fat,Household,92.6804,Tier 2,Small,Supermarket Type1,0.01433033,5,1010.6844,104.2332
Low Fat,Snack Foods,81.4618,Tier 2,Small,Supermarket Type1,0.03324652,5,161.1236,172.4422
Low Fat,Snack Foods,42.1112,Tier 2,Small,Supermarket Type1,0.041028937,5,42.6112,142.6496
Low Fat,Soft Drinks,157.4604,Tier 2,Small,Supermarket Type1,0,5,3010.7476,189.853
Low Fat,Soft Drinks,153.0656,Tier 2,Small,Supermarket Type1,0.05190652,5,6024.1584,188.1898
Low Fat,Soft Drinks,198.1426,Tier 2,Small,Supermarket Type1,0.067592098,5,988.713,246.0486
Low Fat,Baking Goods,117.944,Tier 2,Small,Supermarket Type1,0.081050006,5,239.688,79.196
Low Fat,Canned,112.8176,Tier 2,Small,Supermarket Type1,0.125210375,5,1374.2112,266.8884
Low Fat,Canned,226.8062,Tier 2,Small,Supermarket Type1,0.13727,5,4739.8302,94.4094
Low Fat,Dairy,100.0016,Tier 2,Small,Supermarket Type1,0.005264755,5,1012.016,264.5884
Low Fat,Frozen Foods,165.7526,Tier 2,Small,Supermarket Type1,0.032811503,5,657.8104,239.6906
Low Fat,Frozen Foods,130.431,Tier 2,Small,Supermarket Type1,0.021984639,5,778.986,191.2162
Low Fat,Frozen Foods,179.766,Tier 2,Small,Supermarket Type1,0.039517121,5,2336.958,243.6802
Low Fat,Fruits and Vegetables,85.0882,Tier 2,Small,Supermarket Type1,0.052274691,5,2233.0932,79.1986
Low Fat,Fruits and Vegetables,103.9648,Tier 2,Small,Supermarket Type1,0.046747071,5,1661.8368,49.9692
Low Fat,Fruits and Vegetables,264.7568,Tier 2,Small,Supermarket Type1,0.020664178,5,4745.8224,50.8324
Low Fat,Hard Drinks,164.1526,Tier 2,Small,Supermarket Type1,0.041065647,5,3124.5994,223.5088
Low Fat,Hard Drinks,50.1324,Tier 2,Small,Supermarket Type1,0.016921927,5,467.3916,178.366
Low Fat,Hard Drinks,182.5976,Tier 2,Small,Supermarket Type1,0.136500981,5,5070.7328,173.3422
Low Fat,Health and Hygiene,37.6164,Tier 2,Small,Supermarket Type1,0.030527166,5,540.6296,33.5874
Low Fat,Health and Hygiene,48.0718,Tier 2,Small,Supermarket Type1,0.048388423,5,992.7078,163.0526
Low Fat,Health and Hygiene,238.8538,Tier 2,Small,Supermarket Type1,0,5,6008.845,149.2708
Low Fat,Health and Hygiene,62.9194,Tier 2,Small,Supermarket Type1,0.05233528,5,2105.2596,108.128
Low Fat,Household,232.63,Tier 2,Small,Supermarket Type1,0.006012413,5,5359.69,163.0526
Low Fat,Household,104.628,Tier 2,High,Supermarket Type1,0.059741172,5,745.696,179.6976
Low Fat,Household,161.8868,Tier 2,High,Supermarket Type1,0.059268885,5,3275.736,246.446
Low Fat,Household,140.2154,Tier 2,High,Supermarket Type1,0.027052013,5,1701.7848,73.9354
Low Fat,Meat,177.937,Tier 2,High,Supermarket Type1,0.033275634,5,6704.606,173.8738
Low Fat,Meat,242.7512,Tier 2,High,Supermarket Type1,0.01005532,5,4119.9704,183.1608
Low Fat,Others,81.5934,Tier 2,High,Supermarket Type1,0.012167988,5,327.5736,190.253
Low Fat,Others,45.7402,Tier 2,High,Supermarket Type1,0.111931193,5,780.9834,108.8912
Low Fat,Snack Foods,189.3846,Tier 2,High,Supermarket Type1,0.092282353,5,3630.6074,227.2352
Low Fat,Snack Foods,107.3622,Tier 2,High,Supermarket Type1,0.012679191,5,317.5866,139.818
Low Fat,Snack Foods,39.7164,Tier 2,High,Supermarket Type1,0.048160824,5,231.6984,188.9898
Regular,Canned,32.99,Tier 2,High,Supermarket Type1,0.032242661,5,133.16,187.624
Regular,Canned,245.1802,Tier 2,High,Supermarket Type1,0.030905215,5,5650.6446,227.6352
Regular,Canned,263.7568,Tier 2,High,Supermarket Type1,0.031330907,5,2636.568,52.364
Regular,Canned,96.0726,Tier 2,High,Supermarket Type1,0.012036432,5,1272.3438,165.7184
Regular,Dairy,161.5552,Tier 2,High,Supermarket Type1,0.063354531,5,324.9104,88.9856
Regular,Dairy,130.0626,Tier 2,High,Supermarket Type1,0.029782937,5,131.1626,146.3786
Regular,Frozen Foods,131.2968,Tier 2,High,Supermarket Type1,0.051596927,5,260.9936,128.0678
Regular,Frozen Foods,260.0936,Tier 2,High,Supermarket Type1,0.054565932,5,260.9936,152.2366
Regular,Fruits and Vegetables,160.6578,Tier 2,High,Supermarket Type1,0.014394261,5,3690.5294,241.3512
Regular,Fruits and Vegetables,40.2822,Tier 2,High,Supermarket Type1,0.053692878,5,1139.1838,222.9088
Regular,Meat,52.9298,Tier 2,High,Supermarket Type1,0.061301149,5,1995.4026,122.1388
Regular,Snack Foods,88.3514,Tier 2,High,Supermarket Type1,0,5,1416.8224,186.4898
Regular,Snack Foods,37.2506,Tier 2,High,Supermarket Type1,0.011148865,5,265.6542,84.854
Regular,Snack Foods,121.7072,Tier 2,High,Supermarket Type1,0.01100413,5,3552.7088,167.1842
Regular,Snack Foods,161.5578,Tier 2,High,Supermarket Type1,0.125528734,5,2406.867,262.191
Regular,Baking Goods,211.956,Tier 2,High,Supermarket Type1,0.044272226,5,213.056,181.395
Regular,Baking Goods,124.173,Tier 2,High,Supermarket Type1,0.100966837,5,2956.152,86.8856
Regular,Baking Goods,152.134,Tier 2,High,Supermarket Type1,0.141406394,5,153.134,50.0008
Regular,Baking Goods,79.7644,Tier 2,High,Supermarket Type1,0.038102203,5,1649.8524,154.0656
Regular,Baking Goods,181.9292,Tier 2,High,Supermarket Type1,0.118025091,5,3101.2964,195.811
Regular,Breads,165.6526,Tier 2,High,Supermarket Type1,0.169137707,5,4769.1254,35.2874
Regular,Canned,170.4764,Tier 2,High,Supermarket Type1,0.154363209,5,3435.528,50.835
Regular,Frozen Foods,86.4198,Tier 2,High,Supermarket Type1,0.047387144,5,1133.8574,50.8666
Regular,Frozen Foods,152.334,Tier 2,High,Supermarket Type1,0.147492524,5,2603.278,141.5838
Regular,Frozen Foods,45.406,Tier 2,High,Supermarket Type1,0,5,605.878,35.1558
Regular,Fruits and Vegetables,192.8846,Tier 2,Medium,Supermarket Type1,0.047036036,5,2293.0152,170.5422
Regular,Fruits and Vegetables,118.7782,Tier 2,Medium,Supermarket Type1,0.160095901,5,119.1782,61.5194
Regular,Meat,92.9804,Tier 2,Medium,Supermarket Type1,0.033951827,5,1929.4884,197.2426
Regular,Meat,109.8912,Tier 2,Medium,Supermarket Type1,0,5,2074.6328,36.6532
Regular,Meat,79.9618,Tier 2,Medium,Supermarket Type1,0.172446822,5,241.6854,47.1376
Regular,Meat,251.3724,Tier 2,Medium,Supermarket Type1,0.065890998,5,6795.1548,167.0816
Regular,Snack Foods,42.7112,Tier 2,Medium,Supermarket Type1,0.067083367,5,639.168,44.0112
Regular,Snack Foods,192.1846,Tier 2,Medium,Supermarket Type1,0.038167453,5,3248.4382,89.4856
Regular,Starchy Foods,227.6062,Tier 2,Medium,Supermarket Type1,0.005620213,5,7222.5984,226.6062
low fat,Health and Hygiene,229.0668,Tier 2,Medium,Supermarket Type1,0.076164013,5,3225.1352,34.0532
reg,Fruits and Vegetables,249.0408,Tier 2,Medium,Supermarket Type1,0.043402224,5,3755.112,197.0742
reg,Fruits and Vegetables,179.3976,Tier 2,Medium,Supermarket Type1,0.13283066,5,3440.8544,190.6872
reg,Snack Foods,163.4552,Tier 2,Medium,Supermarket Type1,0.124410284,5,974.7312,34.3874
LF,Soft Drinks,75.367,Tier 2,Small,Supermarket Type1,0.071064499,5,535.969,114.4518
Low Fat,Baking Goods,262.491,Tier 2,Small,Supermarket Type1,0.047178116,5,5259.82,99.4016
Low Fat,Baking Goods,152.034,Tier 2,Small,Supermarket Type1,0.130390458,5,306.268,77.2328
Low Fat,Baking Goods,112.3886,Tier 2,Small,Supermarket Type1,0.095140088,5,1779.0176,159.9604
Low Fat,Baking Goods,61.451,Tier 2,Small,Supermarket Type1,0.055347985,5,759.012,131.5284
Low Fat,Baking Goods,125.9704,Tier 2,Small,Supermarket Type1,0.060688248,5,1877.556,234.2616
Low Fat,Breads,171.8764,Tier 2,Small,Supermarket Type1,0.092576144,5,3779.0808,121.0098
Low Fat,Canned,41.5796,Tier 2,Small,Supermarket Type1,0.151376958,5,41.2796,108.228
Low Fat,Canned,51.1324,Tier 2,Small,Supermarket Type1,0.031938828,5,259.662,114.1492
Low Fat,Canned,96.341,Tier 2,Small,Supermarket Type1,0.028357839,5,193.082,163.2894
Low Fat,Canned,110.9202,Tier 2,Small,Supermarket Type1,0.042641788,5,1687.803,257.833
Low Fat,Canned,127.5362,Tier 2,Small,Supermarket Type1,0.169776346,5,4655.9394,184.4266
Low Fat,Frozen Foods,225.9404,Tier 2,Small,Supermarket Type1,0.127517605,5,4950.8888,86.0224
Low Fat,Frozen Foods,95.4436,Tier 2,Small,Supermarket Type1,0.036346224,5,1418.154,72.9696
Low Fat,Fruits and Vegetables,246.4144,Tier 2,Small,Supermarket Type1,0.038721734,5,1225.072,115.8808
Low Fat,Fruits and Vegetables,231.03,Tier 2,Small,Supermarket Type1,0.087436672,5,5359.69,109.9228
Low Fat,Hard Drinks,176.237,Tier 2,Small,Supermarket Type1,0.048009081,5,1764.37,157.0946
Low Fat,Health and Hygiene,195.211,Tier 2,Small,Supermarket Type1,0.092865746,5,2553.343,100.6674
Low Fat,Health and Hygiene,43.3454,Tier 2,Small,Supermarket Type1,0.041729735,5,1006.6896,36.3216
Low Fat,Health and Hygiene,85.225,Tier 2,Small,Supermarket Type1,0.089761211,5,1081.925,159.4604
Low Fat,Health and Hygiene,36.7164,Tier 2,Small,Supermarket Type1,0.016104504,5,308.9312,130.2626
Low Fat,Household,178.666,Tier 2,Small,Supermarket Type1,0.029638267,5,2516.724,42.6086
Low Fat,Household,128.831,Tier 2,Small,Supermarket Type1,0.055829496,5,1428.141,140.2496
Low Fat,Household,260.1594,Tier 2,Small,Supermarket Type1,0.033592687,5,2093.2752,108.1912
Low Fat,Household,85.6908,Tier 2,Small,Supermarket Type1,0,5,1929.4884,213.3218
Low Fat,Household,264.0884,Tier 2,Small,Supermarket Type1,0.177236497,5,5829.7448,172.3422
Low Fat,Others,91.4488,Tier 2,Small,Supermarket Type1,0.013363902,5,2082.6224,106.128
Low Fat,Snack Foods,173.1738,Tier 2,Small,Supermarket Type1,0.039484739,5,7298.4996,97.9042
Low Fat,Snack Foods,256.4988,Tier 2,Small,Supermarket Type1,0.107870997,5,7452.9652,181.2634
Low Fat,Snack Foods,110.5202,Tier 2,Small,Supermarket Type1,0.054046706,5,450.0808,119.5466
Low Fat,Snack Foods,250.4408,Tier 2,Small,Supermarket Type1,0.049295686,5,500.6816,194.4478
Low Fat,Soft Drinks,126.202,Tier 2,Small,Supermarket Type1,0.159304333,5,3668.558,226.172
Low Fat,Soft Drinks,103.1964,Tier 2,Small,Supermarket Type1,0.03722507,5,736.3748,182.4634
Regular,Baking Goods,253.0698,Tier 2,Small,Supermarket Type1,0.121563385,5,6088.0752,43.7454
Regular,Baking Goods,101.0016,Tier 2,Small,Supermarket Type1,0.024891881,5,2125.2336,170.9422
Regular,Baking Goods,153.0024,Tier 2,Small,Supermarket Type1,0.058719726,5,2277.036,171.1422
Regular,Canned,190.3846,Tier 2,Small,Supermarket Type1,0.072141818,5,573.2538,183.3924
Regular,Canned,151.1366,Tier 2,Small,Supermarket Type1,0.11454343,5,2267.049,113.7202
Regular,Frozen Foods,147.3734,Tier 2,Small,Supermarket Type1,0.018019662,5,296.9468,181.566
Regular,Fruits and Vegetables,46.306,Tier 2,Small,Supermarket Type1,0.018926773,5,559.272,60.2536
Regular,Fruits and Vegetables,222.1772,Tier 2,Small,Supermarket Type1,0.059790095,5,5559.43,127.4678
Regular,Meat,95.5094,Tier 2,Small,Supermarket Type1,0.024536636,5,1237.7222,106.1306
Regular,Meat,113.5518,Tier 2,Small,Supermarket Type1,0.022054553,5,569.259,195.4452
Regular,Meat,174.0712,Tier 2,Small,Supermarket Type1,0.008734284,5,3866.9664,207.898
Regular,Snack Foods,198.4768,Tier 2,Small,Supermarket Type1,0.005962753,5,1379.5376,102.4358
Regular,Snack Foods,142.7128,Tier 2,Small,Supermarket Type1,0.105276162,5,1869.5664,173.2764
Low Fat,Baking Goods,196.211,Tier 3,Medium,Grocery Store,0.220111117,5,5499.508,153.0024
Low Fat,Frozen Foods,94.3462,Tier 3,Medium,Grocery Store,0.02528802,5,925.462,83.325
Low Fat,Frozen Foods,47.9034,Tier 3,Medium,Grocery Store,0.044991876,5,583.2408,107.228
Low Fat,Fruits and Vegetables,141.4154,Tier 3,Medium,Grocery Store,0.178622919,5,1418.154,177.937
Low Fat,Fruits and Vegetables,80.2644,Tier 3,Medium,Grocery Store,0.113953562,5,942.7728,198.2426
Low Fat,Hard Drinks,99.3384,Tier 3,Medium,Grocery Store,0.117580062,5,2364.9216,36.6532
Low Fat,Health and Hygiene,87.9856,Tier 3,Medium,Grocery Store,0.195721125,5,3251.7672,156.463
Low Fat,Health and Hygiene,125.2678,Tier 3,Medium,Grocery Store,0.032606181,5,254.3356,193.5794
Low Fat,Household,167.0474,Tier 3,Medium,Grocery Store,0.20168772,5,5895.659,162.8868
Low Fat,Household,93.7436,Tier 3,Medium,Grocery Store,0.211306673,5,1134.5232,125.1362
Low Fat,Meat,224.972,Tier 3,High,Grocery Store,0.13564792,5,7696.648,190.8846
Low Fat,Snack Foods,250.5382,Tier 3,High,Grocery Store,0.063081713,5,2775.7202,125.7704
Low Fat,Snack Foods,241.2854,Tier 3,High,Grocery Store,0.016804724,5,5317.0788,163.4552
Low Fat,Snack Foods,98.0068,Tier 3,High,Grocery Store,0.175545889,5,874.8612,163.6868
Low Fat,Soft Drinks,92.6436,Tier 3,High,Grocery Store,0.105265475,5,1039.9796,159.9578
Low Fat,Soft Drinks,235.0958,Tier 3,High,Grocery Store,0.051544658,5,3038.0454,142.5154
Low Fat,Soft Drinks,193.6162,Tier 3,High,Grocery Store,0.02442574,5,3848.324,52.9324
Regular,Baking Goods,59.1904,Tier 3,High,Grocery Store,0.191603334,5,527.3136,87.0514
Regular,Baking Goods,89.1514,Tier 3,High,Grocery Store,0.214681063,5,2390.8878,102.7332
Regular,Breads,60.222,Tier 3,High,Grocery Store,0.190569038,5,1677.816,138.7838
Regular,Dairy,112.7176,Tier 3,High,Grocery Store,0.076097035,5,801.6232,145.8102
Regular,Frozen Foods,115.5834,Tier 3,High,Grocery Store,0.143670179,5,1267.0174,48.4692
Regular,Frozen Foods,148.0076,Tier 3,High,Grocery Store,0.267565911,5,886.8456,194.1478
Regular,Fruits and Vegetables,228.272,Tier 3,High,Grocery Store,0.238831875,5,452.744,88.2514
Low Fat,Baking Goods,147.5392,Tier 3,High,Supermarket Type1,0.081944045,5,3877.6192,36.7164
Low Fat,Breads,146.6418,Tier 3,High,Supermarket Type1,0.020698674,5,4414.254,86.3566
Low Fat,Dairy,122.4388,Tier 3,High,Supermarket Type1,0.028393624,5,5448.9072,153.434
Low Fat,Dairy,223.9404,Tier 3,High,Supermarket Type1,0.136696892,5,4950.8888,264.5568
Low Fat,Frozen Foods,62.6168,Tier 3,High,Supermarket Type1,0.089742065,5,958.752,213.7192
Low Fat,Frozen Foods,149.9708,Tier 3,High,Supermarket Type1,0.124348482,5,1956.1204,118.3124
Low Fat,Fruits and Vegetables,103.2306,Tier 3,High,Supermarket Type1,0.057744249,5,2404.2038,61.2536
Low Fat,Fruits and Vegetables,194.3478,Tier 3,High,Supermarket Type1,0.070133177,5,387.4956,109.8912
Low Fat,Fruits and Vegetables,165.0842,Tier 3,High,Supermarket Type1,0.021312043,5,994.7052,104.9306
Low Fat,Hard Drinks,101.299,Tier 3,High,Supermarket Type1,0.041634206,5,1754.383,188.1872
Low Fat,Household,129.9994,Tier 3,High,Supermarket Type1,0.120396991,5,3340.9844,163.4868
Low Fat,Household,216.7166,Tier 3,High,Supermarket Type1,0.05190268,5,3918.8988,142.247
Low Fat,Household,76.367,Tier 3,High,Supermarket Type1,0.052458358,5,306.268,188.753
Low Fat,Household,158.4604,Tier 3,High,Supermarket Type1,0.160529322,5,4278.4308,59.2562
Low Fat,Household,260.6278,Tier 3,High,Supermarket Type1,0.016979063,5,4425.5726,97.441
Low Fat,Snack Foods,230.9984,Tier 3,High,Supermarket Type1,0.056783389,5,9267.936,214.5218
Low Fat,Snack Foods,76.867,Tier 3,High,Supermarket Type1,0.03315162,5,229.701,170.6422
Low Fat,Soft Drinks,129.3994,Tier 3,High,Supermarket Type1,0.11507174,5,2055.9904,198.2084
Low Fat,Soft Drinks,101.3016,Tier 3,High,Supermarket Type1,0.053327763,5,3339.6528,44.477
Regular,Canned,221.7456,Tier 3,High,Supermarket Type1,0.014720848,5,6410.3224,89.9172
Regular,Canned,122.9046,Tier 3,High,Supermarket Type1,0.02758789,5,1992.0736,86.1856
Regular,Frozen Foods,104.4332,Tier 3,High,Supermarket Type1,0.041536962,5,2870.9296,46.0376
Regular,Frozen Foods,164.5184,Tier 3,High,Supermarket Type1,0.083536989,5,2807.0128,180.3318
Regular,Fruits and Vegetables,88.183,Tier 3,High,Supermarket Type1,0,5,539.298,115.0176
Regular,Fruits and Vegetables,174.3054,Tier 3,High,Supermarket Type1,0.152001201,5,4377.635,252.3382
Regular,Fruits and Vegetables,180.9976,Tier 3,High,Supermarket Type1,0.042923071,5,2716.464,109.8254
Regular,Fruits and Vegetables,190.9504,Tier 3,High,Supermarket Type1,0.035227697,5,383.5008,159.5578
Regular,Fruits and Vegetables,59.5904,Tier 3,High,Supermarket Type1,0.022406575,5,703.0848,225.9036
Regular,Snack Foods,66.3826,Tier 3,High,Supermarket Type1,0.014200671,5,1937.478,187.1872
reg,Snack Foods,182.2608,Tier 3,High,Supermarket Type1,0.061992874,5,3307.6944,60.9562
reg,Starchy Foods,197.611,Tier 3,High,Supermarket Type1,0.005583951,5,3142.576,226.9062
Low Fat,Baking Goods,181.2292,Tier 3,Medium,Supermarket Type2,0.095545715,5,2554.0088,157.3604
Low Fat,Breads,104.0648,Tier 3,Medium,Supermarket Type2,0.021811987,5,1869.5664,163.6184
Low Fat,Breakfast,260.4594,Tier 3,Medium,Supermarket Type2,0.063432676,5,5494.8474,132.8626
Low Fat,Canned,233.1616,Tier 3,Medium,Supermarket Type2,0.154244343,5,6093.4016,77.9986
Low Fat,Dairy,174.0422,Tier 3,Medium,Supermarket Type2,0.045168898,5,2586.633,242.9854
Low Fat,Dairy,55.2956,Tier 3,Medium,Supermarket Type2,0.045492697,5,1255.6988,40.3138
Low Fat,Frozen Foods,141.7496,Tier 3,Medium,Supermarket Type2,0.046043736,5,4093.3384,140.618
Low Fat,Frozen Foods,142.2128,Tier 3,Medium,Supermarket Type2,0.039454924,5,3163.8816,244.0802
Low Fat,Fruits and Vegetables,166.0816,Tier 3,Medium,Supermarket Type2,0.049520593,5,5033.448,147.3734
Low Fat,Fruits and Vegetables,79.9276,Tier 3,Medium,Supermarket Type2,0.036287517,5,1137.1864,121.2756
Low Fat,Hard Drinks,98.77,Tier 3,Medium,Supermarket Type2,0.044430561,5,2696.49,174.208
Low Fat,Health and Hygiene,178.566,Tier 3,Medium,Supermarket Type2,0.046749112,5,898.83,100.4384
Low Fat,Health and Hygiene,118.244,Tier 3,Medium,Supermarket Type2,0.050256604,5,2756.412,127.3336
Low Fat,Health and Hygiene,81.896,Tier 3,Medium,Supermarket Type2,0.035336287,5,878.856,87.0224
Low Fat,Household,58.222,Tier 3,Medium,Supermarket Type2,0.091857904,5,659.142,160.7894
Low Fat,Household,182.6292,Tier 3,Medium,Supermarket Type2,0.110739031,5,182.4292,103.3306
Low Fat,Household,211.4902,Tier 3,Medium,Supermarket Type2,0.076866235,5,3610.6334,247.146
Low Fat,Household,256.4646,Tier 3,Medium,Supermarket Type2,0.034813556,5,5153.292,128.402
Low Fat,Household,108.7596,Tier 3,Medium,Supermarket Type2,0.014280554,5,2588.6304,148.0418
Low Fat,Meat,212.5876,Tier 3,Medium,Supermarket Type2,0.123531974,5,1286.3256,108.2938
Low Fat,Meat,110.1544,Tier 3,Medium,Supermarket Type2,0.02586664,5,1230.3984,88.9172
Low Fat,Meat,60.2194,Tier 3,Medium,Supermarket Type2,0.036184755,5,1733.7432,58.5562
Low Fat,Others,193.8162,Tier 3,Medium,Supermarket Type2,0.009816092,5,384.8324,211.856
Low Fat,Snack Foods,180.0318,Tier 3,Medium,Supermarket Type2,0.057062186,5,3969.4996,212.0218
Low Fat,Snack Foods,176.437,Tier 3,Medium,Supermarket Type2,0.074648119,5,7763.228,253.3724
Low Fat,Snack Foods,41.2112,Tier 3,Medium,Supermarket Type2,0.100055625,5,809.6128,113.3544
Low Fat,Snack Foods,178.6002,Tier 3,Medium,Supermarket Type2,0.067148407,5,1253.7014,200.4084
Low Fat,Snack Foods,195.2768,Tier 3,Medium,Supermarket Type2,0.057546914,5,5715.2272,55.8956
Low Fat,Snack Foods,57.7904,Tier 3,Medium,Supermarket Type2,0.041112694,5,1464.76,139.9496
Low Fat,Snack Foods,169.8106,Tier 3,Medium,Supermarket Type2,0.156012631,5,3251.1014,177.337
Low Fat,Soft Drinks,214.3218,Tier 3,Medium,Supermarket Type2,0,5,4274.436,172.0422
Low Fat,Soft Drinks,231.7958,Tier 3,Medium,Supermarket Type2,0.063146492,5,5375.0034,159.6578
Regular,Breads,38.019,Tier 3,Medium,Supermarket Type2,0.114318263,5,1318.284,142.2838
Regular,Canned,119.4124,Tier 3,Medium,Supermarket Type2,0.029283081,5,2251.7356,175.137
Regular,Canned,37.4506,Tier 3,Medium,Supermarket Type2,0.030211742,5,1176.4686,59.322
Regular,Canned,130.4968,Tier 3,Medium,Supermarket Type2,0,5,3523.4136,41.0454
Regular,Canned,86.2198,Tier 3,Medium,Supermarket Type2,0.162093059,5,610.5386,182.5266
Regular,Dairy,96.4094,Tier 3,Medium,Supermarket Type2,0.184041545,5,1237.7222,110.157
Regular,Frozen Foods,235.1248,Tier 3,Medium,Supermarket Type2,0.011419301,5,474.0496,91.0488
Regular,Fruits and Vegetables,52.6666,Tier 3,Medium,Supermarket Type2,0.06407717,5,717.7324,116.7492
Regular,Fruits and Vegetables,150.5024,Tier 3,Medium,Supermarket Type2,0.014885998,5,2580.6408,234.4958
Regular,Meat,143.2154,Tier 3,Medium,Supermarket Type2,0.042153502,5,2552.6772,44.0112
Regular,Snack Foods,164.021,Tier 3,Medium,Supermarket Type2,0.009979271,5,3914.904,155.763
Regular,Snack Foods,88.5514,Tier 3,Medium,Supermarket Type2,0.038685176,5,796.9626,146.6102
Low Fat,Canned,228.9352,Tier 3,Medium,Supermarket Type3,0.089243504,5,916.1408,139.2496
Low Fat,Canned,191.3504,Tier 3,Medium,Supermarket Type3,0.026552056,5,3259.7568,56.2246
Low Fat,Frozen Foods,84.8908,Tier 3,Medium,Supermarket Type3,0.008792907,5,1677.816,96.7384
Low Fat,Frozen Foods,230.0984,Tier 3,Medium,Supermarket Type3,0.053038775,5,3707.1744,59.5904
Low Fat,Frozen Foods,173.5738,Tier 3,Medium,Supermarket Type3,0.032470108,5,2954.1546,148.9392
Low Fat,Frozen Foods,166.4842,Tier 3,Medium,Supermarket Type3,0.095331433,5,2652.5472,125.5678
Low Fat,Fruits and Vegetables,52.7956,Tier 3,Medium,Supermarket Type3,0,5,1037.3164,231.9642
Low Fat,Fruits and Vegetables,50.9666,Tier 3,Medium,Supermarket Type3,0.024032484,5,717.7324,124.973
Low Fat,Hard Drinks,86.1224,Tier 3,Medium,Supermarket Type3,0.016745264,5,426.112,180.766
Low Fat,Health and Hygiene,231.1668,Tier 3,Medium,Supermarket Type3,0.058198141,5,6911.004,110.4544
Low Fat,Household,211.0244,Tier 3,Medium,Supermarket Type3,0.092564193,5,3811.0392,53.4956
Low Fat,Household,115.3518,Tier 3,Medium,Supermarket Type3,0.12929931,5,2277.036,178.237
Low Fat,Household,48.9034,Tier 3,Medium,Supermarket Type3,0.073879939,5,48.6034,94.0462
Low Fat,Household,212.8218,Tier 3,Medium,Supermarket Type3,0.076183667,5,5770.4886,245.646
Low Fat,Household,40.2138,Tier 3,Medium,Supermarket Type3,0.066969525,5,690.4346,39.2796
Low Fat,Household,110.2886,Tier 3,Medium,Supermarket Type3,0.014153743,5,1890.2062,145.6418
Low Fat,Household,126.2336,Tier 3,Medium,Supermarket Type3,0.019412192,5,3195.84,166.5474
Low Fat,Others,150.1708,Tier 3,Medium,Supermarket Type3,0.117607719,5,1504.708,55.2588
Low Fat,Snack Foods,238.3248,Tier 3,Medium,Supermarket Type3,0.140571971,5,711.0744,154.7998
Low Fat,Snack Foods,174.2422,Tier 3,Medium,Supermarket Type3,0.099478451,5,4311.055,194.4452
Low Fat,Snack Foods,175.4738,Tier 3,Medium,Supermarket Type3,0.033725743,5,521.3214,211.6902
Low Fat,Soft Drinks,59.4562,Tier 3,Medium,Supermarket Type3,0.053113721,5,829.5868,44.377
Regular,Baking Goods,155.5288,Tier 3,Medium,Supermarket Type3,0,5,1571.288,165.5868
Regular,Baking Goods,239.6538,Tier 3,Medium,Supermarket Type3,0.006295472,5,2403.538,122.4098
Regular,Baking Goods,41.6454,Tier 3,Medium,Supermarket Type3,0.139484292,5,83.8908,94.312
Regular,Breakfast,211.0586,Tier 3,Medium,Supermarket Type3,0.156072361,5,844.2344,169.3474
Regular,Canned,127.3336,Tier 3,Medium,Supermarket Type3,0.102226474,5,2940.1728,91.312
Regular,Canned,98.0068,Tier 3,Medium,Supermarket Type3,0.160653682,5,291.6204,185.2266
Regular,Dairy,181.2976,Tier 3,Medium,Supermarket Type3,0.037962696,5,3259.7568,97.5726
Regular,Frozen Foods,226.8036,Tier 3,Medium,Supermarket Type3,0.090473389,5,3415.554,229.7984
Regular,Fruits and Vegetables,256.7672,Tier 3,Medium,Supermarket Type3,0.144338493,5,5624.6784,172.108
Regular,Fruits and Vegetables,190.1846,Tier 3,Medium,Supermarket Type3,0.038313981,5,6687.961,109.957
Regular,Meat,227.1062,Tier 3,Medium,Supermarket Type3,0.172629683,5,5642.655,148.4708
Regular,Snack Foods,196.2426,Tier 3,Medium,Supermarket Type3,0.010928678,5,4943.565,167.0842
Regular,Breakfast,182.6266,Tier 1,Medium,Supermarket Type1,0.069196376,4.9,3135.2522,54.3614
Regular,Starchy Foods,87.4514,Tier 1,Small,Supermarket Type1,0.00704098,4.9,796.9626,173.5738
Low Fat,Frozen Foods,51.535,Tier 1,Small,Grocery Store,0.009585169,4.9,848.895,102.5016
Low Fat,Snack Foods,37.3164,Tier 1,Small,Supermarket Type1,0.066935459,4.9,38.6164,177.537
Regular,Baking Goods,184.5924,Tier 1,Small,Supermarket Type1,0,4.9,4997.4948,38.3848
Regular,Fruits and Vegetables,149.1418,Tier 1,Small,Supermarket Type1,0.005530516,4.9,588.5672,171.179
Regular,Fruits and Vegetables,91.812,Tier 1,Small,Supermarket Type1,0,4.9,372.848,252.3382
Low Fat,Fruits and Vegetables,155.7314,Tier 2,Medium,Supermarket Type1,0.034376537,4.9,155.1314,256.1356
Low Fat,Canned,218.0508,Tier 2,Small,Supermarket Type1,0.053279839,4.9,3038.7112,147.7734
Low Fat,Health and Hygiene,200.2084,Tier 3,Medium,Grocery Store,0.050808821,4.9,1587.2672,33.6874
Regular,Frozen Foods,115.4176,Tier 3,High,Supermarket Type1,0.014075334,4.9,687.1056,176.8344
Low Fat,Household,213.4876,Tier 3,Medium,Supermarket Type2,0.016176344,4.9,1929.4884,192.1478
reg,Baking Goods,223.8404,Tier 3,Medium,Supermarket Type2,0.029680868,4.9,3600.6464,65.0142
Low Fat,Frozen Foods,180.7634,Tier 3,Medium,Supermarket Type3,0.088394115,4.9,2181.1608,194.7452
Low Fat,Health and Hygiene,181.4318,Tier 3,Medium,Supermarket Type3,0,4.9,3428.2042,175.4028
Regular,Snack Foods,105.6648,Tier 1,Medium,Supermarket Type1,0.115857223,4.8,623.1888,179.1028
Low Fat,Others,120.5124,Tier 3,Small,Grocery Store,0.056816465,4.8,2133.2232,132.1284
Regular,Frozen Foods,261.6594,Tier 3,Small,Grocery Store,0.134975628,4.8,3401.5722,260.0936
Regular,Frozen Foods,101.0042,Tier 3,Medium,Supermarket Type2,0.076354362,4.8,1289.6546,192.1846
Regular,Fruits and Vegetables,49.6008,Tier 1,Small,Supermarket Type1,0.062411404,4.8,50.6008,225.9062
Regular,Baking Goods,45.9428,Tier 3,High,Supermarket Type1,0.121485195,4.8,790.9704,40.2454
Regular,Snack Foods,129.2626,Tier 2,Medium,Supermarket Type1,0.160624116,4.8,3147.9024,143.8128
Low Fat,Baking Goods,56.7614,Tier 3,Medium,Supermarket Type3,0.021170542,4.8,2486.763,117.6124
Low Fat,Fruits and Vegetables,141.0812,Tier 1,Medium,Supermarket Type1,0,4.8,1139.8496,128.4652
Low Fat,Fruits and Vegetables,84.3592,Tier 1,Medium,Supermarket Type1,0.033271818,4.8,1816.3024,196.5768
Low Fat,Household,51.935,Tier 1,Medium,Supermarket Type1,0.118858866,4.8,199.74,263.291
Low Fat,Soft Drinks,196.7452,Tier 1,Medium,Supermarket Type1,0.070890602,4.8,978.726,111.686
Low Fat,Soft Drinks,85.854,Tier 1,Medium,Supermarket Type1,0.061159246,4.8,2683.174,92.5436
Regular,Fruits and Vegetables,169.9448,Tier 1,Medium,Supermarket Type1,0.005539114,4.8,2897.5616,167.879
Regular,Snack Foods,260.5594,Tier 1,Medium,Supermarket Type1,0.093801337,4.8,9158.079,126.0704
LF,Frozen Foods,93.212,Tier 1,Small,Grocery Store,0.143591586,4.8,1957.452,213.5534
Low Fat,Baking Goods,40.2822,Tier 1,Small,Grocery Store,0.061999648,4.8,1296.3126,230.001
Low Fat,Dairy,140.3838,Tier 1,Small,Grocery Store,0,4.8,2528.7084,51.235
Low Fat,Snack Foods,38.7138,Tier 1,Small,Grocery Store,0.168455549,4.8,284.2966,211.0612
Regular,Dairy,38.6506,Tier 1,Small,Grocery Store,0.066006824,4.8,759.012,126.2704
Regular,Meat,117.3782,Tier 1,Small,Grocery Store,0.058545606,4.8,1787.673,155.8314
Regular,Snack Foods,111.3228,Tier 1,Small,Grocery Store,0.080127283,4.8,2431.5016,168.7132
Low Fat,Health and Hygiene,173.1764,Tier 1,Small,Supermarket Type1,0.017038777,4.8,4466.1864,112.5228
Low Fat,Others,119.9098,Tier 1,Small,Supermarket Type1,0.047237246,4.8,2048.6666,112.5202
Regular,Fruits and Vegetables,175.437,Tier 1,Small,Supermarket Type1,0.161504957,4.8,1940.807,65.0168
Regular,Snack Foods,88.783,Tier 1,Small,Supermarket Type1,0.010917052,4.8,2067.309,185.3608
Regular,Snack Foods,85.125,Tier 1,Small,Supermarket Type1,0.009763021,4.8,2663.2,226.2404
Low Fat,Baking Goods,192.1846,Tier 2,Medium,Supermarket Type1,0.073816097,4.8,1146.5076,253.4724
Low Fat,Canned,247.846,Tier 2,Medium,Supermarket Type1,0.170152831,4.8,3448.844,182.6266
Low Fat,Health and Hygiene,184.8924,Tier 2,Small,Supermarket Type1,0.097909084,4.8,1665.8316,242.1196
Low Fat,Frozen Foods,184.7266,Tier 2,Small,Supermarket Type1,0.040410039,4.8,8114.7704,52.9298
Low Fat,Others,132.5284,Tier 2,High,Supermarket Type1,0.040187877,4.8,1713.7692,85.6908
Low Fat,Others,56.4246,Tier 2,High,Supermarket Type1,0.020676141,4.8,810.9444,80.6618
Low Fat,Others,84.9224,Tier 2,High,Supermarket Type1,0.183686937,4.8,1193.1136,241.8196
Low Fat,Snack Foods,93.4094,Tier 2,High,Supermarket Type1,0.094201018,4.8,856.8846,115.8834
Regular,Baking Goods,163.8842,Tier 2,High,Supermarket Type1,0.128520186,4.8,165.7842,101.4332
Regular,Canned,151.3366,Tier 2,High,Supermarket Type1,0.153806271,4.8,1057.9562,51.335
Regular,Fruits and Vegetables,185.0608,Tier 2,High,Supermarket Type1,0.038210084,4.8,2205.1296,103.8964
Regular,Frozen Foods,182.3608,Tier 2,High,Supermarket Type1,0.086320509,4.8,2940.1728,48.1692
LF,Household,235.8616,Tier 2,Small,Supermarket Type1,0.075713578,4.8,3046.7008,156.4656
Low Fat,Baking Goods,196.8452,Tier 2,Small,Supermarket Type1,0.101275792,4.8,3327.6684,46.4744
Low Fat,Health and Hygiene,258.3278,Tier 2,Small,Supermarket Type1,0.047888606,4.8,520.6556,42.277
Low Fat,Household,174.837,Tier 2,Small,Supermarket Type1,0.027271252,4.8,2999.429,171.6106
Low Fat,Household,90.0804,Tier 2,Small,Supermarket Type1,0.032762495,4.8,2113.2492,40.0822
LF,Snack Foods,117.8466,Tier 3,Medium,Grocery Store,0.073251428,4.8,942.7728,181.695
Low Fat,Baking Goods,74.0354,Tier 3,Medium,Grocery Store,0.062762374,4.8,75.2354,50.4034
Low Fat,Baking Goods,133.6284,Tier 3,Medium,Grocery Store,0.101231721,4.8,1581.9408,86.254
Low Fat,Fruits and Vegetables,37.4506,Tier 3,Medium,Grocery Store,0.055603753,4.8,37.9506,195.6768
Low Fat,Snack Foods,151.3024,Tier 3,High,Grocery Store,0.049498821,4.8,151.8024,158.792
Low Fat,Meat,248.8092,Tier 3,High,Supermarket Type1,0.025740259,4.8,3486.1288,89.4172
Regular,Breads,195.2478,Tier 3,High,Supermarket Type1,0.142419608,4.8,4262.4516,161.1578
Regular,Soft Drinks,243.9828,Tier 3,High,Supermarket Type1,0.019184026,4.8,731.0484,50.3692
Regular,Starchy Foods,128.8678,Tier 3,High,Supermarket Type1,0.13498355,4.8,1398.8458,184.4924
Low Fat,Dairy,177.966,Tier 3,Medium,Supermarket Type2,0.075885921,4.8,2336.958,165.1158
Low Fat,Dairy,196.5452,Tier 3,Medium,Supermarket Type2,0.036474041,4.8,2348.9424,218.3482
Low Fat,Snack Foods,196.8768,Tier 3,Medium,Supermarket Type2,0.04500603,4.8,7094.7648,174.0054
Low Fat,Soft Drinks,87.4856,Tier 3,Medium,Supermarket Type2,0.030920531,4.8,1054.6272,141.0154
Regular,Fruits and Vegetables,127.831,Tier 3,Medium,Supermarket Type2,0.028238317,4.8,1298.31,46.3744
Regular,Snack Foods,117.815,Tier 3,Medium,Supermarket Type2,0,4.8,2330.3,90.5514
Regular,Fruits and Vegetables,208.9954,Tier 3,Medium,Supermarket Type3,0.048738407,4.8,4584.6988,152.8682
Regular,Meat,263.4568,Tier 3,Medium,Supermarket Type3,0.03670437,4.8,527.3136,228.1352
Regular,Starchy Foods,76.1986,Tier 3,Medium,Supermarket Type3,0.05436436,4.8,1869.5664,63.8168
Low Fat,Baking Goods,106.928,Tier 2,Small,Supermarket Type1,0.175103435,4.7,2876.256,127.5362
Low Fat,Snack Foods,43.6744,Tier 2,Small,Supermarket Type1,0.066922802,4.7,407.4696,174.837
Low Fat,Fruits and Vegetables,201.0742,Tier 2,Small,Supermarket Type1,0.103195401,4.7,2189.8162,117.8466
Regular,Baking Goods,144.0102,Tier 3,Medium,Supermarket Type3,0.078912473,4.7,1603.9122,99.9042
Low Fat,Fruits and Vegetables,82.4908,Tier 3,High,Supermarket Type1,0.03532494,4.7,2013.3792,38.9506
Low Fat,Canned,95.9752,Tier 2,Medium,Supermarket Type1,0.112859454,4.7,95.8752,118.344
LF,Meat,192.8478,Tier 1,Medium,Supermarket Type1,0.083929569,4.7,774.9912,182.4292
Low Fat,Dairy,128.402,Tier 1,Medium,Supermarket Type1,0,4.7,2403.538,175.1028
Low Fat,Frozen Foods,258.5646,Tier 1,Medium,Supermarket Type1,0.017814518,4.7,4380.2982,159.8578
Low Fat,Health and Hygiene,37.819,Tier 1,Medium,Supermarket Type1,0.012657494,4.7,219.714,36.3506
Regular,Breads,49.2034,Tier 1,Medium,Supermarket Type1,0.0160526,4.7,729.051,43.9402
Regular,Breakfast,106.6938,Tier 1,Medium,Supermarket Type1,0.056406129,4.7,1393.5194,231.43
Regular,Canned,163.6526,Tier 1,Medium,Supermarket Type1,0.008204465,4.7,5262.4832,99.8674
Regular,Dairy,46.506,Tier 1,Medium,Supermarket Type1,0.068059156,4.7,372.848,120.344
Regular,Frozen Foods,99.9042,Tier 1,Medium,Supermarket Type1,0,4.7,3273.7386,228.4668
Regular,Snack Foods,231.7642,Tier 1,Medium,Supermarket Type1,0.014234595,4.7,5344.3766,190.2872
Regular,Snack Foods,39.7506,Tier 1,Medium,Supermarket Type1,0.030672457,4.7,303.6048,253.1724
Low Fat,Dairy,156.7288,Tier 1,Small,Grocery Store,0.170213676,4.7,314.2576,89.5856
Low Fat,Snack Foods,56.0614,Tier 1,Small,Grocery Store,0.058092551,4.7,276.307,172.0422
Regular,Frozen Foods,38.9506,Tier 1,Small,Grocery Store,0.076868664,4.7,721.0614,62.1194
Regular,Snack Foods,112.7544,Tier 1,Small,Grocery Store,0.127599399,4.7,3467.4864,118.9098
LF,Dairy,225.9062,Tier 1,Small,Supermarket Type1,0.031898175,4.7,5416.9488,177.4344
Low Fat,Frozen Foods,140.5154,Tier 1,Small,Supermarket Type1,0.007348286,4.7,283.6308,62.8536
Low Fat,Hard Drinks,160.2894,Tier 1,Small,Supermarket Type1,0.070247589,4.7,323.5788,37.5532
Low Fat,Hard Drinks,227.772,Tier 1,Small,Supermarket Type1,0.020920179,4.7,5206.556,143.8128
Low Fat,Health and Hygiene,157.263,Tier 1,Small,Supermarket Type1,0.020951848,4.7,2503.408,255.3672
Low Fat,Health and Hygiene,104.899,Tier 1,Small,Supermarket Type1,0.019386234,4.7,1960.781,126.8994
Low Fat,Meat,184.7924,Tier 1,Small,Supermarket Type1,0.012717946,4.7,370.1848,40.2822
Regular,Canned,49.5376,Tier 1,Small,Supermarket Type1,0.140008554,4.7,95.8752,108.7228
Regular,Dairy,158.1288,Tier 1,Small,Supermarket Type1,0,4.7,3299.7048,88.254
Regular,Frozen Foods,150.2392,Tier 1,Small,Supermarket Type1,0.030247903,4.7,2684.5056,101.399
Regular,Meat,173.3738,Tier 1,Small,Supermarket Type1,0.024541277,4.7,2085.2856,105.1306
Regular,Snack Foods,221.9456,Tier 1,Small,Supermarket Type1,0.038528228,4.7,2210.456,143.9102
Low Fat,Baking Goods,47.4034,Tier 2,Medium,Supermarket Type1,0.030219852,4.7,2187.153,114.7176
Low Fat,Canned,57.2614,Tier 2,Medium,Supermarket Type1,0.098083231,4.7,1049.9666,50.3324
Low Fat,Dairy,145.047,Tier 2,Medium,Supermarket Type1,0.056911107,4.7,2719.793,233.9642
Low Fat,Fruits and Vegetables,54.593,Tier 2,Medium,Supermarket Type1,0.076214289,4.7,56.593,96.541
Low Fat,Health and Hygiene,78.6328,Tier 2,Small,Supermarket Type1,0.020994339,4.7,231.6984,255.6672
Low Fat,Household,195.8426,Tier 2,Small,Supermarket Type1,0.066065799,4.7,5734.5354,61.351
Low Fat,Snack Foods,138.718,Tier 2,High,Supermarket Type1,0.071076055,4.7,1398.18,174.837
Regular,Baking Goods,76.467,Tier 2,High,Supermarket Type1,0.121832956,4.7,1531.34,43.5454
Regular,Snack Foods,160.692,Tier 2,High,Supermarket Type1,0.009958941,4.7,319.584,157.963
Regular,Soft Drinks,43.8744,Tier 2,Medium,Supermarket Type1,0,4.7,633.8416,183.2924
Low Fat,Canned,252.0698,Tier 2,Small,Supermarket Type1,0.089660816,4.7,1014.6792,140.0496
Low Fat,Canned,97.0094,Tier 2,Small,Supermarket Type1,0.035263498,4.7,2094.6068,254.8014
Low Fat,Canned,171.3448,Tier 2,Small,Supermarket Type1,0.10203648,4.7,2386.2272,180.9292
Low Fat,Dairy,34.7558,Tier 2,Small,Supermarket Type1,0.035057688,4.7,780.9834,91.612
Low Fat,Snack Foods,139.8496,Tier 2,Small,Supermarket Type1,0.103731617,4.7,1693.7952,236.9932
Regular,Breads,168.4158,Tier 2,Small,Supermarket Type1,0.016024651,4.7,334.2316,44.0402
Regular,Frozen Foods,168.3816,Tier 2,Small,Supermarket Type1,0.090896452,4.7,1342.2528,231.2984
Regular,Frozen Foods,190.6872,Tier 2,Small,Supermarket Type1,0.062245149,4.7,4916.2672,145.8418
Regular,Fruits and Vegetables,78.696,Tier 2,Small,Supermarket Type1,0.152099033,4.7,1757.712,252.6382
Regular,Fruits and Vegetables,108.5912,Tier 2,Small,Supermarket Type1,0.054584207,4.7,1637.868,193.382
Regular,Meat,84.925,Tier 2,Small,Supermarket Type1,0.069574013,4.7,1747.725,232.8616
LF,Snack Foods,193.4504,Tier 3,Medium,Grocery Store,0.291826616,4.7,2876.256,107.1964
Low Fat,Dairy,139.9838,Tier 3,Medium,Grocery Store,0.008762556,4.7,1966.7732,266.6884
Low Fat,Frozen Foods,106.328,Tier 3,Medium,Grocery Store,0.087559621,4.7,958.752,55.2588
Low Fat,Health and Hygiene,40.2138,Tier 3,Medium,Grocery Store,0.040969757,4.7,81.2276,188.7214
Regular,Frozen Foods,123.4388,Tier 3,High,Grocery Store,0.251094747,4.7,1238.388,156.6288
Regular,Snack Foods,157.892,Tier 3,Small,Grocery Store,0.031069993,4.7,319.584,112.0544
Low Fat,Baking Goods,211.0928,Tier 3,High,Supermarket Type1,0.176069023,4.7,4418.2488,156.7604
Low Fat,Baking Goods,259.7278,Tier 3,High,Supermarket Type1,0.073605395,4.7,2863.6058,249.6724
Low Fat,Health and Hygiene,264.9568,Tier 3,High,Supermarket Type1,0.034445116,4.7,1845.5976,95.8726
Low Fat,Household,93.1804,Tier 3,High,Supermarket Type1,0.096333029,4.7,1561.9668,57.8588
Low Fat,Household,194.1162,Tier 3,High,Supermarket Type1,0.032741422,4.7,3848.324,40.4822
Low Fat,Snack Foods,149.005,Tier 3,High,Supermarket Type1,0.103726639,4.7,2097.27,110.6544
Regular,Baking Goods,81.596,Tier 3,High,Supermarket Type1,0,4.7,639.168,49.2008
Low Fat,Dairy,92.612,Tier 3,Medium,Supermarket Type2,0.102188428,4.7,559.272,54.3956
Low Fat,Frozen Foods,146.5102,Tier 3,Medium,Supermarket Type2,0.071548187,4.7,2770.3938,120.2098
Low Fat,Snack Foods,99.7384,Tier 3,Medium,Supermarket Type2,0.029693277,4.7,295.6152,159.792
Regular,Canned,36.2506,Tier 3,Medium,Supermarket Type2,0.103142373,4.7,37.9506,94.612
Regular,Snack Foods,115.2834,Tier 3,Medium,Supermarket Type2,0.029129907,4.7,1267.0174,188.4898
Regular,Starchy Foods,39.3822,Tier 3,Medium,Supermarket Type2,0.005611367,4.7,353.5398,226.2062
Low Fat,Baking Goods,92.112,Tier 3,Medium,Supermarket Type3,0.10080442,4.7,1118.544,45.4744
Low Fat,Canned,245.9144,Tier 3,Medium,Supermarket Type3,0.082152451,4.7,4655.2736,179.9002
Low Fat,Health and Hygiene,110.2228,Tier 3,Medium,Supermarket Type3,0.030347404,4.7,1547.3192,192.5162
Low Fat,Household,105.3306,Tier 3,Medium,Supermarket Type3,0.041091215,4.7,1045.306,89.5514
Low Fat,Soft Drinks,91.8804,Tier 3,Medium,Supermarket Type3,0.048841794,4.7,275.6412,64.7168
Low Fat,Soft Drinks,212.0928,Tier 3,Medium,Supermarket Type3,0.174232377,4.7,2735.1064,146.6102
Low Fat,Baking Goods,175.5738,Tier 1,Small,Grocery Store,0.113720344,4.6,347.5476,89.9804
Regular,Breakfast,182.7634,Tier 3,Medium,Supermarket Type3,0.039057677,4.6,3817.0314,155.963
Low Fat,Dairy,104.3622,Tier 1,Medium,Supermarket Type1,0.105274111,4.6,1905.5196,39.9138
Low Fat,Dairy,83.825,Tier 1,Small,Supermarket Type1,0.079806266,4.6,665.8,232.53
Low Fat,Household,192.1478,Tier 1,Small,Grocery Store,0.160178832,4.6,2324.9736,160.2894
Regular,Baking Goods,109.2228,Tier 2,Medium,Supermarket Type1,0.062655235,4.6,3205.1612,163.3184
Low Fat,Frozen Foods,189.1846,Tier 3,High,Supermarket Type1,0.065576228,4.6,2101.9306,47.7402
Low Fat,Breads,152.3024,Tier 1,Medium,Supermarket Type1,0.096536082,4.6,1821.6288,162.8552
Low Fat,Dairy,152.2024,Tier 1,Medium,Supermarket Type1,0.049942926,4.6,3643.2576,82.425
Low Fat,Soft Drinks,114.586,Tier 1,Medium,Supermarket Type1,0.027101431,4.6,2942.836,151.7682
Regular,Baking Goods,40.2454,Tier 1,Medium,Supermarket Type1,0.044091657,4.6,587.2356,182.995
Regular,Baking Goods,167.779,Tier 1,Medium,Supermarket Type1,0.053921264,4.6,2886.243,123.0072
Regular,Frozen Foods,110.2886,Tier 1,Medium,Supermarket Type1,0.036083537,4.6,2223.772,175.4712
Regular,Fruits and Vegetables,123.2414,Tier 1,Medium,Supermarket Type1,0.025912378,4.6,487.3656,146.8418
Regular,Snack Foods,211.7218,Tier 1,Medium,Supermarket Type1,0.03858813,4.6,5770.4886,144.6102
Regular,Dairy,117.7466,Tier 1,Small,Grocery Store,0.187443314,4.6,1414.1592,220.4772
Regular,Starchy Foods,188.853,Tier 1,Small,Grocery Store,0.113139486,4.6,5502.837,92.9804
Low Fat,Fruits and Vegetables,76.8354,Tier 1,Small,Supermarket Type1,0.031103357,4.6,2181.8266,159.9578
Low Fat,Household,193.9452,Tier 1,Small,Supermarket Type1,0.031151633,4.6,1565.9616,173.2054
Low Fat,Household,115.1808,Tier 1,Small,Supermarket Type1,0.113518466,4.6,1054.6272,253.5724
Low Fat,Snack Foods,112.9886,Tier 1,Small,Supermarket Type1,0.010012319,4.6,1667.829,250.4408
Low Fat,Soft Drinks,175.6712,Tier 1,Small,Supermarket Type1,0,4.6,2812.3392,147.5102
Regular,Dairy,98.1726,Tier 1,Small,Supermarket Type1,0.029722659,4.6,489.363,143.4786
Regular,Dairy,179.3002,Tier 1,Small,Supermarket Type1,0.014793357,4.6,2865.6032,191.5162
Regular,Snack Foods,90.7462,Tier 1,Small,Supermarket Type1,0.079690403,4.6,1665.8316,113.4544
reg,Baking Goods,143.8154,Tier 1,Small,Supermarket Type1,0.140163038,4.6,2694.4926,94.212
Low Fat,Fruits and Vegetables,83.4934,Tier 2,Medium,Supermarket Type1,0.081328781,4.6,1555.9746,150.0734
Low Fat,Fruits and Vegetables,87.9172,Tier 2,Medium,Supermarket Type1,0.136008489,4.6,3836.3396,171.7106
Low Fat,Fruits and Vegetables,90.7488,Tier 2,Medium,Supermarket Type1,0.014609738,4.6,543.2928,160.4262
Low Fat,Household,196.3794,Tier 2,Small,Supermarket Type1,0.016143389,4.6,1950.794,194.2478
Low Fat,Household,57.3562,Tier 2,Small,Supermarket Type1,0.082921642,4.6,177.7686,175.2054
Low Fat,Household,206.9638,Tier 2,Small,Supermarket Type1,0.023999722,4.6,1035.319,104.0964
Low Fat,Baking Goods,42.8796,Tier 2,Small,Supermarket Type1,0.056235142,4.6,949.4308,102.0016
Low Fat,Canned,160.5578,Tier 2,Small,Supermarket Type1,0.090185027,4.6,1283.6624,140.2496
Low Fat,Meat,59.9878,Tier 2,High,Supermarket Type1,0.014505108,4.6,484.7024,118.415
Low Fat,Soft Drinks,79.5986,Tier 2,High,Supermarket Type1,0.077630199,4.6,934.7832,90.9146
Low Fat,Soft Drinks,48.1034,Tier 2,High,Supermarket Type1,0.096842096,4.6,534.6374,166.1158
Low Fat,Soft Drinks,39.448,Tier 2,High,Supermarket Type1,0.084809658,4.6,878.856,261.191
Regular,Breads,120.1756,Tier 2,High,Supermarket Type1,0.080072603,4.6,1332.9316,228.2036
Regular,Frozen Foods,127.9678,Tier 2,High,Supermarket Type1,0.080804019,4.6,3560.6984,261.1936
Regular,Meat,93.1462,Tier 2,High,Supermarket Type1,0.122123201,4.6,647.8234,100.7674
Regular,Snack Foods,248.675,Tier 2,High,Supermarket Type1,0.157246634,4.6,4993.5,145.6418
Regular,Soft Drinks,240.6854,Tier 2,High,Supermarket Type1,0,4.6,1691.7978,122.573
Regular,Baking Goods,188.7214,Tier 2,High,Supermarket Type1,0.00636189,4.6,1695.7926,121.1098
Regular,Canned,124.0072,Tier 2,High,Supermarket Type1,0.162348584,4.6,4042.7376,185.9266
Regular,Fruits and Vegetables,174.837,Tier 2,Medium,Supermarket Type1,0.005561798,4.6,4763.799,168.379
Regular,Meat,102.6332,Tier 2,Medium,Supermarket Type1,0.092095924,4.6,1640.5312,183.3292
Low Fat,Breads,58.7904,Tier 2,Small,Supermarket Type1,0.020711996,4.6,1288.9888,82.7566
Low Fat,Fruits and Vegetables,112.3886,Tier 2,Small,Supermarket Type1,0.015557426,4.6,2334.9606,184.7266
Low Fat,Health and Hygiene,148.5418,Tier 2,Small,Supermarket Type1,0.077439606,4.6,2207.127,60.6536
Low Fat,Household,145.2102,Tier 2,Small,Supermarket Type1,0.163910938,4.6,437.4306,119.2124
Low Fat,Household,118.4124,Tier 2,Small,Supermarket Type1,0.09911729,4.6,2370.248,210.7902
Low Fat,Meat,189.9214,Tier 2,Small,Supermarket Type1,0.156269303,4.6,5087.3778,159.6578
Low Fat,Snack Foods,101.899,Tier 2,Small,Supermarket Type1,0.11207602,4.6,103.199,58.022
Low Fat,Snack Foods,224.4088,Tier 2,Small,Supermarket Type1,0.010037996,4.6,4697.8848,163.5552
Low Fat,Soft Drinks,158.6578,Tier 2,Small,Supermarket Type1,0.056418354,4.6,2406.867,142.4812
Regular,Frozen Foods,238.3222,Tier 2,Small,Supermarket Type1,0.019930418,4.6,5736.5328,131.531
Regular,Fruits and Vegetables,183.4266,Tier 2,Small,Supermarket Type1,0.115570552,4.6,7192.6374,57.5246
Regular,Meat,220.7798,Tier 2,Small,Supermarket Type1,0.015087112,4.6,6611.394,250.1408
Regular,Meat,142.3496,Tier 2,Small,Supermarket Type1,0.055103174,4.6,3246.4408,149.7734
Regular,Meat,51.6982,Tier 2,Small,Supermarket Type1,0.096495426,4.6,1262.3568,175.6028
Low Fat,Dairy,94.1462,Tier 3,Medium,Grocery Store,0.103419257,4.6,1758.3778,148.105
Low Fat,Dairy,211.5902,Tier 3,Medium,Grocery Store,0.097251621,4.6,4672.5844,245.7802
Low Fat,Dairy,253.1724,Tier 3,Medium,Grocery Store,0.040550868,4.6,3775.086,45.5718
Low Fat,Frozen Foods,147.4102,Tier 3,Medium,Grocery Store,0.060847634,4.6,2478.7734,75.0696
Low Fat,Meat,182.2318,Tier 3,High,Grocery Store,0.016735879,4.6,3067.3406,185.2608
Low Fat,Starchy Foods,105.4622,Tier 3,High,Grocery Store,0.116527666,4.6,3281.7282,261.4252
Low Fat,Baking Goods,46.2744,Tier 3,High,Supermarket Type1,0.060649213,4.6,1086.5856,232.7616
Low Fat,Canned,46.5402,Tier 3,High,Supermarket Type1,0.031918284,4.6,229.701,117.7492
Low Fat,Dairy,102.8674,Tier 3,High,Supermarket Type1,0.061934991,4.6,1528.011,154.4998
Low Fat,Dairy,155.034,Tier 3,High,Supermarket Type1,0.030410273,4.6,1990.742,256.0672
Low Fat,Frozen Foods,95.141,Tier 3,High,Supermarket Type1,0,4.6,868.869,262.691
Low Fat,Health and Hygiene,103.0332,Tier 3,High,Supermarket Type1,0.024456797,4.6,1230.3984,186.6214
Low Fat,Health and Hygiene,187.6556,Tier 3,High,Supermarket Type1,0.016197216,4.6,938.778,108.8596
Low Fat,Household,234.03,Tier 3,High,Supermarket Type1,0.015149955,4.6,4194.54,144.047
Low Fat,Others,194.6136,Tier 3,High,Supermarket Type1,0.047059016,4.6,1166.4816,100.1016
Low Fat,Snack Foods,222.9114,Tier 3,High,Supermarket Type1,0.139301634,4.6,5764.4964,144.976
Low Fat,Snack Foods,37.5506,Tier 3,High,Supermarket Type1,0.007546808,4.6,113.8518,104.1622
Regular,Baking Goods,174.408,Tier 3,High,Supermarket Type1,0.128176489,4.6,7443.644,224.8404
Regular,Breakfast,191.7846,Tier 3,High,Supermarket Type1,0.094488485,4.6,3057.3536,100.7332
Regular,Dairy,83.3224,Tier 3,High,Supermarket Type1,0.0481669,4.6,3579.3408,48.8376
Regular,Frozen Foods,253.1698,Tier 3,High,Supermarket Type1,0.019183756,4.6,1522.0188,83.7592
Regular,Meat,35.4216,Tier 3,High,Supermarket Type1,0.054507422,4.6,450.0808,96.3094
Regular,Snack Foods,76.9012,Tier 3,High,Supermarket Type1,0.065841719,4.6,607.2096,179.866
LF,Breads,120.1098,Tier 3,Medium,Supermarket Type2,0,4.6,1325.6078,217.6166
LF,Dairy,105.3622,Tier 3,Medium,Supermarket Type2,0.02429329,4.6,1270.3464,33.4874
LF,Soft Drinks,43.4112,Tier 3,Medium,Supermarket Type2,0.037383778,4.6,1107.8912,179.7634
Low Fat,Breads,254.104,Tier 3,Medium,Supermarket Type2,0.128728258,4.6,3542.056,155.3314
Low Fat,Canned,95.2752,Tier 3,Medium,Supermarket Type2,0.041273236,4.6,1534.0032,82.4934
Low Fat,Dairy,89.2198,Tier 3,Medium,Supermarket Type2,0.058339153,4.6,1308.297,246.2802
Low Fat,Health and Hygiene,55.393,Tier 3,Medium,Supermarket Type2,0.036382524,4.6,1471.418,177.9028
Regular,Canned,89.6514,Tier 3,Medium,Supermarket Type2,0.032308482,4.6,1239.7196,185.224
Low Fat,Fruits and Vegetables,175.3028,Tier 3,Medium,Supermarket Type3,0.022291121,4.6,3896.2616,93.6094
Low Fat,Meat,214.4218,Tier 3,Medium,Supermarket Type3,0,4.6,1496.0526,109.1938
Low Fat,Meat,151.6708,Tier 3,Medium,Supermarket Type3,0.155541973,4.6,3460.8284,159.7578
Low Fat,Snack Foods,132.1968,Tier 3,Medium,Supermarket Type3,0.141129263,4.6,2870.9296,121.6072
Regular,Fruits and Vegetables,114.7176,Tier 3,Medium,Supermarket Type3,0.158424516,4.6,1259.6936,62.4194
Regular,Fruits and Vegetables,178.2028,Tier 3,Medium,Supermarket Type3,0.043978369,4.6,177.1028,178.4318
Regular,Meat,99.77,Tier 3,Medium,Supermarket Type3,0.036731658,4.6,798.96,177.237
Regular,Meat,212.9902,Tier 3,Medium,Supermarket Type3,0,4.6,3185.853,182.0608
low fat,Health and Hygiene,98.3042,Tier 3,Medium,Supermarket Type3,0.018813776,4.6,1488.063,235.259
reg,Starchy Foods,189.2846,Tier 3,Medium,Supermarket Type3,0.007006883,4.6,5159.2842,173.5738
Low Fat,Household,182.0318,Tier 2,Small,Supermarket Type1,0.028760013,4.5,5954.2494,151.4708
Low Fat,Snack Foods,226.8404,Tier 3,Medium,Supermarket Type2,0.040081193,4.5,4500.808,227.0694
Low Fat,Health and Hygiene,123.0414,Tier 2,Small,Supermarket Type1,0.082316506,4.5,121.8414,160.692
Regular,Baking Goods,185.9556,Tier 3,Medium,Supermarket Type2,0,4.5,4318.3788,132.5626
LF,Breads,121.0782,Tier 3,Small,Grocery Store,0,4.5,3456.1678,196.5794
Regular,Snack Foods,185.8266,Tier 3,Small,Grocery Store,0.150554711,4.5,1659.8394,130.0626
Low Fat,Soft Drinks,127.402,Tier 2,Small,Supermarket Type1,0.06105276,4.5,759.012,95.4436
Low Fat,Snack Foods,159.4578,Tier 1,Small,Supermarket Type1,0.036390174,4.5,4974.1918,91.4488
Low Fat,Household,87.983,Tier 3,Medium,Supermarket Type2,0.099729888,4.5,1707.777,46.306
Low Fat,Household,197.3768,Tier 1,Medium,Supermarket Type1,0.119721451,4.5,7488.9184,95.5094
Low Fat,Breads,116.8124,Tier 2,Small,Supermarket Type1,0.048124443,4.5,2488.7604,216.7166
Regular,Canned,186.7556,Tier 3,Medium,Supermarket Type3,0.011953902,4.5,2816.334,164.5184
Low Fat,Household,101.4674,Tier 3,High,Supermarket Type1,0.009984847,4.5,2954.1546,175.437
Low Fat,Household,255.2698,Tier 3,Medium,Supermarket Type3,0.059776237,4.5,761.0094,231.7642
Low Fat,Baking Goods,199.4426,Tier 2,Medium,Supermarket Type1,0.131152799,4.5,593.2278,78.6328
Regular,Fruits and Vegetables,50.2324,Tier 1,Medium,Supermarket Type1,0.100330684,4.5,1298.31,123.4388
Low Fat,Hard Drinks,46.3376,Tier 3,High,Supermarket Type1,0.066014596,4.5,1150.5024,259.7278
Low Fat,Fruits and Vegetables,237.159,Tier 2,Medium,Supermarket Type1,0.122475364,4.5,3072.667,175.5738
Low Fat,Snack Foods,181.7976,Tier 2,Small,Supermarket Type1,0.128065918,4.5,3259.7568,104.3622
Regular,Canned,152.734,Tier 2,Medium,Supermarket Type1,0.050786366,4.5,2756.412,152.2024
Low Fat,Snack Foods,106.9254,Tier 1,Medium,Supermarket Type1,0,4.5,2930.1858,120.9072
Low Fat,Snack Foods,99.2068,Tier 2,Medium,Supermarket Type1,0.030108283,4.5,97.2068,165.9816
Low Fat,Meat,153.1656,Tier 3,Medium,Grocery Store,0.028009382,4.5,1544.656,141.718
Low Fat,Health and Hygiene,212.5586,Tier 3,High,Supermarket Type1,0.052165855,4.5,3165.879,125.073
Low Fat,Dairy,100.6016,Tier 1,Small,Supermarket Type1,0.13267058,4.5,1619.2256,96.4726
Low Fat,Frozen Foods,194.4478,Tier 3,Medium,Grocery Store,0.062606583,4.5,387.4956,192.2478
Low Fat,Household,36.3216,Tier 1,Medium,Supermarket Type1,0.010008699,4.5,415.4592,176.737
Low Fat,Others,55.893,Tier 2,Medium,Supermarket Type1,0.065026434,4.5,226.372,253.704
Regular,Meat,160.0604,Tier 2,Medium,Supermarket Type1,0.023664054,4.5,1267.6832,226.0404
Low Fat,Others,175.8028,Tier 3,Medium,Grocery Store,0.011314423,4.5,1593.9252,122.973
Low Fat,Baking Goods,147.176,Tier 1,Medium,Supermarket Type1,0.119547387,4.5,585.904,108.9596
Low Fat,Breads,149.605,Tier 1,Medium,Supermarket Type1,0.141108156,4.5,3745.125,128.2994
Low Fat,Canned,104.828,Tier 1,Medium,Supermarket Type1,0.053372768,4.5,1810.976,149.5734
Low Fat,Dairy,167.0474,Tier 1,Medium,Supermarket Type1,0.022099982,4.5,2358.2636,110.1886
Low Fat,Frozen Foods,50.3034,Tier 1,Medium,Supermarket Type1,0.042687151,4.5,145.8102,195.911
Low Fat,Fruits and Vegetables,78.2302,Tier 1,Medium,Supermarket Type1,0.161740582,4.5,554.6114,38.419
Low Fat,Hard Drinks,146.8102,Tier 1,Medium,Supermarket Type1,0.048092816,4.5,3499.4448,159.2946
Low Fat,Health and Hygiene,127.3678,Tier 1,Medium,Supermarket Type1,0.053527105,4.5,1780.3492,185.1608
Low Fat,Health and Hygiene,172.1106,Tier 1,Medium,Supermarket Type1,0.025325897,4.5,2566.659,150.9024
Low Fat,Household,38.2848,Tier 1,Medium,Supermarket Type1,0.031200065,4.5,1230.3984,174.7054
Low Fat,Household,41.548,Tier 1,Medium,Supermarket Type1,0.016135764,4.5,918.804,195.6478
Low Fat,Household,170.7106,Tier 1,Medium,Supermarket Type1,0.028642712,4.5,3079.9908,149.0708
Low Fat,Household,56.9588,Tier 1,Medium,Supermarket Type1,0.041355366,4.5,744.3644,88.7514
Low Fat,Others,179.8002,Tier 1,Medium,Supermarket Type1,0.092060694,4.5,716.4008,183.7608
Low Fat,Seafood,254.7672,Tier 1,Medium,Supermarket Type1,0.073524776,4.5,5113.344,34.8216
Low Fat,Snack Foods,48.5692,Tier 1,Medium,Supermarket Type1,0.136512858,4.5,886.8456,128.7678
Low Fat,Snack Foods,45.5718,Tier 1,Medium,Supermarket Type1,0.093441604,4.5,1039.9796,119.1124
Low Fat,Snack Foods,253.704,Tier 1,Medium,Supermarket Type1,0.108879177,4.5,4554.072,161.5578
Low Fat,Snack Foods,119.7098,Tier 1,Medium,Supermarket Type1,0.01945343,4.5,1807.647,120.8756
Low Fat,Soft Drinks,122.6756,Tier 1,Medium,Supermarket Type1,0.01940856,4.5,2665.8632,156.7972
Low Fat,Starchy Foods,174.3054,Tier 1,Medium,Supermarket Type1,0.060942632,4.5,1751.054,225.6404
Regular,Canned,173.6054,Tier 1,Medium,Supermarket Type1,0.032208865,4.5,2626.581,154.9972
Regular,Canned,120.9072,Tier 1,Medium,Supermarket Type1,0.160951491,4.5,1470.0864,256.1014
Regular,Dairy,165.9816,Tier 1,Medium,Supermarket Type1,0.107223632,4.5,4362.3216,223.5772
Regular,Frozen Foods,164.3842,Tier 1,Medium,Supermarket Type1,0.127066966,4.5,4476.1734,76.5354
Regular,Frozen Foods,248.4092,Tier 1,Medium,Supermarket Type1,0.054540159,4.5,2241.0828,152.1366
Regular,Fruits and Vegetables,264.791,Tier 1,Medium,Supermarket Type1,0.14526636,4.5,4733.838,172.908
Regular,Snack Foods,66.0826,Tier 1,Medium,Supermarket Type1,0.129705008,4.5,258.3304,141.8838
low fat,Dairy,199.0084,Tier 1,Medium,Supermarket Type1,0.035118834,4.5,3174.5344,93.412
Low Fat,Dairy,127.6678,Tier 1,Small,Grocery Store,0.099442329,4.5,2924.8594,233.1642
Low Fat,Fruits and Vegetables,72.3038,Tier 1,Small,Grocery Store,0.226284381,4.5,960.7494,163.221
Low Fat,Household,178.166,Tier 1,Small,Grocery Store,0.129983688,4.5,539.298,93.0462
Low Fat,Household,144.2102,Tier 1,Small,Grocery Store,0.027532258,4.5,2041.3428,185.0608
Low Fat,Household,58.5904,Tier 1,Small,Grocery Store,0.073229342,4.5,996.0368,254.1014
Low Fat,Household,158.992,Tier 1,Small,Grocery Store,0.116750407,4.5,1757.712,195.2478
Low Fat,Household,230.6668,Tier 1,Small,Grocery Store,0.145951533,4.5,1842.9344,160.9552
Low Fat,Others,170.6764,Tier 1,Small,Grocery Store,0.035997636,4.5,3435.528,78.6618
Low Fat,Snack Foods,106.2596,Tier 1,Small,Grocery Store,0.164006137,4.5,1402.1748,113.2834
Low Fat,Snack Foods,211.4244,Tier 1,Small,Grocery Store,0.04690397,4.5,7833.8028,110.657
Low Fat,Snack Foods,87.9198,Tier 1,Small,Grocery Store,0.181114059,4.5,1221.0772,141.647
Low Fat,Soft Drinks,42.8086,Tier 1,Small,Grocery Store,0.171417316,4.5,669.129,173.0738
Regular,Snack Foods,94.541,Tier 1,Small,Grocery Store,0.184359831,4.5,1061.951,172.6764
Regular,Snack Foods,168.1132,Tier 1,Small,Grocery Store,0.117442838,4.5,2874.9244,257.7304
Regular,Snack Foods,241.8854,Tier 1,Small,Grocery Store,0.021471456,4.5,4592.0226,131.0284
Regular,Snack Foods,141.718,Tier 1,Small,Grocery Store,0.170186628,4.5,419.454,159.0262
low fat,Snack Foods,182.8266,Tier 1,Small,Grocery Store,0.059336763,4.5,5163.9448,212.1902
LF,Baking Goods,107.7596,Tier 1,Small,Supermarket Type1,0.035410748,4.5,323.5788,231.401
LF,Fruits and Vegetables,128.402,Tier 1,Small,Supermarket Type1,0.085274988,4.5,1265.02,165.05
Low Fat,Breads,54.793,Tier 1,Small,Supermarket Type1,0.12888573,4.5,622.523,87.6856
Low Fat,Breakfast,111.7202,Tier 1,Small,Supermarket Type1,0,4.5,1125.202,178.437
Low Fat,Dairy,164.1552,Tier 1,Small,Supermarket Type1,0.011539622,4.5,5198.5664,163.5526
Low Fat,Dairy,61.651,Tier 1,Small,Supermarket Type1,0.035064318,4.5,379.506,92.412
Low Fat,Frozen Foods,82.1908,Tier 1,Small,Supermarket Type1,0.083198341,4.5,2432.8332,246.0776
Low Fat,Frozen Foods,110.7228,Tier 1,Small,Supermarket Type1,0,4.5,1657.842,219.4456
Low Fat,Frozen Foods,143.947,Tier 1,Small,Supermarket Type1,0.018410515,4.5,3006.087,252.1698
Low Fat,Fruits and Vegetables,153.4682,Tier 1,Small,Supermarket Type1,0.093454899,4.5,2287.023,175.3712
Low Fat,Fruits and Vegetables,120.3098,Tier 1,Small,Supermarket Type1,0,4.5,1687.1372,255.3988
Low Fat,Health and Hygiene,189.1188,Tier 1,Small,Supermarket Type1,0.025477448,4.5,3237.1196,145.276
Low Fat,Health and Hygiene,82.225,Tier 1,Small,Supermarket Type1,0.015450376,4.5,2746.425,158.9604
Low Fat,Health and Hygiene,81.425,Tier 1,Small,Supermarket Type1,0.163096139,4.5,1331.6,43.0086
Low Fat,Household,53.2614,Tier 1,Small,Supermarket Type1,0.096880574,4.5,607.8754,191.482
Low Fat,Household,106.3938,Tier 1,Small,Supermarket Type1,0.027069402,4.5,857.5504,174.9396
Low Fat,Household,184.824,Tier 1,Small,Supermarket Type1,0.09301462,4.5,4287.752,52.7956
Low Fat,Household,147.2076,Tier 1,Small,Supermarket Type1,0.024651269,4.5,1773.6912,179.5686
Low Fat,Household,46.8402,Tier 1,Small,Supermarket Type1,0,4.5,597.2226,94.1462
Low Fat,Meat,33.4558,Tier 1,Small,Supermarket Type1,0.009998763,4.5,441.4254,182.3608
Low Fat,Snack Foods,55.8588,Tier 1,Small,Supermarket Type1,0.099120588,4.5,1431.47,107.228
Low Fat,Soft Drinks,240.2564,Tier 1,Small,Supermarket Type1,0.037826873,4.5,2860.2768,189.7188
Regular,Canned,86.9514,Tier 1,Small,Supermarket Type1,0.032158866,4.5,3364.9532,154.8972
Regular,Canned,88.6856,Tier 1,Small,Supermarket Type1,0.009058845,4.5,1757.712,103.399
Regular,Canned,89.8856,Tier 1,Small,Supermarket Type1,0.050070476,4.5,966.7416,77.896
Regular,Dairy,115.1834,Tier 1,Small,Supermarket Type1,0.063226306,4.5,1958.1178,87.9856
Regular,Fruits and Vegetables,63.2826,Tier 1,Small,Supermarket Type1,0.050085152,4.5,129.1652,164.7526
low fat,Fruits and Vegetables,38.8138,Tier 1,Small,Supermarket Type1,0.0552059,4.5,365.5242,219.4166
LF,Household,93.7778,Tier 2,Medium,Supermarket Type1,0.021710275,4.5,1783.6782,34.9874
LF,Household,252.2698,Tier 2,Medium,Supermarket Type1,0.081096613,4.5,2790.3678,170.379
LF,Snack Foods,179.3002,Tier 2,Medium,Supermarket Type1,0.010096684,4.5,2328.3026,160.4552
Low Fat,Baking Goods,174.737,Tier 2,Medium,Supermarket Type1,0.131770922,4.5,2822.992,151.1024
Low Fat,Baking Goods,85.1224,Tier 2,Medium,Supermarket Type1,0.076229769,4.5,2045.3376,90.483
Low Fat,Dairy,47.2402,Tier 2,Medium,Supermarket Type1,0.058465268,4.5,505.3422,145.3128
Low Fat,Frozen Foods,102.699,Tier 2,Medium,Supermarket Type1,0.104890428,4.5,3095.97,121.4072
Low Fat,Fruits and Vegetables,233.1958,Tier 2,Medium,Supermarket Type1,0.116484721,4.5,5141.3076,94.1436
Low Fat,Health and Hygiene,54.0298,Tier 2,Small,Supermarket Type1,0.08996026,4.5,808.947,159.5604
Low Fat,Health and Hygiene,100.6332,Tier 2,Small,Supermarket Type1,0.032652796,4.5,2665.8632,190.8162
Low Fat,Health and Hygiene,143.8128,Tier 2,Small,Supermarket Type1,0,4.5,2588.6304,44.1086
Low Fat,Health and Hygiene,125.073,Tier 2,Small,Supermarket Type1,0.113833823,4.5,1108.557,232.83
Low Fat,Household,162.421,Tier 2,Small,Supermarket Type1,0.033176087,4.5,1304.968,120.1124
Low Fat,Household,55.4614,Tier 2,Small,Supermarket Type1,0.041909345,4.5,331.5684,255.0014
Low Fat,Household,180.866,Tier 2,Small,Supermarket Type1,0.16098885,4.5,3235.788,57.8562
Low Fat,Household,95.141,Tier 2,Small,Supermarket Type1,0.021369722,4.5,3089.312,75.8328
Low Fat,Soft Drinks,113.1544,Tier 2,Small,Supermarket Type1,0,4.5,3355.632,111.186
Low Fat,Baking Goods,171.379,Tier 2,Small,Supermarket Type1,0.132248069,4.5,2037.348,150.5024
Low Fat,Baking Goods,126.2046,Tier 2,Small,Supermarket Type1,0.055241242,4.5,1867.569,196.5452
Low Fat,Breads,180.266,Tier 2,Small,Supermarket Type1,0.12961476,4.5,898.83,86.1856
Low Fat,Dairy,172.3422,Tier 2,Small,Supermarket Type1,0.017253305,4.5,7759.899,51.435
Low Fat,Dairy,125.6388,Tier 2,Small,Supermarket Type1,0.024363939,4.5,2848.2924,46.3718
Low Fat,Fruits and Vegetables,94.5462,Tier 2,Small,Supermarket Type1,0.03127929,4.5,2868.9322,160.3578
Low Fat,Fruits and Vegetables,166.0526,Tier 2,Small,Supermarket Type1,0,4.5,3617.9572,212.4586
Low Fat,Fruits and Vegetables,239.4564,Tier 2,Small,Supermarket Type1,0.036490369,4.5,5243.8408,140.8154
Low Fat,Fruits and Vegetables,176.0712,Tier 2,Small,Supermarket Type1,0.026329989,4.5,2109.2544,169.2474
Low Fat,Household,36.1506,Tier 2,Small,Supermarket Type1,0.013253936,4.5,721.0614,56.4614
Low Fat,Household,92.1462,Tier 2,High,Supermarket Type1,0,4.5,1203.1006,115.2176
Low Fat,Household,83.1276,Tier 2,High,Supermarket Type1,0.014355033,4.5,1868.2348,55.4614
Low Fat,Snack Foods,80.5618,Tier 2,High,Supermarket Type1,0.015858893,4.5,322.2472,152.9366
Regular,Breakfast,186.4556,Tier 2,High,Supermarket Type1,0.066383907,4.5,3942.8676,180.4292
Regular,Canned,129.6336,Tier 2,High,Supermarket Type1,0.068263916,4.5,3195.84,104.799
Regular,Dairy,143.5444,Tier 2,High,Supermarket Type1,0.075322658,4.5,3338.3212,116.3176
Regular,Fruits and Vegetables,238.9538,Tier 2,High,Supermarket Type1,0.145335007,4.5,4086.0146,173.108
Regular,Fruits and Vegetables,110.9912,Tier 2,High,Supermarket Type1,0.100060762,4.5,1856.2504,144.0786
Regular,Meat,79.3276,Tier 2,High,Supermarket Type1,0.096709408,4.5,1380.8692,175.8028
Regular,Snack Foods,113.3834,Tier 2,High,Supermarket Type1,0.032976399,4.5,1267.0174,114.6518
Regular,Baking Goods,184.4924,Tier 2,High,Supermarket Type1,0.070312473,4.5,5182.5872,189.6214
Regular,Dairy,145.2418,Tier 2,High,Supermarket Type1,0.139464425,4.5,147.1418,53.2298
Regular,Dairy,58.8904,Tier 2,High,Supermarket Type1,0.047857877,4.5,58.5904,119.7756
Regular,Fruits and Vegetables,186.3924,Tier 2,Medium,Supermarket Type1,0.06457046,4.5,5367.6796,76.2012
Regular,Meat,41.548,Tier 2,Medium,Supermarket Type1,0,4.5,1358.232,122.9388
Regular,Meat,250.2092,Tier 2,Medium,Supermarket Type1,0.174450933,4.5,5976.2208,151.0708
Regular,Meat,117.6124,Tier 2,Medium,Supermarket Type1,0.00878535,4.5,2251.7356,204.998
Regular,Snack Foods,181.1634,Tier 2,Medium,Supermarket Type1,0,4.5,181.7634,191.0872
Regular,Snack Foods,195.4136,Tier 2,Medium,Supermarket Type1,0.009995002,4.5,5443.5808,154.463
low fat,Breads,57.2614,Tier 2,Medium,Supermarket Type1,0,4.5,1547.3192,99.87
Low Fat,Canned,47.1034,Tier 2,Small,Supermarket Type1,0.025822315,4.5,145.8102,262.7226
Low Fat,Canned,112.0202,Tier 2,Small,Supermarket Type1,0.078540095,4.5,5063.409,36.3506
Low Fat,Frozen Foods,178.9318,Tier 2,Small,Supermarket Type1,0.017783501,4.5,3067.3406,159.4578
Low Fat,Frozen Foods,97.6384,Tier 2,Small,Supermarket Type1,0.107021498,4.5,2857.6136,40.5822
Low Fat,Health and Hygiene,87.1856,Tier 2,Small,Supermarket Type1,0.064409056,4.5,1406.1696,126.7704
Low Fat,Household,89.4172,Tier 2,Small,Supermarket Type1,0.08062523,4.5,178.4344,168.379
Low Fat,Household,59.3536,Tier 2,Small,Supermarket Type1,0.021322439,4.5,1470.0864,79.1328
Low Fat,Household,116.2492,Tier 2,Small,Supermarket Type1,0.029003459,4.5,2896.23,143.4786
Low Fat,Others,154.6314,Tier 2,Small,Supermarket Type1,0.020555958,4.5,6515.5188,79.4618
Low Fat,Snack Foods,248.4092,Tier 2,Small,Supermarket Type1,0.058121214,4.5,996.0368,115.8834
Low Fat,Snack Foods,57.4562,Tier 2,Small,Supermarket Type1,0.09619424,4.5,948.0992,210.8612
Low Fat,Soft Drinks,85.6198,Tier 2,Small,Supermarket Type1,0.077178965,4.5,87.2198,93.1146
Low Fat,Soft Drinks,80.1644,Tier 2,Small,Supermarket Type1,0.027054244,4.5,1178.466,151.5682
Low Fat,Soft Drinks,188.4214,Tier 2,Small,Supermarket Type1,0.049070183,4.5,565.2642,61.9168
Regular,Baking Goods,164.5526,Tier 2,Small,Supermarket Type1,0,4.5,2137.8838,51.2666
Regular,Canned,184.1292,Tier 2,Small,Supermarket Type1,0.13312044,4.5,547.2876,221.5798
Regular,Canned,208.5638,Tier 2,Small,Supermarket Type1,0.025162022,4.5,2691.8294,145.9418
Regular,Dairy,108.6912,Tier 2,Small,Supermarket Type1,0.023318068,4.5,3057.3536,182.4608
Regular,Frozen Foods,146.0418,Tier 2,Small,Supermarket Type1,0.077150004,4.5,588.5672,170.2106
Regular,Snack Foods,96.4726,Tier 2,Small,Supermarket Type1,0.029006239,4.5,978.726,186.0898
Regular,Snack Foods,197.511,Tier 2,Small,Supermarket Type1,0.14460413,4.5,2356.932,102.6332
Regular,Snack Foods,162.1552,Tier 2,Small,Supermarket Type1,0.014209811,4.5,3086.6488,188.1872
Regular,Snack Foods,153.2998,Tier 2,Small,Supermarket Type1,0.085119855,4.5,461.3994,229.8668
Regular,Snack Foods,150.505,Tier 2,Small,Supermarket Type1,0.041373331,4.5,2696.49,38.119
Regular,Soft Drinks,117.9466,Tier 2,Small,Supermarket Type1,0.032435437,4.5,1649.8524,124.873
Low Fat,Frozen Foods,62.051,Tier 3,Medium,Grocery Store,0.061381589,4.5,126.502,179.9976
Low Fat,Fruits and Vegetables,119.6124,Tier 3,Medium,Grocery Store,0.064824502,4.5,2014.7108,116.0808
Low Fat,Hard Drinks,112.2518,Tier 3,Medium,Grocery Store,0.120256303,4.5,1707.777,39.2506
Low Fat,Health and Hygiene,94.712,Tier 3,Medium,Grocery Store,0.187918654,4.5,932.12,65.4168
Low Fat,Health and Hygiene,118.344,Tier 3,Medium,Grocery Store,0.119461188,4.5,2157.192,126.3362
Low Fat,Household,184.8582,Tier 3,Medium,Grocery Store,0.155706798,4.5,4643.955,127.9652
Low Fat,Household,33.7216,Tier 3,Medium,Grocery Store,0.047784475,4.5,1280.9992,158.8604
Low Fat,Household,261.991,Tier 3,Medium,Grocery Store,0.058034349,4.5,2366.919,124.802
Low Fat,Snack Foods,49.1692,Tier 3,High,Grocery Store,0.143870574,4.5,886.8456,169.4816
Low Fat,Snack Foods,95.6752,Tier 3,High,Grocery Store,0.111936685,4.5,958.752,198.8084
Low Fat,Snack Foods,36.8532,Tier 3,High,Grocery Store,0.181958524,4.5,1150.5024,161.0578
Regular,Baking Goods,163.3184,Tier 3,High,Grocery Store,0.083056555,4.5,2641.8944,224.4062
Regular,Baking Goods,102.499,Tier 3,High,Grocery Store,0.059540542,4.5,1547.985,143.6444
Regular,Canned,62.0194,Tier 3,High,Grocery Store,0.078057026,4.5,619.194,154.5998
Regular,Canned,147.4076,Tier 3,High,Grocery Store,0.139785104,4.5,2808.3444,196.2426
Regular,Dairy,62.9536,Tier 3,High,Grocery Store,0.23212188,4.5,2266.3832,55.5298
Regular,Frozen Foods,85.6908,Tier 3,High,Grocery Store,0.245483691,4.5,1929.4884,141.8838
Regular,Snack Foods,89.4856,Tier 3,High,Grocery Store,0.029893094,4.5,1054.6272,81.096
Regular,Snack Foods,38.6848,Tier 3,Small,Grocery Store,0.176244038,4.5,1155.8288,173.6764
low fat,Canned,65.7484,Tier 3,Small,Grocery Store,0.163838951,4.5,1174.4712,51.3324
Low Fat,Baking Goods,154.1314,Tier 3,High,Supermarket Type1,0,4.5,3412.8908,88.054
Low Fat,Breakfast,150.1708,Tier 3,High,Supermarket Type1,0.021358889,4.5,300.9416,232.3326
Low Fat,Canned,192.2478,Tier 3,High,Supermarket Type1,0.169667145,4.5,387.4956,183.5266
Low Fat,Dairy,112.886,Tier 3,High,Supermarket Type1,0.101689151,4.5,2942.836,54.6956
Low Fat,Frozen Foods,226.3036,Tier 3,High,Supermarket Type1,0.116815953,4.5,4098.6648,75.567
Low Fat,Fruits and Vegetables,45.0744,Tier 3,High,Supermarket Type1,0.03625493,4.5,452.744,141.0154
Low Fat,Fruits and Vegetables,178.3344,Tier 3,High,Supermarket Type1,0.099674817,4.5,3211.8192,112.2518
Low Fat,Household,162.2868,Tier 3,High,Supermarket Type1,0,4.5,2620.5888,169.379
Low Fat,Household,155.5288,Tier 3,High,Supermarket Type1,0.04767798,4.5,1414.1592,181.466
Low Fat,Snack Foods,110.1544,Tier 3,High,Supermarket Type1,0.029914022,4.5,1565.9616,166.2816
Low Fat,Snack Foods,65.9484,Tier 3,High,Supermarket Type1,0.01575657,4.5,1043.9744,153.1366
Low Fat,Soft Drinks,121.844,Tier 3,High,Supermarket Type1,0.041581725,4.5,3115.944,163.3526
Regular,Canned,145.3102,Tier 3,High,Supermarket Type1,0.02076385,4.5,729.051,89.0488
Regular,Dairy,125.173,Tier 3,High,Supermarket Type1,0.009613854,4.5,2956.152,122.973
Regular,Fruits and Vegetables,263.0568,Tier 3,High,Supermarket Type1,0.077254736,4.5,527.3136,257.633
Regular,Fruits and Vegetables,178.437,Tier 3,High,Supermarket Type1,0.106238768,4.5,1058.622,176.1396
Regular,Snack Foods,84.1592,Tier 3,High,Supermarket Type1,0.017844609,4.5,1320.9472,81.396
reg,Snack Foods,131.9942,Tier 3,High,Supermarket Type1,0.078339081,4.5,3047.3666,172.9422
LF,Frozen Foods,217.6192,Tier 3,Medium,Supermarket Type2,0.013692598,4.5,1725.7536,259.7304
LF,Starchy Foods,144.847,Tier 3,Medium,Supermarket Type2,0,4.5,143.147,253.004
Low Fat,Baking Goods,41.5138,Tier 3,Medium,Supermarket Type2,0,4.5,446.7518,111.8544
Low Fat,Canned,35.019,Tier 3,Medium,Supermarket Type2,0.170500183,4.5,585.904,184.1266
Low Fat,Frozen Foods,210.3586,Tier 3,Medium,Supermarket Type2,0.119871307,4.5,6331.758,248.3434
Low Fat,Fruits and Vegetables,153.4656,Tier 3,Medium,Supermarket Type2,0.111122936,4.5,1853.5872,189.2846
Low Fat,Fruits and Vegetables,149.105,Tier 3,Medium,Supermarket Type2,0.041533438,4.5,2247.075,119.8466
Low Fat,Hard Drinks,32.89,Tier 3,Medium,Supermarket Type2,0.066338717,4.5,33.29,261.4278
Low Fat,Health and Hygiene,146.6734,Tier 3,Medium,Supermarket Type2,0.016276741,4.5,445.4202,109.8596
Low Fat,Health and Hygiene,164.6526,Tier 3,Medium,Supermarket Type2,0.027827268,4.5,657.8104,65.6168
Low Fat,Household,74.4696,Tier 3,Medium,Supermarket Type2,0.090558833,4.5,223.7088,112.6176
Low Fat,Soft Drinks,33.1216,Tier 3,Medium,Supermarket Type2,0.151180862,4.5,727.0536,47.5692
Regular,Dairy,111.1912,Tier 3,Medium,Supermarket Type2,0.030634813,4.5,218.3824,212.9244
Regular,Fruits and Vegetables,119.5756,Tier 3,Medium,Supermarket Type2,0.060045008,4.5,2665.8632,128.3678
Regular,Snack Foods,196.6768,Tier 3,Medium,Supermarket Type2,0,4.5,591.2304,179.766
Low Fat,Breads,142.6786,Tier 3,Medium,Supermarket Type3,0.068765925,4.5,2311.6576,216.9166
Low Fat,Breads,224.772,Tier 3,Medium,Supermarket Type3,0.08139146,4.5,7017.532,177.837
Low Fat,Dairy,180.6002,Tier 3,Medium,Supermarket Type3,0.055121892,4.5,895.501,196.7768
Low Fat,Dairy,243.8144,Tier 3,Medium,Supermarket Type3,0.005209791,4.5,4655.2736,265.2884
Low Fat,Frozen Foods,98.2042,Tier 3,Medium,Supermarket Type3,0.065272284,4.5,198.4084,256.1646
Low Fat,Frozen Foods,73.3354,Tier 3,Medium,Supermarket Type3,0,4.5,451.4124,225.3062
Low Fat,Frozen Foods,49.7008,Tier 3,Medium,Supermarket Type3,0.063462048,4.5,50.6008,157.563
Low Fat,Health and Hygiene,102.1332,Tier 3,Medium,Supermarket Type3,0.077079177,4.5,615.1992,61.5536
Low Fat,Household,126.1704,Tier 3,Medium,Supermarket Type3,0.142589751,4.5,876.1928,35.919
Low Fat,Household,128.1652,Tier 3,Medium,Supermarket Type3,0.091042211,4.5,2454.1388,162.6894
Low Fat,Household,250.4724,Tier 3,Medium,Supermarket Type3,0.052247806,4.5,251.6724,190.853
Low Fat,Household,159.0946,Tier 3,Medium,Supermarket Type3,0.072317217,4.5,4102.6596,160.792
Low Fat,Household,177.766,Tier 3,Medium,Supermarket Type3,0.05911748,4.5,2696.49,181.5976
Low Fat,Household,86.9198,Tier 3,Medium,Supermarket Type3,0.09370568,4.5,1569.9564,253.8698
Low Fat,Others,188.653,Tier 3,Medium,Supermarket Type3,0.0311868,4.5,189.753,39.548
Regular,Baking Goods,192.7478,Tier 3,Medium,Supermarket Type3,0.02524761,4.5,3099.9648,81.9934
Regular,Canned,61.4194,Tier 3,Medium,Supermarket Type3,0.046408928,4.5,743.0328,153.2998
Regular,Frozen Foods,177.8002,Tier 3,Medium,Supermarket Type3,0.00799548,4.5,1611.9018,78.5618
Regular,Frozen Foods,108.7228,Tier 3,Medium,Supermarket Type3,0.041273391,4.5,1215.7508,91.6804
Regular,Frozen Foods,184.2608,Tier 3,Medium,Supermarket Type3,0.042270751,4.5,367.5216,162.521
Regular,Fruits and Vegetables,120.8756,Tier 3,Medium,Supermarket Type3,0.028842332,4.5,3150.5656,81.496
Regular,Snack Foods,181.766,Tier 3,Medium,Supermarket Type3,0.013951504,4.5,7370.406,199.9084
Regular,Soft Drinks,209.2586,Tier 3,Medium,Supermarket Type3,0.044767032,4.5,2954.8204,173.7054
low fat,Baking Goods,47.7402,Tier 3,Medium,Supermarket Type3,0.037315469,4.5,643.1628,50.0034
low fat,Breads,88.4172,Tier 3,Medium,Supermarket Type3,0.024407061,4.5,89.2172,102.3332
low fat,Health and Hygiene,176.737,Tier 3,Medium,Supermarket Type3,0.020876485,4.5,4940.236,133.7942
reg,Dairy,41.577,Tier 3,Medium,Supermarket Type3,0.067624438,4.5,735.709,120.944
Low Fat,Household,196.6794,Tier 3,High,Supermarket Type1,0,4.4,1170.4764,53.8614
Low Fat,Snack Foods,101.799,Tier 3,Medium,Supermarket Type3,0.026480954,4.4,1135.189,87.6198
Low Fat,Hard Drinks,211.8902,Tier 1,Medium,Supermarket Type1,0.071958197,4.4,3823.0236,38.0506
Regular,Fruits and Vegetables,195.0478,Tier 2,Small,Supermarket Type1,0.07461309,4.4,1549.9824,187.4556
Low Fat,Snack Foods,58.3588,Tier 3,Medium,Supermarket Type2,0.034027909,4.4,114.5176,212.0902
Low Fat,Canned,63.2826,Tier 3,Medium,Supermarket Type2,0.011307038,4.4,1033.3216,188.5188
Regular,Meat,145.1418,Tier 3,High,Supermarket Type1,0.057373797,4.4,4561.3958,151.4366
Regular,Fruits and Vegetables,163.1236,Tier 1,Small,Grocery Store,0.09415375,4.4,2416.854,165.7526
Low Fat,Fruits and Vegetables,176.8686,Tier 3,Medium,Supermarket Type2,0.020631654,4.4,2133.2232,50.1324
Low Fat,Baking Goods,85.2198,Tier 3,Medium,Supermarket Type3,0.078362484,4.4,1482.7366,177.937
Regular,Snack Foods,121.5098,Tier 1,Small,Grocery Store,0.082741482,4.4,2892.2352,118.7782
Regular,Frozen Foods,33.0558,Tier 2,Small,Supermarket Type1,0.049559042,4.4,984.7182,246.4144
Low Fat,Baking Goods,185.424,Tier 3,High,Supermarket Type1,0.014618973,4.4,745.696,85.225
Low Fat,Fruits and Vegetables,92.7436,Tier 3,High,Supermarket Type1,0.10550944,4.4,1323.6104,85.6908
Low Fat,Baking Goods,110.4228,Tier 1,Small,Supermarket Type1,0.029691762,4.4,1547.3192,92.6436
Regular,Fruits and Vegetables,55.5298,Tier 1,Small,Supermarket Type1,0.102920886,4.4,647.1576,130.4968
Regular,Canned,128.7994,Tier 1,Small,Supermarket Type1,0.011995271,4.4,1798.9916,184.5924
Regular,Breads,166.3526,Tier 2,Small,Supermarket Type1,0.056580228,4.4,1973.4312,105.6648
Low Fat,Health and Hygiene,57.0246,Tier 2,Small,Supermarket Type1,0.01619866,4.4,1737.738,129.2626
Low Fat,Dairy,114.715,Tier 1,Small,Supermarket Type1,0.020870744,4.4,1864.24,117.3782
Low Fat,Baking Goods,168.1474,Tier 2,Small,Supermarket Type1,0.005677876,4.4,1516.0266,184.8924
Low Fat,Meat,253.704,Tier 3,Small,Grocery Store,0.054463442,4.4,5060.08,163.8842
Low Fat,Health and Hygiene,78.296,Tier 1,Small,Grocery Store,0.098031771,4.4,2157.192,151.3024
Low Fat,Household,226.0404,Tier 2,Medium,Supermarket Type1,0,4.4,5400.9696,117.815
Low Fat,Frozen Foods,177.637,Tier 1,Medium,Supermarket Type1,0.026384672,4.4,5469.547,208.9954
LF,Frozen Foods,172.8396,Tier 3,Medium,Supermarket Type3,0.026749991,4.4,174.4396,106.928
Low Fat,Others,105.728,Tier 2,Small,Supermarket Type1,0.015673267,4.4,1278.336,145.047
Regular,Fruits and Vegetables,120.644,Tier 3,Medium,Supermarket Type3,0.065316099,4.4,1917.504,189.9214
Low Fat,Snack Foods,128.1678,Tier 3,Medium,Supermarket Type3,0.115978122,4.4,1017.3424,183.4266
Low Fat,Snack Foods,104.2964,Tier 3,Medium,Supermarket Type3,0.0350152,4.4,1998.7316,182.0318
Low Fat,Dairy,57.9272,Tier 3,Medium,Supermarket Type3,0.044767801,4.4,615.1992,241.8854
Low Fat,Household,39.1822,Tier 3,Medium,Supermarket Type2,0.080968973,4.4,314.2576,171.379
Regular,Meat,122.973,Tier 3,Medium,Supermarket Type3,0.150341867,4.4,123.173,83.1276
Regular,Canned,48.2034,Tier 3,Medium,Supermarket Type3,0,4.4,1020.6714,154.6314
Regular,Seafood,46.7744,Tier 2,Small,Supermarket Type1,0.021569566,4.4,1222.4088,184.8582
Low Fat,Household,120.2124,Tier 1,Small,Supermarket Type1,0.184843579,4.4,474.0496,33.1216
Low Fat,Fruits and Vegetables,250.9066,Tier 2,Medium,Supermarket Type1,0,4.4,1506.0396,110.4228
Low Fat,Dairy,150.5682,Tier 2,Medium,Supermarket Type1,0.090153756,4.4,762.341,143.2154
LF,Household,184.2292,Tier 1,Medium,Supermarket Type1,0.177545624,4.4,1277.0044,172.4422
LF,Others,147.6076,Tier 1,Medium,Supermarket Type1,0.120467994,4.4,3547.3824,145.147
LF,Snack Foods,181.395,Tier 1,Medium,Supermarket Type1,0.033952603,4.4,6042.135,148.2076
Low Fat,Breads,192.2162,Tier 1,Medium,Supermarket Type1,0,4.4,384.8324,229.4668
Low Fat,Canned,110.6886,Tier 1,Medium,Supermarket Type1,0.089144149,4.4,1223.0746,144.9786
Low Fat,Canned,200.0084,Tier 1,Medium,Supermarket Type1,0.153857402,4.4,2182.4924,76.3986
Low Fat,Frozen Foods,123.473,Tier 1,Medium,Supermarket Type1,0.015484763,4.4,1478.076,211.9928
Low Fat,Fruits and Vegetables,143.2154,Tier 1,Medium,Supermarket Type1,0.031097948,4.4,1418.154,103.899
Low Fat,Hard Drinks,239.2196,Tier 1,Medium,Supermarket Type1,0.034457776,4.4,5061.4116,113.3834
Low Fat,Hard Drinks,161.7578,Tier 1,Medium,Supermarket Type1,0,4.4,2888.2404,125.9362
Low Fat,Household,172.1422,Tier 1,Medium,Supermarket Type1,0.025742955,4.4,5518.1504,197.1084
Low Fat,Household,35.2874,Tier 1,Medium,Supermarket Type1,0.014045832,4.4,741.0354,222.7746
Low Fat,Household,241.7538,Tier 1,Medium,Supermarket Type1,0.039306822,4.4,9133.4444,150.7366
Low Fat,Others,101.199,Tier 1,Medium,Supermarket Type1,0,4.4,1857.582,65.0142
Low Fat,Soft Drinks,143.3154,Tier 1,Medium,Supermarket Type1,0.094366079,4.4,2836.308,190.9872
Low Fat,Soft Drinks,150.8392,Tier 1,Medium,Supermarket Type1,0.030842963,4.4,2982.784,143.1154
Low Fat,Soft Drinks,165.9816,Tier 1,Medium,Supermarket Type1,0.053455158,4.4,167.7816,43.677
Regular,Baking Goods,127.3336,Tier 1,Medium,Supermarket Type1,0.039101813,4.4,1150.5024,208.8296
Regular,Baking Goods,259.2646,Tier 1,Medium,Supermarket Type1,0.106918052,4.4,9275.9256,183.5634
Regular,Baking Goods,219.3482,Tier 1,Medium,Supermarket Type1,0.062625641,4.4,5038.1086,165.3184
Regular,Baking Goods,152.3366,Tier 1,Medium,Supermarket Type1,0.022976493,4.4,2115.9124,240.3538
Regular,Dairy,80.3644,Tier 1,Medium,Supermarket Type1,0.009636821,4.4,1885.5456,121.873
Regular,Dairy,115.6808,Tier 1,Medium,Supermarket Type1,0.171093639,4.4,703.0848,155.663
Regular,Frozen Foods,140.718,Tier 1,Medium,Supermarket Type1,0.150248468,4.4,2656.542,155.2288
Regular,Fruits and Vegetables,33.3558,Tier 1,Medium,Supermarket Type1,0.074743226,4.4,713.0718,187.6556
Regular,Fruits and Vegetables,154.4998,Tier 1,Medium,Supermarket Type1,0.081879864,4.4,1691.7978,91.7488
Regular,Fruits and Vegetables,80.196,Tier 1,Medium,Supermarket Type1,0.049051717,4.4,2157.192,152.4682
Regular,Fruits and Vegetables,196.8768,Tier 1,Medium,Supermarket Type1,0.079837509,4.4,2561.9984,102.1332
Regular,Fruits and Vegetables,119.7756,Tier 1,Medium,Supermarket Type1,0.029700018,4.4,2059.9852,140.3838
Regular,Fruits and Vegetables,109.2886,Tier 1,Medium,Supermarket Type1,0.048010812,4.4,1334.2632,187.7556
Regular,Meat,248.375,Tier 1,Medium,Supermarket Type1,0.094807042,4.4,10236.675,213.356
Regular,Snack Foods,51.464,Tier 1,Medium,Supermarket Type1,0.045052492,4.4,692.432,102.6016
Regular,Snack Foods,114.0176,Tier 1,Medium,Supermarket Type1,0.149598628,4.4,1488.7288,179.466
Regular,Snack Foods,228.9694,Tier 1,Medium,Supermarket Type1,0,4.4,6622.7126,110.0544
Regular,Soft Drinks,260.4594,Tier 1,Medium,Supermarket Type1,0,4.4,3139.9128,43.0086
Regular,Soft Drinks,65.8826,Tier 1,Medium,Supermarket Type1,0.128126825,4.4,1614.565,183.6924
Regular,Starchy Foods,38.319,Tier 1,Medium,Supermarket Type1,0.142632186,4.4,585.904,172.3448
reg,Dairy,169.379,Tier 1,Medium,Supermarket Type1,0.071958197,4.4,5602.707,195.3794
reg,Fruits and Vegetables,117.1808,Tier 1,Medium,Supermarket Type1,0.02502991,4.4,703.0848,218.4508
LF,Baking Goods,77.2986,Tier 1,Small,Grocery Store,0.024387984,4.4,1012.6818,92.4462
Low Fat,Dairy,261.2936,Tier 1,Small,Grocery Store,0.184035253,4.4,3131.9232,42.2138
Low Fat,Frozen Foods,65.4826,Tier 1,Small,Grocery Store,0.150806666,4.4,258.3304,149.0076
Low Fat,Fruits and Vegetables,176.1054,Tier 1,Small,Grocery Store,0.030516069,4.4,4027.4242,227.801
Low Fat,Fruits and Vegetables,176.037,Tier 1,Small,Grocery Store,0.065872936,4.4,352.874,113.1886
Low Fat,Fruits and Vegetables,152.2366,Tier 1,Small,Grocery Store,0.104784329,4.4,2418.1856,150.4366
Low Fat,Fruits and Vegetables,257.6646,Tier 1,Small,Grocery Store,0.045465958,4.4,2061.3168,120.8414
Low Fat,Health and Hygiene,144.476,Tier 1,Small,Grocery Store,0.084245356,4.4,146.476,164.6526
Low Fat,Household,263.991,Tier 1,Small,Grocery Store,0.158096128,4.4,4207.856,86.3882
Low Fat,Meat,65.8168,Tier 1,Small,Grocery Store,0.046994717,4.4,830.9184,125.802
Low Fat,Others,144.3102,Tier 1,Small,Grocery Store,0.113212516,4.4,145.8102,254.604
Low Fat,Snack Foods,78.796,Tier 1,Small,Grocery Store,0.019671473,4.4,1198.44,214.756
Low Fat,Snack Foods,86.0198,Tier 1,Small,Grocery Store,0.114243048,4.4,87.2198,174.937
Low Fat,Snack Foods,102.199,Tier 1,Small,Grocery Store,0.079261744,4.4,1960.781,81.825
Regular,Dairy,147.476,Tier 1,Small,Grocery Store,0.208662546,4.4,2929.52,231.83
Regular,Frozen Foods,189.3556,Tier 1,Small,Grocery Store,0.232072674,4.4,2253.0672,229.4668
Regular,Frozen Foods,39.8506,Tier 1,Small,Grocery Store,0.060154968,4.4,75.9012,110.1544
Regular,Meat,157.663,Tier 1,Small,Grocery Store,0.08234117,4.4,2190.482,185.7608
Regular,Snack Foods,140.2496,Tier 1,Small,Grocery Store,0.019114349,4.4,1693.7952,182.1608
Regular,Starchy Foods,145.676,Tier 1,Small,Grocery Store,0.23653561,4.4,3661.9,184.1924
low fat,Dairy,37.9532,Tier 1,Small,Grocery Store,0.210021713,4.4,862.8768,44.2744
LF,Frozen Foods,94.0462,Tier 1,Small,Supermarket Type1,0.02288328,4.4,1850.924,261.2594
Low Fat,Baking Goods,177.837,Tier 1,Small,Supermarket Type1,0,4.4,6351.732,102.9016
Low Fat,Baking Goods,102.1016,Tier 1,Small,Supermarket Type1,0.075959623,4.4,3542.056,112.4544
Low Fat,Breads,151.9708,Tier 1,Small,Supermarket Type1,0.096386227,4.4,3611.2992,163.5552
Low Fat,Canned,172.8396,Tier 1,Small,Supermarket Type1,0.136497913,4.4,7152.0236,96.3094
Low Fat,Dairy,262.191,Tier 1,Small,Supermarket Type1,0.045308131,4.4,6048.793,42.5138
Low Fat,Frozen Foods,145.9102,Tier 1,Small,Supermarket Type1,0.06356617,4.4,2187.153,151.3708
Low Fat,Hard Drinks,189.453,Tier 1,Small,Supermarket Type1,0.162980276,4.4,759.012,145.2444
Low Fat,Health and Hygiene,145.2444,Tier 1,Small,Supermarket Type1,0.032621545,4.4,1451.444,143.2154
Low Fat,Health and Hygiene,159.692,Tier 1,Small,Supermarket Type1,0.009878459,4.4,958.752,47.6034
Low Fat,Health and Hygiene,256.4304,Tier 1,Small,Supermarket Type1,0.055990291,4.4,1808.3128,153.2024
Low Fat,Health and Hygiene,83.1566,Tier 1,Small,Supermarket Type1,0.052040915,4.4,1099.2358,105.728
Low Fat,Household,106.028,Tier 1,Small,Supermarket Type1,0.067295406,4.4,1810.976,41.9796
Low Fat,Others,143.4786,Tier 1,Small,Supermarket Type1,0,4.4,2311.6576,123.773
Low Fat,Others,146.5076,Tier 1,Small,Supermarket Type1,0.03050705,4.4,1330.2684,180.366
Low Fat,Snack Foods,93.8436,Tier 1,Small,Supermarket Type1,0.033899898,4.4,1418.154,146.9076
Low Fat,Snack Foods,167.1132,Tier 1,Small,Supermarket Type1,0,4.4,2874.9244,102.999
Low Fat,Snack Foods,182.1318,Tier 1,Small,Supermarket Type1,0.015769693,4.4,2345.6134,152.1366
Low Fat,Starchy Foods,151.6708,Tier 1,Small,Supermarket Type1,0.084452363,4.4,3912.2408,165.2158
Regular,Frozen Foods,45.9428,Tier 1,Small,Supermarket Type1,0.105145451,4.4,1274.3412,144.2812
Regular,Frozen Foods,171.808,Tier 1,Small,Supermarket Type1,0.090913642,4.4,5712.564,231.2984
Regular,Frozen Foods,166.4474,Tier 1,Small,Supermarket Type1,0.041474232,4.4,5390.3168,93.0804
Regular,Fruits and Vegetables,54.0614,Tier 1,Small,Supermarket Type1,0.077319079,4.4,1160.4894,255.433
Regular,Fruits and Vegetables,177.4686,Tier 1,Small,Supermarket Type1,0.06893834,4.4,5510.8266,196.4768
Regular,Meat,42.0138,Tier 1,Small,Supermarket Type1,0.137366883,4.4,568.5932,184.9608
Regular,Snack Foods,181.366,Tier 1,Small,Supermarket Type1,0.056602818,4.4,179.766,63.2168
Regular,Snack Foods,35.7532,Tier 1,Small,Supermarket Type1,0.025920816,4.4,143.8128,81.2302
Regular,Snack Foods,114.4176,Tier 1,Small,Supermarket Type1,0.056872392,4.4,2633.9048,231.1984
LF,Baking Goods,257.1646,Tier 2,Medium,Supermarket Type1,0.047453947,4.4,6183.9504,101.7016
LF,Dairy,246.6802,Tier 2,Medium,Supermarket Type1,0.022190488,4.4,2702.4822,113.1886
Low Fat,Baking Goods,193.4478,Tier 2,Medium,Supermarket Type1,0.111500259,4.4,4843.695,35.6874
Low Fat,Baking Goods,37.0874,Tier 2,Medium,Supermarket Type1,0.035482562,4.4,952.7598,231.401
Low Fat,Breads,142.0154,Tier 2,Medium,Supermarket Type1,0.141174838,4.4,1985.4156,127.0994
Low Fat,Breads,173.3764,Tier 2,Medium,Supermarket Type1,0.11144608,4.4,2061.3168,64.6826
Low Fat,Breads,35.519,Tier 2,Medium,Supermarket Type1,0.051766042,4.4,1025.332,34.5558
Low Fat,Canned,96.2068,Tier 2,Medium,Supermarket Type1,0.027224917,4.4,3013.4108,152.934
Low Fat,Canned,49.8008,Tier 2,Medium,Supermarket Type1,0.026735372,4.4,809.6128,57.4246
Low Fat,Canned,76.0986,Tier 2,Medium,Supermarket Type1,0,4.4,623.1888,253.7014
Low Fat,Dairy,218.7166,Tier 2,Medium,Supermarket Type1,0.087986599,4.4,1088.583,181.4292
Low Fat,Frozen Foods,108.4254,Tier 2,Medium,Supermarket Type1,0.06594351,4.4,217.0508,149.105
Low Fat,Fruits and Vegetables,172.6422,Tier 2,Medium,Supermarket Type1,0.008782561,4.4,2931.5174,119.8414
Low Fat,Fruits and Vegetables,207.5638,Tier 2,Medium,Supermarket Type1,0.090084098,4.4,4555.4036,197.211
Low Fat,Household,46.2086,Tier 2,Small,Supermarket Type1,0.016052446,4.4,490.6946,106.7964
Low Fat,Household,111.686,Tier 2,Small,Supermarket Type1,0.038816115,4.4,1584.604,166.4842
Low Fat,Household,97.2726,Tier 2,Small,Supermarket Type1,0.014052469,4.4,782.9808,224.0746
Low Fat,Household,173.7054,Tier 2,Small,Supermarket Type1,0.100114941,4.4,5778.4782,188.3898
Low Fat,Meat,174.0422,Tier 2,Small,Supermarket Type1,0.081206491,4.4,5173.266,189.2846
Low Fat,Seafood,220.7456,Tier 2,Small,Supermarket Type1,0.033926852,4.4,4420.912,111.586
Low Fat,Snack Foods,255.5698,Tier 2,Small,Supermarket Type1,0.011258035,4.4,1522.0188,211.656
Low Fat,Baking Goods,232.73,Tier 2,Small,Supermarket Type1,0.037845086,4.4,932.12,75.5354
Low Fat,Baking Goods,113.3544,Tier 2,Small,Supermarket Type1,0.06082246,4.4,1006.6896,85.154
Low Fat,Dairy,148.6418,Tier 2,Small,Supermarket Type1,0.008046275,4.4,1765.7016,173.7422
Low Fat,Dairy,157.463,Tier 2,Small,Supermarket Type1,0.093214498,4.4,2503.408,74.667
Low Fat,Frozen Foods,187.8898,Tier 2,Small,Supermarket Type1,0.052607932,4.4,7296.5022,56.3588
Low Fat,Frozen Foods,110.1544,Tier 2,Small,Supermarket Type1,0.041974489,4.4,2684.5056,108.6912
Low Fat,Fruits and Vegetables,111.9518,Tier 2,Small,Supermarket Type1,0.04280099,4.4,2163.1842,228.372
Low Fat,Fruits and Vegetables,154.3998,Tier 2,Small,Supermarket Type1,0.173573164,4.4,3383.5956,114.4518
Low Fat,Hard Drinks,124.4046,Tier 2,Small,Supermarket Type1,0.072383777,4.4,2241.0828,251.504
Low Fat,Hard Drinks,181.166,Tier 2,Small,Supermarket Type1,0.112859454,4.4,3415.554,114.486
Low Fat,Hard Drinks,264.391,Tier 2,Small,Supermarket Type1,0.041904578,4.4,5259.82,188.1872
Low Fat,Health and Hygiene,193.8452,Tier 2,Small,Supermarket Type1,0.036439878,4.4,1957.452,175.3028
Low Fat,Health and Hygiene,126.4046,Tier 2,Small,Supermarket Type1,0.1442339,4.4,5353.6978,95.441
Low Fat,Health and Hygiene,125.6678,Tier 2,Small,Supermarket Type1,0.114583922,4.4,4832.3764,156.4604
Low Fat,Health and Hygiene,81.0618,Tier 2,Small,Supermarket Type1,0.009934335,4.4,1450.1124,47.2034
Low Fat,Health and Hygiene,189.0846,Tier 2,Small,Supermarket Type1,0.017135155,4.4,5350.3688,109.8228
Low Fat,Household,155.2656,Tier 2,High,Supermarket Type1,0.039467795,4.4,2934.8464,151.7366
Low Fat,Meat,178.7318,Tier 2,High,Supermarket Type1,0.069817659,4.4,360.8636,53.5324
Low Fat,Meat,49.8008,Tier 2,High,Supermarket Type1,0.03272295,4.4,708.4112,165.7842
Low Fat,Snack Foods,95.441,Tier 2,High,Supermarket Type1,0.039715591,4.4,2220.443,100.1042
Regular,Baking Goods,83.1566,Tier 2,High,Supermarket Type1,0.049722335,4.4,1606.5754,224.5062
Regular,Canned,96.641,Tier 2,High,Supermarket Type1,0.072301795,4.4,868.869,185.6924
Regular,Frozen Foods,147.1392,Tier 2,High,Supermarket Type1,0.062827447,4.4,2237.088,105.099
Regular,Fruits and Vegetables,36.9874,Tier 2,High,Supermarket Type1,0.071597469,4.4,705.748,60.8536
Regular,Fruits and Vegetables,75.2328,Tier 2,High,Supermarket Type1,0.043743689,4.4,1544.656,157.7946
Regular,Fruits and Vegetables,242.9854,Tier 2,High,Supermarket Type1,0.024999711,4.4,6767.1912,97.841
Regular,Fruits and Vegetables,213.7192,Tier 2,High,Supermarket Type1,0.049074897,4.4,1078.596,154.2682
Regular,Snack Foods,236.5248,Tier 2,High,Supermarket Type1,0.012288171,4.4,4029.4216,129.9284
Regular,Baking Goods,170.379,Tier 2,High,Supermarket Type1,0.11733375,4.4,1018.674,164.121
Regular,Breads,263.2226,Tier 2,High,Supermarket Type1,0.05587277,4.4,3700.5164,222.1088
Regular,Breakfast,103.1016,Tier 2,High,Supermarket Type1,0.056637129,4.4,2024.032,233.83
Regular,Frozen Foods,191.9504,Tier 2,High,Supermarket Type1,0.067107448,4.4,767.0016,258.1962
Regular,Fruits and Vegetables,211.0244,Tier 2,Medium,Supermarket Type1,0.059160135,4.4,1482.0708,191.553
Regular,Meat,67.5142,Tier 2,Medium,Supermarket Type1,0.03362713,4.4,593.2278,156.1314
Regular,Meat,88.254,Tier 2,Medium,Supermarket Type1,0.026072872,4.4,1125.202,99.8674
Regular,Snack Foods,222.7746,Tier 2,Medium,Supermarket Type1,0,4.4,1570.6222,103.1332
Regular,Snack Foods,90.9172,Tier 2,Medium,Supermarket Type1,0.071104408,4.4,2141.2128,95.012
Regular,Snack Foods,144.8128,Tier 2,Medium,Supermarket Type1,0.076278201,4.4,2157.192,85.1908
Regular,Snack Foods,178.7318,Tier 2,Medium,Supermarket Type1,0.097750937,4.4,3428.2042,159.7262
low fat,Dairy,263.7226,Tier 2,Medium,Supermarket Type1,0.103091351,4.4,6872.3876,229.9352
reg,Fruits and Vegetables,117.8492,Tier 2,Medium,Supermarket Type1,0.041163522,4.4,1506.0396,80.8276
reg,Fruits and Vegetables,89.0198,Tier 2,Medium,Supermarket Type1,0.018911474,4.4,174.4396,220.5772
LF,Household,59.3536,Tier 2,Small,Supermarket Type1,0.039238384,4.4,122.5072,152.8366
Low Fat,Breads,107.1622,Tier 2,Small,Supermarket Type1,0.105816753,4.4,211.7244,126.0046
Low Fat,Canned,156.7604,Tier 2,Small,Supermarket Type1,0.010436256,4.4,1901.5248,115.5808
Low Fat,Canned,223.7088,Tier 2,Small,Supermarket Type1,0.063017421,4.4,2684.5056,100.37
Low Fat,Canned,147.2418,Tier 2,Small,Supermarket Type1,0.073813788,4.4,294.2836,207.2638
Low Fat,Frozen Foods,143.9812,Tier 2,Small,Supermarket Type1,0.005547386,4.4,1139.8496,121.5414
Low Fat,Frozen Foods,50.5008,Tier 2,Small,Supermarket Type1,0,4.4,1012.016,38.3164
Low Fat,Fruits and Vegetables,139.9838,Tier 2,Small,Supermarket Type1,0.042552205,4.4,1966.7732,225.172
Low Fat,Fruits and Vegetables,256.1646,Tier 2,Small,Supermarket Type1,0.055195461,4.4,7472.2734,216.1166
Low Fat,Hard Drinks,142.2496,Tier 2,Small,Supermarket Type1,0.010762387,4.4,2399.5432,149.5392
Low Fat,Hard Drinks,110.0912,Tier 2,Small,Supermarket Type1,0.015301418,4.4,1637.868,105.2938
Low Fat,Health and Hygiene,51.1324,Tier 2,Small,Supermarket Type1,0.014456938,4.4,1350.2424,184.795
Low Fat,Household,178.1344,Tier 2,Small,Supermarket Type1,0.070555571,4.4,3747.1224,216.0192
Low Fat,Snack Foods,114.4518,Tier 2,Small,Supermarket Type1,0.033893487,4.4,1593.9252,147.0076
Low Fat,Snack Foods,85.3198,Tier 2,Small,Supermarket Type1,0.043755405,4.4,261.6594,182.895
Low Fat,Snack Foods,179.9976,Tier 2,Small,Supermarket Type1,0.03595391,4.4,4889.6352,185.2924
Low Fat,Starchy Foods,72.338,Tier 2,Small,Supermarket Type1,0.043226398,4.4,805.618,37.5164
Regular,Baking Goods,95.3752,Tier 2,Small,Supermarket Type1,0.121609722,4.4,1438.128,60.222
Regular,Canned,164.6868,Tier 2,Small,Supermarket Type1,0.104488444,4.4,1146.5076,77.896
Regular,Canned,74.238,Tier 2,Small,Supermarket Type1,0.031439206,4.4,1171.808,100.07
Regular,Canned,106.9254,Tier 2,Small,Supermarket Type1,0.102704495,4.4,3038.7112,94.312
Regular,Dairy,127.302,Tier 2,Small,Supermarket Type1,0.067940657,4.4,2277.036,119.044
Regular,Fruits and Vegetables,156.4656,Tier 2,Small,Supermarket Type1,0.064195136,4.4,2008.0528,75.8012
Regular,Meat,215.685,Tier 2,Small,Supermarket Type1,0.020407296,4.4,649.155,99.9042
Regular,Meat,188.353,Tier 2,Small,Supermarket Type1,0.008564925,4.4,4364.319,73.2038
Regular,Snack Foods,115.3518,Tier 2,Small,Supermarket Type1,0.037563325,4.4,1821.6288,109.5254
Regular,Starchy Foods,100.0016,Tier 2,Small,Supermarket Type1,0.128791854,4.4,708.4112,95.4068
reg,Canned,159.6578,Tier 2,Small,Supermarket Type1,0.014730322,4.4,3048.6982,90.9172
LF,Soft Drinks,181.3318,Tier 3,Medium,Grocery Store,0.045291822,4.4,1443.4544,153.5682
Low Fat,Canned,152.3998,Tier 3,Medium,Grocery Store,0.089196394,4.4,153.7998,147.0734
Low Fat,Dairy,155.763,Tier 3,Medium,Grocery Store,0.036933417,4.4,3129.26,109.1886
Low Fat,Dairy,58.393,Tier 3,Medium,Grocery Store,0.070703828,4.4,509.337,170.3764
Low Fat,Frozen Foods,123.8046,Tier 3,Medium,Grocery Store,0.195688803,4.4,3486.1288,77.367
Low Fat,Health and Hygiene,104.799,Tier 3,Medium,Grocery Store,0.100171568,4.4,1341.587,262.7226
Low Fat,Health and Hygiene,218.4482,Tier 3,Medium,Grocery Store,0.054601779,4.4,4819.0604,141.1154
Low Fat,Health and Hygiene,52.2008,Tier 3,Medium,Grocery Store,0.242768664,4.4,759.012,226.5404
Low Fat,Household,58.022,Tier 3,Medium,Grocery Store,0.033807904,4.4,659.142,258.9962
Low Fat,Household,94.941,Tier 3,Medium,Grocery Store,0.052593952,4.4,1737.738,111.0228
Low Fat,Household,115.6176,Tier 3,Medium,Grocery Store,0.165073642,4.4,2519.3872,207.727
Low Fat,Household,100.8332,Tier 3,Medium,Grocery Store,0.011211251,4.4,1537.998,166.9184
Low Fat,Household,172.808,Tier 3,Medium,Grocery Store,0.046161923,4.4,2250.404,176.6344
Low Fat,Household,167.2816,Tier 3,Medium,Grocery Store,0.280164929,4.4,5704.5744,177.5712
Low Fat,Meat,119.6124,Tier 3,High,Grocery Store,0,4.4,2251.7356,256.033
Low Fat,Soft Drinks,131.4284,Tier 3,High,Grocery Store,0.116261335,4.4,5404.9644,107.0938
Regular,Canned,127.4362,Tier 3,High,Grocery Store,0.12341737,4.4,2265.0516,86.0198
Regular,Canned,246.0776,Tier 3,High,Grocery Store,0.091018048,4.4,990.7104,60.2904
Regular,Frozen Foods,111.586,Tier 3,High,Grocery Store,0.227260689,4.4,339.558,54.364
Regular,Frozen Foods,173.0738,Tier 3,High,Grocery Store,0.267352587,4.4,347.5476,34.9558
Regular,Fruits and Vegetables,62.8536,Tier 3,High,Grocery Store,0.109144085,4.4,796.2968,88.2856
Regular,Meat,152.6024,Tier 3,High,Grocery Store,0.158441218,4.4,303.6048,213.756
Regular,Snack Foods,154.463,Tier 3,High,Grocery Store,0.022590318,4.4,2190.482,140.6154
reg,Baking Goods,102.2674,Tier 3,Small,Grocery Store,0.174110803,4.4,2444.8176,166.85
LF,Baking Goods,37.619,Tier 3,High,Supermarket Type1,0.00720931,4.4,366.19,48.1034
LF,Dairy,81.1302,Tier 3,High,Supermarket Type1,0.017141985,4.4,792.302,50.035
Low Fat,Baking Goods,191.3188,Tier 3,High,Supermarket Type1,0.027756137,4.4,1713.7692,150.4708
Low Fat,Canned,165.2526,Tier 3,High,Supermarket Type1,0.068765205,4.4,822.263,260.4278
Low Fat,Dairy,99.8042,Tier 3,High,Supermarket Type1,0.141234932,4.4,1488.063,263.7884
Low Fat,Dairy,180.366,Tier 3,High,Supermarket Type1,0.036295834,4.4,2336.958,217.5482
Low Fat,Frozen Foods,157.3972,Tier 3,High,Supermarket Type1,0.095715608,4.4,778.986,125.8678
Low Fat,Frozen Foods,177.7344,Tier 3,High,Supermarket Type1,0.143010016,4.4,1605.9096,61.6878
Low Fat,Frozen Foods,178.3002,Tier 3,High,Supermarket Type1,0.063513272,4.4,2328.3026,149.9708
Low Fat,Frozen Foods,233.9642,Tier 3,High,Supermarket Type1,0.127435585,4.4,3717.8272,86.8224
Low Fat,Fruits and Vegetables,122.0756,Tier 3,High,Supermarket Type1,0.040323731,4.4,121.1756,180.0002
Low Fat,Fruits and Vegetables,156.9288,Tier 3,High,Supermarket Type1,0.034278413,4.4,1571.288,255.2356
Low Fat,Fruits and Vegetables,112.1518,Tier 3,High,Supermarket Type1,0.012437935,4.4,5351.0346,189.9872
Low Fat,Fruits and Vegetables,50.2034,Tier 3,High,Supermarket Type1,0.045631231,4.4,1166.4816,128.102
Low Fat,Hard Drinks,182.295,Tier 3,High,Supermarket Type1,0.003589104,4.4,3661.9,155.5998
Low Fat,Hard Drinks,141.6154,Tier 3,High,Supermarket Type1,0.03067808,4.4,3829.0158,44.777
Low Fat,Hard Drinks,149.1418,Tier 3,High,Supermarket Type1,0.09079168,4.4,1177.1344,127.1336
Low Fat,Health and Hygiene,38.948,Tier 3,High,Supermarket Type1,0,4.4,519.324,101.7674
Low Fat,Health and Hygiene,163.6526,Tier 3,High,Supermarket Type1,0.042716235,4.4,1151.1682,164.8842
Low Fat,Health and Hygiene,152.6998,Tier 3,High,Supermarket Type1,0.020934413,4.4,3383.5956,256.5672
Low Fat,Household,172.7764,Tier 3,High,Supermarket Type1,0.096799953,4.4,2233.0932,192.382
Low Fat,Household,101.9016,Tier 3,High,Supermarket Type1,0.033081389,4.4,2631.2416,116.5124
Low Fat,Household,82.8592,Tier 3,High,Supermarket Type1,0.035079516,4.4,165.1184,47.9034
Low Fat,Household,51.2324,Tier 3,High,Supermarket Type1,0.099053537,4.4,571.2564,212.6902
Low Fat,Household,253.4724,Tier 3,High,Supermarket Type1,0.14781046,4.4,6040.1376,234.8616
Low Fat,Snack Foods,57.493,Tier 3,High,Supermarket Type1,0.020374875,4.4,1358.232,248.0092
Low Fat,Snack Foods,104.499,Tier 3,High,Supermarket Type1,0.019018943,4.4,1238.388,238.7248
Low Fat,Snack Foods,32.3558,Tier 3,High,Supermarket Type1,0.074553522,4.4,169.779,91.883
Low Fat,Snack Foods,122.873,Tier 3,High,Supermarket Type1,0.104791689,4.4,2832.979,165.2868
Low Fat,Soft Drinks,145.6102,Tier 3,High,Supermarket Type1,0,4.4,2624.5836,145.1444
Low Fat,Soft Drinks,153.3314,Tier 3,High,Supermarket Type1,0.095298849,4.4,3257.7594,171.8106
Regular,Baking Goods,95.2436,Tier 3,High,Supermarket Type1,0.039008625,4.4,1796.3284,209.0296
Regular,Canned,130.9284,Tier 3,High,Supermarket Type1,0.133034816,4.4,1713.7692,222.0798
Regular,Frozen Foods,94.312,Tier 3,High,Supermarket Type1,0.037491314,4.4,2982.784,164.2526
Regular,Frozen Foods,119.2124,Tier 3,High,Supermarket Type1,0.092150005,4.4,1303.6364,184.8266
Regular,Fruits and Vegetables,172.2448,Tier 3,High,Supermarket Type1,0.057011062,4.4,2897.5616,241.9512
Regular,Fruits and Vegetables,78.367,Tier 3,High,Supermarket Type1,0.049594299,4.4,918.804,77.0644
Regular,Fruits and Vegetables,143.9786,Tier 3,High,Supermarket Type1,0,4.4,866.8716,238.6564
Regular,Meat,150.4024,Tier 3,High,Supermarket Type1,0.096433359,4.4,2884.2456,178.5028
Regular,Snack Foods,53.8614,Tier 3,High,Supermarket Type1,0.005958918,4.4,221.0456,101.6358
Regular,Snack Foods,147.7418,Tier 3,High,Supermarket Type1,0.056555715,4.4,1618.5598,62.6168
Regular,Snack Foods,149.3734,Tier 3,High,Supermarket Type1,0.070645636,4.4,296.9468,91.212
Regular,Snack Foods,121.4098,Tier 3,High,Supermarket Type1,0.038496166,4.4,241.0196,147.5102
low fat,Health and Hygiene,102.4016,Tier 3,High,Supermarket Type1,0.035163639,4.4,202.4032,84.4224
reg,Snack Foods,42.9112,Tier 3,High,Supermarket Type1,0.025899245,4.4,426.112,81.1302
LF,Fruits and Vegetables,188.2872,Tier 3,Medium,Supermarket Type2,0.021416681,4.4,2647.2208,104.6306
Low Fat,Breakfast,154.463,Tier 3,Medium,Supermarket Type2,0,4.4,2503.408,232.7326
Low Fat,Canned,234.8616,Tier 3,Medium,Supermarket Type2,0.127968205,4.4,2812.3392,209.627
Low Fat,Canned,76.3696,Tier 3,Medium,Supermarket Type2,0.034112833,4.4,372.848,180.1976
Low Fat,Dairy,145.4444,Tier 3,Medium,Supermarket Type2,0.057292529,4.4,2612.5992,224.3404
Low Fat,Frozen Foods,254.1014,Tier 3,Medium,Supermarket Type2,0.115799592,4.4,4845.0266,95.3094
Low Fat,Fruits and Vegetables,81.096,Tier 3,Medium,Supermarket Type2,0.031230059,4.4,159.792,160.3578
Low Fat,Fruits and Vegetables,85.8198,Tier 3,Medium,Supermarket Type2,0,4.4,872.198,148.1734
Low Fat,Fruits and Vegetables,160.2894,Tier 3,Medium,Supermarket Type2,0.036057562,4.4,3235.788,260.3278
Low Fat,Household,106.7964,Tier 3,Medium,Supermarket Type2,0.036686158,4.4,841.5712,229.601
Low Fat,Others,170.6422,Tier 3,Medium,Supermarket Type2,0.07366703,4.4,1379.5376,66.2142
Low Fat,Snack Foods,198.9426,Tier 3,Medium,Supermarket Type2,0.026192765,4.4,3559.3668,215.685
Low Fat,Snack Foods,251.675,Tier 3,Medium,Supermarket Type2,0.042113173,4.4,4244.475,42.5428
Low Fat,Snack Foods,113.2518,Tier 3,Medium,Supermarket Type2,0.135692831,4.4,3415.554,220.0482
Regular,Baking Goods,118.344,Tier 3,Medium,Supermarket Type2,0.051827123,4.4,3115.944,77.4644
Regular,Baking Goods,196.5084,Tier 3,Medium,Supermarket Type2,0.094246644,4.4,3769.7596,98.9068
Regular,Breads,108.9596,Tier 3,Medium,Supermarket Type2,0.04407225,4.4,1186.4556,109.057
Regular,Breakfast,118.3124,Tier 3,Medium,Supermarket Type2,0.061424738,4.4,1540.6612,57.7588
Regular,Canned,142.3154,Tier 3,Medium,Supermarket Type2,0,4.4,2552.6772,84.9224
Regular,Canned,102.0016,Tier 3,Medium,Supermarket Type2,0.074035423,4.4,1619.2256,87.9198
Regular,Frozen Foods,60.9562,Tier 3,Medium,Supermarket Type2,0.15277077,4.4,829.5868,214.4218
Regular,Frozen Foods,147.7102,Tier 3,Medium,Supermarket Type2,0.048860587,4.4,1166.4816,260.2278
Regular,Frozen Foods,91.4462,Tier 3,Medium,Supermarket Type2,0.036174285,4.4,1665.8316,176.0712
Regular,Frozen Foods,193.6504,Tier 3,Medium,Supermarket Type2,0.094300933,4.4,2876.256,187.5214
Regular,Fruits and Vegetables,246.1802,Tier 3,Medium,Supermarket Type2,0.054816926,4.4,2702.4822,194.282
Regular,Snack Foods,189.4872,Tier 3,Medium,Supermarket Type2,0.145220646,4.4,189.0872,103.1332
Regular,Snack Foods,124.873,Tier 3,Medium,Supermarket Type2,0.062297249,4.4,2956.152,60.6562
low fat,Snack Foods,260.3252,Tier 3,Medium,Supermarket Type2,0.107834541,4.4,8132.0812,146.5076
LF,Health and Hygiene,258.3988,Tier 3,Medium,Supermarket Type3,0.045865089,4.4,1541.9928,152.3682
Low Fat,Breakfast,131.831,Tier 3,Medium,Supermarket Type3,0.07204818,4.4,3635.268,177.937
Low Fat,Canned,255.6672,Tier 3,Medium,Supermarket Type3,0.068489201,4.4,4346.3424,259.3278
Low Fat,Canned,93.712,Tier 3,Medium,Supermarket Type3,0.017659068,4.4,466.06,175.9686
Low Fat,Dairy,169.6132,Tier 3,Medium,Supermarket Type3,0.096592065,4.4,169.1132,54.893
Low Fat,Frozen Foods,225.0404,Tier 3,Medium,Supermarket Type3,0.138777108,4.4,5851.0504,147.5392
Low Fat,Frozen Foods,141.2496,Tier 3,Medium,Supermarket Type3,0.026194237,4.4,2681.8424,79.0302
Low Fat,Frozen Foods,152.234,Tier 3,Medium,Supermarket Type3,0.111381428,4.4,3828.35,106.7622
Low Fat,Hard Drinks,101.699,Tier 3,Medium,Supermarket Type3,0,4.4,2373.577,39.0164
Low Fat,Hard Drinks,39.7138,Tier 3,Medium,Supermarket Type3,0.030554947,4.4,1096.5726,41.877
Low Fat,Health and Hygiene,96.9384,Tier 3,Medium,Supermarket Type3,0.032463574,4.4,2167.8448,139.9154
Low Fat,Health and Hygiene,85.8908,Tier 3,Medium,Supermarket Type3,0,4.4,1845.5976,125.173
Low Fat,Health and Hygiene,186.6214,Tier 3,Medium,Supermarket Type3,0.059557164,4.4,1884.214,263.7226
Low Fat,Health and Hygiene,146.4076,Tier 3,Medium,Supermarket Type3,0.032099989,4.4,147.8076,164.1526
Low Fat,Health and Hygiene,161.421,Tier 3,Medium,Supermarket Type3,0.027580163,4.4,3425.541,62.2168
Low Fat,Household,156.0656,Tier 3,Medium,Supermarket Type3,0.01055095,4.4,1853.5872,234.9958
Low Fat,Household,169.7474,Tier 3,Medium,Supermarket Type3,0.01031535,4.4,673.7896,208.4954
Low Fat,Household,173.9422,Tier 3,Medium,Supermarket Type3,0.012481638,4.4,172.4422,168.3474
Low Fat,Snack Foods,39.2164,Tier 3,Medium,Supermarket Type3,0.044829295,4.4,540.6296,187.4556
Regular,Breakfast,113.5518,Tier 3,Medium,Supermarket Type3,0.032892112,4.4,2732.4432,49.3008
Regular,Canned,193.8478,Tier 3,Medium,Supermarket Type3,0.029023048,4.4,1162.4868,177.837
Regular,Dairy,82.7934,Tier 3,Medium,Supermarket Type3,0.096000183,4.4,1228.401,43.7086
Regular,Fruits and Vegetables,48.2034,Tier 3,Medium,Supermarket Type3,0.158947217,4.4,874.8612,145.5102
Regular,Fruits and Vegetables,157.892,Tier 3,Medium,Supermarket Type3,0.048924811,4.4,1917.504,147.4102
Regular,Fruits and Vegetables,82.6276,Tier 3,Medium,Supermarket Type3,0.076944658,4.4,731.0484,257.133
Regular,Meat,198.5426,Tier 3,Medium,Supermarket Type3,0.033597374,4.4,790.9704,197.2426
Regular,Frozen Foods,123.1414,Tier 2,Small,Supermarket Type1,0.09444959,4.3,4264.449,187.8214
Low Fat,Hard Drinks,166.0526,Tier 3,Medium,Supermarket Type3,0.034237682,4.3,1480.0734,113.2834
Regular,Dairy,64.551,Tier 3,Small,Grocery Store,0.161466534,4.3,1581.275,45.5086
Low Fat,Dairy,188.2214,Tier 1,Small,Supermarket Type1,0.102511504,4.3,3014.7424,230.6352
Low Fat,Snack Foods,223.7062,Tier 1,Medium,Supermarket Type1,0.117818348,4.3,4965.5364,192.9136
Low Fat,Fruits and Vegetables,64.2852,Tier 3,Medium,Supermarket Type3,0.012090074,4.3,438.0964,38.2848
Regular,Baking Goods,55.593,Tier 3,High,Supermarket Type1,0.121531501,4.3,282.965,59.222
Low Fat,Snack Foods,142.6496,Tier 1,Medium,Supermarket Type1,0.033230816,4.3,1834.9448,172.3422
Regular,Frozen Foods,105.628,Tier 2,Small,Supermarket Type1,0.160760054,4.3,1065.28,192.4478
Low Fat,Canned,93.7094,Tier 3,Medium,Supermarket Type3,0.033809913,4.3,4189.2136,180.5976
reg,Frozen Foods,52.2298,Tier 3,Medium,Supermarket Type2,0.026001976,4.3,161.7894,161.521
Low Fat,Fruits and Vegetables,159.6604,Tier 1,Small,Supermarket Type1,0.042560252,4.3,3327.6684,226.172
Low Fat,Soft Drinks,225.6404,Tier 1,Small,Supermarket Type1,0.071077939,4.3,2925.5252,114.2518
Regular,Soft Drinks,257.833,Tier 2,Small,Supermarket Type1,0.077608838,4.3,5382.993,233.4958
Regular,Starchy Foods,156.5288,Tier 2,Small,Supermarket Type1,0.064750025,4.3,1571.288,92.6804
Low Fat,Others,88.5172,Tier 1,Medium,Supermarket Type1,0.059582996,4.3,1427.4752,238.8538
Low Fat,Frozen Foods,244.6144,Tier 1,Medium,Supermarket Type1,0.065732883,4.3,2695.1584,45.7402
Regular,Fruits and Vegetables,39.3822,Tier 3,Small,Grocery Store,0,4.3,314.2576,131.2968
Low Fat,Meat,166.1526,Tier 3,High,Supermarket Type1,0.15616879,4.3,2960.1468,160.6578
Low Fat,Soft Drinks,75.9328,Tier 3,High,Supermarket Type1,0.062837968,4.3,1158.492,161.5578
Low Fat,Canned,175.2054,Tier 2,Small,Supermarket Type1,0.027164679,4.3,3502.108,152.334
Regular,Fruits and Vegetables,167.2158,Tier 2,Small,Supermarket Type1,0.058414678,4.3,3008.0844,163.4552
Regular,Meat,125.802,Tier 2,Small,Supermarket Type1,0.009866049,4.3,253.004,151.1366
Low Fat,Fruits and Vegetables,123.8388,Tier 3,Small,Grocery Store,0.082551042,4.3,866.8716,147.3734
Regular,Baking Goods,58.8878,Tier 3,Medium,Supermarket Type3,0.11679292,4.3,1151.1682,196.211
Low Fat,Household,133.2284,Tier 2,Small,Supermarket Type1,0.012540003,4.3,2768.3964,167.0474
Low Fat,Fruits and Vegetables,240.7538,Tier 2,Small,Supermarket Type1,0.096715523,4.3,3364.9532,235.0958
Regular,Snack Foods,112.7176,Tier 1,Small,Supermarket Type1,0.123428594,4.3,343.5528,89.1514
Low Fat,Hard Drinks,151.505,Tier 3,Medium,Supermarket Type3,0.042086652,4.3,2546.685,122.4388
Low Fat,Soft Drinks,100.5332,Tier 1,Medium,Supermarket Type1,0.107765165,4.3,1127.8652,59.5904
Regular,Snack Foods,34.9558,Tier 1,Medium,Supermarket Type1,0.06670068,4.3,67.9116,55.2956
Regular,Canned,150.8024,Tier 1,Small,Supermarket Type1,0.034699737,4.3,4402.2696,141.7496
Regular,Dairy,89.7488,Tier 3,Medium,Supermarket Type2,0.047684831,4.3,1901.5248,212.5876
Low Fat,Household,74.5038,Tier 2,Small,Supermarket Type1,0.036715907,4.3,739.038,180.0318
Low Fat,Snack Foods,129.6994,Tier 2,Small,Supermarket Type1,0.026604781,4.3,1413.4934,86.2198
Low Fat,Snack Foods,185.0898,Tier 3,Small,Grocery Store,0.031860325,4.3,2993.4368,235.1248
Low Fat,Household,155.263,Tier 2,Small,Supermarket Type1,0.093203257,4.3,1721.093,52.7956
Low Fat,Dairy,160.7262,Tier 3,Medium,Supermarket Type2,0.008033611,4.3,2864.2716,174.2422
Regular,Snack Foods,169.4816,Tier 1,Medium,Supermarket Type1,0.15717236,4.3,503.3448,149.1418
Low Fat,Household,178.6002,Tier 3,Medium,Supermarket Type3,0.014205168,4.3,3582.004,56.7614
Low Fat,Frozen Foods,37.6532,Tier 2,Small,Supermarket Type1,0.072284689,4.3,575.2512,119.9098
Low Fat,Canned,142.747,Tier 1,Small,Supermarket Type1,0.026681262,4.3,3149.234,56.4246
Regular,Frozen Foods,243.0196,Tier 2,Small,Supermarket Type1,0.099252438,4.3,3374.2744,87.4856
Low Fat,Breakfast,94.8436,Tier 3,Medium,Grocery Store,0.149404057,4.3,567.2616,192.8478
Low Fat,Household,144.2786,Tier 2,Medium,Supermarket Type1,0.00599072,4.3,288.9572,163.6526
Low Fat,Household,258.3304,Tier 3,Medium,Grocery Store,0.022059594,4.3,3358.2952,56.0614
Low Fat,Soft Drinks,176.1396,Tier 2,Small,Supermarket Type1,0.044869794,4.3,3663.2316,76.467
Low Fat,Soft Drinks,220.5114,Tier 3,Medium,Supermarket Type2,0.023983258,4.3,5321.0736,106.328
Regular,Snack Foods,194.5794,Tier 2,Medium,Supermarket Type1,0.017960492,4.3,3511.4292,81.596
Low Fat,Soft Drinks,88.1198,Tier 2,Small,Supermarket Type1,0.073269336,4.3,1744.396,92.112
Low Fat,Household,254.9698,Tier 1,Small,Supermarket Type1,0.167383061,4.3,2536.698,175.6712
Regular,Canned,162.421,Tier 3,Medium,Grocery Store,0.01516265,4.3,1957.452,101.899
Low Fat,Meat,172.4738,Tier 3,Medium,Supermarket Type2,0.081465335,4.3,1911.5118,220.7798
Low Fat,Starchy Foods,106.7596,Tier 3,Medium,Supermarket Type3,0.014788594,4.3,4098.6648,174.408
Regular,Fruits and Vegetables,90.2804,Tier 3,High,Supermarket Type1,0.064153845,4.3,1653.8472,76.9012
Regular,Fruits and Vegetables,123.5388,Tier 3,Medium,Grocery Store,0.210375806,4.3,1981.4208,178.2028
Regular,Baking Goods,38.319,Tier 2,Medium,Supermarket Type1,0.062979148,4.3,146.476,87.983
Low Fat,Household,122.1098,Tier 2,Small,Supermarket Type1,0.025963795,4.3,3374.2744,46.3376
Regular,Seafood,199.8084,Tier 3,Medium,Supermarket Type2,0.146895866,4.3,2380.9008,149.605
Regular,Dairy,184.2924,Tier 2,Medium,Supermarket Type1,0.022639471,4.3,1850.924,248.4092
Low Fat,Meat,212.1586,Tier 1,Small,Grocery Store,0.139419417,4.3,5909.6408,66.0826
Regular,Canned,145.6418,Tier 2,Small,Supermarket Type1,0.054367971,4.3,2207.127,58.5904
Low Fat,Soft Drinks,185.3608,Tier 2,Medium,Supermarket Type1,0.038040837,4.3,2021.3688,189.1188
Regular,Breads,172.0422,Tier 2,Medium,Supermarket Type1,0.016060186,4.3,5345.7082,47.2402
Regular,Fruits and Vegetables,171.1422,Tier 3,High,Supermarket Type1,0.024928351,4.3,2931.5174,95.141
Low Fat,Snack Foods,111.8544,Tier 3,Medium,Supermarket Type3,0.041718456,4.3,1454.1072,94.5462
Regular,Frozen Foods,168.4132,Tier 1,Small,Grocery Store,0.109003832,4.3,2874.9244,145.2418
Low Fat,Dairy,244.4486,Tier 2,Medium,Supermarket Type1,0.016054884,4.3,6353.0636,250.2092
Low Fat,Soft Drinks,227.3694,Tier 1,Small,Grocery Store,0.065188619,4.3,4567.388,181.1634
reg,Fruits and Vegetables,123.473,Tier 1,Medium,Supermarket Type1,0,4.3,369.519,178.9318
Low Fat,Canned,90.883,Tier 2,Medium,Supermarket Type1,0.079794329,4.3,89.883,80.1644
Low Fat,Seafood,116.8466,Tier 3,Medium,Supermarket Type3,0.073055148,4.3,2356.932,33.7216
Regular,Breads,121.873,Tier 1,Small,Supermarket Type1,0.022278477,4.3,2463.46,102.499
Low Fat,Soft Drinks,147.2076,Tier 2,Medium,Supermarket Type1,0.113125627,4.3,1921.4988,38.6848
Low Fat,Health and Hygiene,116.5124,Tier 2,Medium,Supermarket Type1,0.025272781,4.3,1066.6116,146.6734
Regular,Fruits and Vegetables,60.2904,Tier 3,Medium,Supermarket Type2,0.026409147,4.3,644.4944,102.1332
Low Fat,Baking Goods,99.4016,Tier 1,Small,Grocery Store,0.12898088,4.3,2428.8384,250.4724
Low Fat,Snack Foods,251.9724,Tier 3,Medium,Supermarket Type2,0.019502354,4.3,2516.724,120.8756
Low Fat,Household,97.341,Tier 3,Medium,Supermarket Type3,0.029380407,4.3,965.41,114.715
Low Fat,Frozen Foods,198.3084,Tier 2,Medium,Supermarket Type1,0.065960909,4.3,4563.3932,259.2646
LF,Fruits and Vegetables,226.9404,Tier 1,Medium,Supermarket Type1,0.183688161,4.3,2700.4848,100.27
Low Fat,Baking Goods,143.9128,Tier 1,Medium,Supermarket Type1,0.046342889,4.3,1581.9408,97.3384
Low Fat,Breads,226.7694,Tier 1,Medium,Supermarket Type1,0.081914677,4.3,6165.9738,177.637
Low Fat,Breakfast,34.919,Tier 1,Medium,Supermarket Type1,0.152294691,4.3,476.047,98.9358
Low Fat,Canned,124.5072,Tier 1,Medium,Supermarket Type1,0.112399145,4.3,2450.144,120.444
Low Fat,Canned,115.9834,Tier 1,Medium,Supermarket Type1,0.050369191,4.3,345.5502,117.2124
Low Fat,Dairy,233.5984,Tier 1,Medium,Supermarket Type1,0.056884225,4.3,1853.5872,231.9642
Low Fat,Frozen Foods,193.6136,Tier 1,Medium,Supermarket Type1,0.143351652,4.3,4471.5128,62.0878
Low Fat,Frozen Foods,143.3154,Tier 1,Medium,Supermarket Type1,0.05337973,4.3,1985.4156,56.7904
Low Fat,Frozen Foods,181.9318,Tier 1,Medium,Supermarket Type1,0.018439138,4.3,5954.2494,254.7698
Low Fat,Fruits and Vegetables,110.157,Tier 1,Medium,Supermarket Type1,0,4.3,1867.569,111.3228
Low Fat,Fruits and Vegetables,190.6872,Tier 1,Medium,Supermarket Type1,0.037639672,4.3,2269.0464,175.6054
Low Fat,Fruits and Vegetables,216.4508,Tier 1,Medium,Supermarket Type1,0.030140981,4.3,5426.27,216.0192
Low Fat,Fruits and Vegetables,64.4826,Tier 1,Medium,Supermarket Type1,0.0343603,4.3,2518.7214,253.4356
Low Fat,Fruits and Vegetables,65.2168,Tier 1,Medium,Supermarket Type1,0.020579897,4.3,958.752,52.1324
Low Fat,Fruits and Vegetables,162.9526,Tier 1,Medium,Supermarket Type1,0.103146658,4.3,1151.1682,117.2466
Low Fat,Fruits and Vegetables,117.2492,Tier 1,Medium,Supermarket Type1,0.01558456,4.3,2432.8332,185.1266
Low Fat,Fruits and Vegetables,147.905,Tier 1,Medium,Supermarket Type1,0.037681448,4.3,1647.855,111.0886
Low Fat,Hard Drinks,242.8512,Tier 1,Medium,Supermarket Type1,0.070356805,4.3,5816.4288,36.8532
Low Fat,Hard Drinks,224.8404,Tier 1,Medium,Supermarket Type1,0,4.3,1575.2828,54.9614
Low Fat,Health and Hygiene,45.206,Tier 1,Medium,Supermarket Type1,0.037953762,4.3,792.302,38.448
Low Fat,Health and Hygiene,42.8112,Tier 1,Medium,Supermarket Type1,0.021010687,4.3,639.168,131.3942
Low Fat,Health and Hygiene,176.2712,Tier 1,Medium,Supermarket Type1,0.037639672,4.3,2988.1104,98.4042
Low Fat,Health and Hygiene,84.725,Tier 1,Medium,Supermarket Type1,0.018052019,4.3,1747.725,96.6094
Low Fat,Health and Hygiene,142.0154,Tier 1,Medium,Supermarket Type1,0.080626601,4.3,2410.8618,92.5436
Low Fat,Health and Hygiene,82.3908,Tier 1,Medium,Supermarket Type1,0.016132592,4.3,3691.1952,130.2626
Low Fat,Health and Hygiene,112.5228,Tier 1,Medium,Supermarket Type1,0,4.3,1989.4104,42.877
Low Fat,Household,110.657,Tier 1,Medium,Supermarket Type1,0.026225693,4.3,2087.283,119.0098
Low Fat,Household,119.1808,Tier 1,Medium,Supermarket Type1,0.185130961,4.3,351.5424,32.9216
Low Fat,Household,148.7418,Tier 1,Medium,Supermarket Type1,0.177971115,4.3,2501.4106,174.0422
Low Fat,Household,119.5124,Tier 1,Medium,Supermarket Type1,0.093159233,4.3,829.5868,55.7956
Low Fat,Household,92.2488,Tier 1,Medium,Supermarket Type1,0.014296484,4.3,1358.232,53.7614
Low Fat,Household,198.5768,Tier 1,Medium,Supermarket Type1,0.143506376,4.3,6897.688,34.719
Low Fat,Others,72.9038,Tier 1,Medium,Supermarket Type1,0.015700603,4.3,1034.6532,141.147
Low Fat,Others,195.011,Tier 1,Medium,Supermarket Type1,0.066829875,4.3,1964.11,185.5924
Low Fat,Others,114.9176,Tier 1,Medium,Supermarket Type1,0.0814536,4.3,1946.7992,36.819
Low Fat,Snack Foods,39.8506,Tier 1,Medium,Supermarket Type1,0.072097449,4.3,1480.0734,119.3098
Low Fat,Snack Foods,227.4062,Tier 1,Medium,Supermarket Type1,0.160216552,4.3,5191.2426,93.512
Low Fat,Snack Foods,96.0094,Tier 1,Medium,Supermarket Type1,0.015900971,4.3,1808.9786,163.821
Low Fat,Snack Foods,111.586,Tier 1,Medium,Supermarket Type1,0.041009558,4.3,3395.58,141.2496
Low Fat,Snack Foods,185.0582,Tier 1,Medium,Supermarket Type1,0.076089711,4.3,5201.2296,212.9218
Low Fat,Snack Foods,36.819,Tier 1,Medium,Supermarket Type1,0.039638705,4.3,768.999,166.0526
Low Fat,Soft Drinks,112.4544,Tier 1,Medium,Supermarket Type1,0.013863257,4.3,2348.9424,45.106
Low Fat,Soft Drinks,54.564,Tier 1,Medium,Supermarket Type1,0.056516756,4.3,1597.92,143.4812
Low Fat,Soft Drinks,193.0504,Tier 1,Medium,Supermarket Type1,0.113072194,4.3,2492.7552,35.8848
Regular,Baking Goods,61.5536,Tier 1,Medium,Supermarket Type1,0,4.3,796.2968,95.012
Regular,Baking Goods,226.5404,Tier 1,Medium,Supermarket Type1,0.051697108,4.3,4500.808,79.2644
Regular,Baking Goods,191.5162,Tier 1,Medium,Supermarket Type1,0.100555034,4.3,3078.6592,88.8856
Regular,Baking Goods,259.7962,Tier 1,Medium,Supermarket Type1,0.055805027,4.3,5697.9164,53.0666
Regular,Breakfast,40.848,Tier 1,Medium,Supermarket Type1,0.157075658,4.3,679.116,166.6474
Regular,Canned,62.8194,Tier 1,Medium,Supermarket Type1,0.032227432,4.3,928.791,186.824
Regular,Canned,172.5396,Tier 1,Medium,Supermarket Type1,0.133352623,4.3,3663.2316,219.7798
Regular,Canned,93.912,Tier 1,Medium,Supermarket Type1,0.031494041,4.3,1304.968,98.87
Regular,Dairy,242.8486,Tier 1,Medium,Supermarket Type1,0,4.3,3420.8804,96.7752
Regular,Dairy,255.933,Tier 1,Medium,Supermarket Type1,0.144241314,4.3,3844.995,239.4222
Regular,Frozen Foods,148.4708,Tier 1,Medium,Supermarket Type1,0.034410585,4.3,3761.77,111.3544
Regular,Frozen Foods,196.7426,Tier 1,Medium,Supermarket Type1,0.08739577,4.3,2768.3964,105.3306
Regular,Frozen Foods,205.7296,Tier 1,Medium,Supermarket Type1,0.083059634,4.3,4570.0512,35.7558
Regular,Frozen Foods,252.9724,Tier 1,Medium,Supermarket Type1,0.076681143,4.3,3020.0688,110.7228
Regular,Frozen Foods,118.244,Tier 1,Medium,Supermarket Type1,0.04719387,4.3,958.752,52.8666
Regular,Fruits and Vegetables,149.7734,Tier 1,Medium,Supermarket Type1,0.04923932,4.3,2375.5744,144.4102
Regular,Fruits and Vegetables,84.4224,Tier 1,Medium,Supermarket Type1,0.078522357,4.3,852.224,257.1646
Regular,Fruits and Vegetables,48.6034,Tier 1,Medium,Supermarket Type1,0.039906377,4.3,145.8102,191.3188
Regular,Fruits and Vegetables,37.5164,Tier 1,Medium,Supermarket Type1,0.053667516,4.3,270.3148,223.0088
Regular,Fruits and Vegetables,36.6532,Tier 1,Medium,Supermarket Type1,0.038560279,4.3,251.6724,109.857
Regular,Fruits and Vegetables,89.4856,Tier 1,Medium,Supermarket Type1,0.058918844,4.3,1142.5128,169.7448
Regular,Fruits and Vegetables,60.8536,Tier 1,Medium,Supermarket Type1,0.087542757,4.3,1347.5792,219.8456
Regular,Fruits and Vegetables,204.998,Tier 1,Medium,Supermarket Type1,0,4.3,5366.348,193.0504
Regular,Meat,238.0248,Tier 1,Medium,Supermarket Type1,0.054637635,4.3,711.0744,93.3094
Regular,Meat,64.2168,Tier 1,Medium,Supermarket Type1,0.158715731,4.3,1661.8368,157.2946
Regular,Meat,191.153,Tier 1,Medium,Supermarket Type1,0,4.3,3415.554,235.6248
Regular,Soft Drinks,73.9354,Tier 1,Medium,Supermarket Type1,0.109265987,4.3,1655.1788,42.3112
low fat,Fruits and Vegetables,118.6098,Tier 1,Medium,Supermarket Type1,0.022434418,4.3,843.5686,96.2094
LF,Canned,148.076,Tier 1,Small,Grocery Store,0.297312685,4.3,146.476,185.4266
Low Fat,Baking Goods,121.9072,Tier 1,Small,Grocery Store,0.136417078,4.3,1347.5792,179.766
Low Fat,Baking Goods,218.2166,Tier 1,Small,Grocery Store,0.081014461,4.3,3701.1822,98.8384
Low Fat,Baking Goods,260.0594,Tier 1,Small,Grocery Store,0.208987123,4.3,6018.1662,106.0596
Low Fat,Breads,116.5466,Tier 1,Small,Grocery Store,0.246678647,4.3,1885.5456,129.7994
Low Fat,Dairy,158.9578,Tier 1,Small,Grocery Store,0.039751236,4.3,2246.4092,176.9028
Low Fat,Dairy,158.8604,Tier 1,Small,Grocery Store,0.244338986,4.3,4436.8912,105.9306
Low Fat,Frozen Foods,206.7954,Tier 1,Small,Grocery Store,0,4.3,833.5816,109.9254
Low Fat,Frozen Foods,85.1908,Tier 1,Small,Grocery Store,0.157257637,4.3,2181.1608,215.0192
Low Fat,Fruits and Vegetables,188.324,Tier 1,Small,Grocery Store,0.025527994,4.3,1491.392,157.5262
Low Fat,Fruits and Vegetables,221.8456,Tier 1,Small,Grocery Store,0.067520165,4.3,884.1824,211.3586
Low Fat,Fruits and Vegetables,110.4912,Tier 1,Small,Grocery Store,0.136119549,4.3,436.7648,94.1094
Low Fat,Health and Hygiene,93.3436,Tier 1,Small,Grocery Store,0,4.3,1323.6104,40.348
Low Fat,Health and Hygiene,33.2874,Tier 1,Small,Grocery Store,0.083862625,4.3,141.1496,44.077
Low Fat,Health and Hygiene,187.3872,Tier 1,Small,Grocery Store,0.182493512,4.3,2647.2208,258.8278
Low Fat,Health and Hygiene,75.0696,Tier 1,Small,Grocery Store,0.156094569,4.3,149.1392,144.3102
Low Fat,Household,253.0356,Tier 1,Small,Grocery Store,0.045002624,4.3,11445.102,196.5084
Low Fat,Household,225.4746,Tier 1,Small,Grocery Store,0.047098175,4.3,1346.2476,75.5354
Low Fat,Household,56.2614,Tier 1,Small,Grocery Store,0.13027716,4.3,773.6596,228.001
Low Fat,Meat,197.211,Tier 1,Small,Grocery Store,0.081651443,4.3,3731.809,152.5682
Low Fat,Others,55.9298,Tier 1,Small,Grocery Store,0.069968018,4.3,107.8596,83.9908
Low Fat,Others,159.0262,Tier 1,Small,Grocery Store,0.053413906,4.3,5887.6694,181.766
Low Fat,Snack Foods,89.8856,Tier 1,Small,Grocery Store,0.240268248,4.3,351.5424,156.463
Low Fat,Soft Drinks,188.4214,Tier 1,Small,Grocery Store,0.306542848,4.3,2826.321,147.3102
Low Fat,Soft Drinks,228.7352,Tier 1,Small,Grocery Store,0.047377447,4.3,5954.9152,150.6682
Regular,Baking Goods,195.8136,Tier 1,Small,Grocery Store,0.245407386,4.3,2332.9632,92.812
Regular,Breakfast,213.2902,Tier 1,Small,Grocery Store,0.107110465,4.3,4247.804,55.5588
Regular,Dairy,185.324,Tier 1,Small,Grocery Store,0,4.3,3914.904,55.9298
Regular,Frozen Foods,116.2492,Tier 1,Small,Grocery Store,0.07278643,4.3,115.8492,49.4376
Regular,Fruits and Vegetables,263.591,Tier 1,Small,Grocery Store,0.087692636,4.3,788.973,162.5526
Regular,Fruits and Vegetables,215.0218,Tier 1,Small,Grocery Store,0.086905536,4.3,1923.4962,78.8644
Regular,Fruits and Vegetables,168.279,Tier 1,Small,Grocery Store,0.289522833,4.3,4074.696,172.0764
Regular,Fruits and Vegetables,121.7072,Tier 1,Small,Grocery Store,0.081605462,4.3,2817.6656,122.3388
Regular,Fruits and Vegetables,184.2608,Tier 1,Small,Grocery Store,0.129668578,4.3,6064.1064,206.8638
Regular,Meat,104.0332,Tier 1,Small,Grocery Store,0.106971167,4.3,205.0664,44.7744
Regular,Snack Foods,166.9474,Tier 1,Small,Grocery Store,0.078758649,4.3,2863.6058,103.0016
Regular,Snack Foods,185.1266,Tier 1,Small,Grocery Store,0.22417463,4.3,2213.1192,168.8816
Regular,Snack Foods,116.1492,Tier 1,Small,Grocery Store,0.073462632,4.3,1274.3412,52.364
Regular,Snack Foods,89.1856,Tier 1,Small,Grocery Store,0.116793684,4.3,2109.2544,41.0112
LF,Household,77.3012,Tier 1,Small,Supermarket Type1,0.060067115,4.3,1593.9252,230.6642
LF,Household,153.9656,Tier 1,Small,Supermarket Type1,0.025953257,4.3,2625.9152,179.5976
Low Fat,Baking Goods,228.601,Tier 1,Small,Supermarket Type1,0.03749705,4.3,4823.721,49.9034
Low Fat,Baking Goods,119.244,Tier 1,Small,Supermarket Type1,0.111274591,4.3,119.844,35.0874
Low Fat,Baking Goods,38.3164,Tier 1,Small,Supermarket Type1,0.032448523,4.3,540.6296,177.866
Low Fat,Breads,169.5474,Tier 1,Small,Supermarket Type1,0,4.3,4211.185,164.7184
Low Fat,Breads,161.3578,Tier 1,Small,Supermarket Type1,0.046375227,4.3,4492.8184,122.8414
Low Fat,Canned,168.379,Tier 1,Small,Supermarket Type1,0.025827199,4.3,1188.453,263.2226
Low Fat,Dairy,89.8856,Tier 1,Small,Supermarket Type1,0.022703693,4.3,175.7712,177.9028
Low Fat,Dairy,195.7768,Tier 1,Small,Supermarket Type1,0.082549896,4.3,4138.6128,193.7504
Low Fat,Dairy,225.1088,Tier 1,Small,Supermarket Type1,0.022065676,4.3,3579.3408,110.5886
Low Fat,Dairy,192.1162,Tier 1,Small,Supermarket Type1,0.034752647,4.3,3848.324,248.775
Low Fat,Frozen Foods,98.9042,Tier 1,Small,Supermarket Type1,0.065589906,4.3,4960.21,258.2646
Low Fat,Frozen Foods,208.5638,Tier 1,Small,Supermarket Type1,0.022566975,4.3,5383.6588,97.3068
Low Fat,Fruits and Vegetables,248.9092,Tier 1,Small,Supermarket Type1,0.049719026,4.3,2241.0828,246.7144
Low Fat,Fruits and Vegetables,113.7544,Tier 1,Small,Supermarket Type1,0.07229836,4.3,671.1264,48.2034
Low Fat,Fruits and Vegetables,179.6686,Tier 1,Small,Supermarket Type1,0,4.3,177.7686,198.5426
Low Fat,Fruits and Vegetables,242.417,Tier 1,Small,Supermarket Type1,0,4.3,486.034,111.9886
Low Fat,Hard Drinks,181.195,Tier 1,Small,Supermarket Type1,0.071846495,4.3,2380.235,37.9506
Low Fat,Hard Drinks,99.9358,Tier 1,Small,Supermarket Type1,0.090867297,4.3,201.0716,127.3336
Low Fat,Health and Hygiene,59.2562,Tier 1,Small,Supermarket Type1,0.014459672,4.3,651.8182,181.895
Low Fat,Health and Hygiene,199.8084,Tier 1,Small,Supermarket Type1,0.037581243,4.3,3968.168,98.9042
Low Fat,Health and Hygiene,221.5798,Tier 1,Small,Supermarket Type1,0.018848862,4.3,4187.2162,96.7384
Low Fat,Health and Hygiene,84.4224,Tier 1,Small,Supermarket Type1,0.018023997,4.3,170.4448,95.9094
Low Fat,Household,181.3976,Tier 1,Small,Supermarket Type1,0.02488732,4.3,3078.6592,147.5392
Low Fat,Household,182.995,Tier 1,Small,Supermarket Type1,0,4.3,4394.28,119.1124
Low Fat,Household,162.1236,Tier 1,Small,Supermarket Type1,0.006765149,4.3,2577.9776,41.7112
Low Fat,Household,126.7704,Tier 1,Small,Supermarket Type1,0.023951149,4.3,2628.5784,105.6964
Low Fat,Household,112.7886,Tier 1,Small,Supermarket Type1,0.065932087,4.3,222.3772,64.851
Low Fat,Household,62.751,Tier 1,Small,Supermarket Type1,0.014222617,4.3,1707.777,148.9418
Low Fat,Others,86.0224,Tier 1,Small,Supermarket Type1,0.09046564,4.3,1278.336,193.6478
Low Fat,Others,262.891,Tier 1,Small,Supermarket Type1,0,4.3,5522.811,254.904
Low Fat,Snack Foods,182.9292,Tier 1,Small,Supermarket Type1,0.020568574,4.3,4013.4424,150.4734
Low Fat,Snack Foods,263.7568,Tier 1,Small,Supermarket Type1,0.121725411,4.3,7646.0472,45.1428
Low Fat,Snack Foods,220.9456,Tier 1,Small,Supermarket Type1,0.091763303,4.3,1768.3648,228.5352
Low Fat,Snack Foods,224.4404,Tier 1,Small,Supermarket Type1,0.057313443,4.3,5626.01,53.3956
Low Fat,Snack Foods,180.3976,Tier 1,Small,Supermarket Type1,0.067447572,4.3,3078.6592,132.9626
Low Fat,Soft Drinks,257.3304,Tier 1,Small,Supermarket Type1,0.077193561,4.3,3874.956,89.9146
Low Fat,Soft Drinks,157.7972,Tier 1,Small,Supermarket Type1,0.167155198,4.3,1713.7692,241.7512
Low Fat,Soft Drinks,78.2644,Tier 1,Small,Supermarket Type1,0.023577298,4.3,1492.7236,192.6846
Low Fat,Starchy Foods,119.7466,Tier 1,Small,Supermarket Type1,0.06961884,4.3,4006.7844,260.3252
Regular,Baking Goods,147.476,Tier 1,Small,Supermarket Type1,0.044023213,4.3,3368.948,183.095
Regular,Baking Goods,114.586,Tier 1,Small,Supermarket Type1,0.035572183,4.3,1245.046,144.4444
Regular,Baking Goods,95.5094,Tier 1,Small,Supermarket Type1,0.058730831,4.3,95.2094,171.9422
Regular,Baking Goods,185.1608,Tier 1,Small,Supermarket Type1,0.07575107,4.3,2388.8904,262.8568
Regular,Breads,34.0532,Tier 1,Small,Supermarket Type1,0.055558509,4.3,575.2512,224.7088
Regular,Breads,154.463,Tier 1,Small,Supermarket Type1,0.056386541,4.3,3755.112,84.6908
Regular,Breads,149.1076,Tier 1,Small,Supermarket Type1,0.063863551,4.3,1182.4608,262.3594
Regular,Breads,131.3626,Tier 1,Small,Supermarket Type1,0.056465714,4.3,262.3252,103.6648
Regular,Canned,83.4908,Tier 1,Small,Supermarket Type1,0.091971856,4.3,1342.2528,251.6408
Regular,Canned,247.0092,Tier 1,Small,Supermarket Type1,0.184167712,4.3,5478.2024,213.7902
Regular,Canned,123.0414,Tier 1,Small,Supermarket Type1,0.026568875,4.3,4629.9732,142.047
Regular,Dairy,163.0526,Tier 1,Small,Supermarket Type1,0.078786674,4.3,1644.526,184.824
Regular,Frozen Foods,89.383,Tier 1,Small,Supermarket Type1,0.060427062,4.3,1258.362,153.5656
Regular,Frozen Foods,90.5146,Tier 1,Small,Supermarket Type1,0.09391835,4.3,729.7168,189.8214
Regular,Fruits and Vegetables,96.541,Tier 1,Small,Supermarket Type1,0,4.3,2220.443,227.4694
Regular,Fruits and Vegetables,171.9448,Tier 1,Small,Supermarket Type1,0.046771477,4.3,3749.7856,173.9422
Regular,Fruits and Vegetables,48.7718,Tier 1,Small,Supermarket Type1,0.106327251,4.3,236.359,172.8396
Regular,Fruits and Vegetables,61.3194,Tier 1,Small,Supermarket Type1,0.058827383,4.3,2043.3402,172.2448
Regular,Fruits and Vegetables,184.2292,Tier 1,Small,Supermarket Type1,0.10377827,4.3,1641.8628,175.6054
Regular,Fruits and Vegetables,91.4462,Tier 1,Small,Supermarket Type1,0.103449993,4.3,1943.4702,225.472
Regular,Meat,171.179,Tier 1,Small,Supermarket Type1,0.023530953,4.3,4923.591,223.5404
Regular,Snack Foods,90.3146,Tier 1,Small,Supermarket Type1,0.023496967,4.3,2554.0088,156.1288
Regular,Snack Foods,165.0842,Tier 1,Small,Supermarket Type1,0.035506142,4.3,2320.9788,112.4518
Regular,Soft Drinks,53.1298,Tier 1,Small,Supermarket Type1,0.127927931,4.3,808.947,184.8924
Regular,Starchy Foods,148.7076,Tier 1,Small,Supermarket Type1,0.064618976,4.3,1330.2684,89.8804
reg,Canned,223.2404,Tier 1,Small,Supermarket Type1,0.032177405,4.3,2475.4444,185.424
LF,Household,180.4002,Tier 2,Medium,Supermarket Type1,0.041374909,4.3,716.4008,89.2514
LF,Soft Drinks,258.5646,Tier 2,Medium,Supermarket Type1,0.042123243,4.3,3091.9752,32.09
Low Fat,Baking Goods,178.0344,Tier 2,Medium,Supermarket Type1,0.115107028,4.3,1605.9096,222.0114
Low Fat,Baking Goods,39.9822,Tier 2,Medium,Supermarket Type1,0.093652168,4.3,78.5644,141.5812
Low Fat,Baking Goods,131.2626,Tier 2,Medium,Supermarket Type1,0.008558144,4.3,3410.2276,79.0618
Low Fat,Canned,226.2062,Tier 2,Medium,Supermarket Type1,0.021629781,4.3,677.1186,51.9982
Low Fat,Canned,102.0332,Tier 2,Medium,Supermarket Type1,0.072986772,4.3,2050.664,78.8986
Low Fat,Dairy,57.5562,Tier 2,Medium,Supermarket Type1,0.093574769,4.3,829.5868,199.4426
Low Fat,Dairy,166.9184,Tier 2,Medium,Supermarket Type1,0.011563024,4.3,660.4736,164.9526
Low Fat,Dairy,94.9436,Tier 2,Medium,Supermarket Type1,0.017821466,4.3,1229.0668,75.1012
Low Fat,Dairy,159.9578,Tier 2,Medium,Supermarket Type1,0.022110425,4.3,2727.7826,110.8886
Low Fat,Frozen Foods,165.05,Tier 2,Medium,Supermarket Type1,0.005485618,4.3,2330.3,99.3016
Low Fat,Frozen Foods,186.424,Tier 2,Medium,Supermarket Type1,0.04026424,4.3,1304.968,52.6298
Low Fat,Frozen Foods,241.3854,Tier 2,Medium,Supermarket Type1,0.045295529,4.3,483.3708,181.366
Low Fat,Frozen Foods,244.4486,Tier 2,Medium,Supermarket Type1,0.03747983,4.3,4153.9262,192.7478
Low Fat,Hard Drinks,188.4898,Tier 2,Medium,Supermarket Type1,0.003599378,4.3,187.0898,152.2998
Low Fat,Hard Drinks,120.9756,Tier 2,Medium,Supermarket Type1,0.071992202,4.3,3877.6192,38.3506
Low Fat,Hard Drinks,121.9414,Tier 2,Medium,Supermarket Type1,0.043874493,4.3,1462.0968,191.0846
Low Fat,Hard Drinks,160.3578,Tier 2,Medium,Supermarket Type1,0.01941154,4.3,1765.0358,40.3164
Low Fat,Health and Hygiene,188.3898,Tier 2,Small,Supermarket Type1,0.017678008,4.3,3554.7062,129.2626
Low Fat,Health and Hygiene,168.8816,Tier 2,Small,Supermarket Type1,0.018887088,4.3,167.7816,98.8384
Low Fat,Household,40.5138,Tier 2,Small,Supermarket Type1,0.080804019,4.3,446.7518,171.479
Low Fat,Household,184.4292,Tier 2,Small,Supermarket Type1,0.079968115,4.3,3101.2964,170.8106
Low Fat,Household,61.0536,Tier 2,Small,Supermarket Type1,0.061308889,4.3,1898.8616,128.8968
Low Fat,Meat,181.7634,Tier 2,Small,Supermarket Type1,0.119692888,4.3,6179.9556,188.453
Low Fat,Others,207.5954,Tier 2,Small,Supermarket Type1,0.120524922,4.3,6668.6528,142.247
Low Fat,Others,168.6816,Tier 2,Small,Supermarket Type1,0.073516952,4.3,1342.2528,65.9142
Low Fat,Others,207.898,Tier 2,Small,Supermarket Type1,0.06479182,4.3,3095.97,254.004
Low Fat,Others,128.7336,Tier 2,Small,Supermarket Type1,0.111527348,4.3,2173.1712,110.2912
Low Fat,Snack Foods,59.822,Tier 2,Small,Supermarket Type1,0.085138334,4.3,1677.816,108.6912
Low Fat,Snack Foods,253.1724,Tier 2,Small,Supermarket Type1,0.162571649,4.3,5285.1204,107.4622
Low Fat,Snack Foods,107.1596,Tier 2,Small,Supermarket Type1,0.117874024,4.3,2804.3496,193.6136
Low Fat,Snack Foods,146.6076,Tier 2,Small,Supermarket Type1,0.037764269,4.3,1773.6912,124.9704
Low Fat,Snack Foods,234.93,Tier 2,Small,Supermarket Type1,0.029999653,4.3,4660.6,169.7816
Low Fat,Snack Foods,61.451,Tier 2,Small,Supermarket Type1,0.128349909,4.3,126.502,106.5622
Low Fat,Soft Drinks,172.2764,Tier 2,Small,Supermarket Type1,0.017360867,4.3,171.7764,196.2768
Low Fat,Soft Drinks,55.5588,Tier 2,Small,Supermarket Type1,0.041971264,4.3,1603.2464,33.39
Low Fat,Baking Goods,238.7248,Tier 2,Small,Supermarket Type1,0.007256127,4.3,2133.2232,50.4034
Low Fat,Baking Goods,36.0848,Tier 2,Small,Supermarket Type1,0.026450779,4.3,372.848,124.902
Low Fat,Canned,109.157,Tier 2,Small,Supermarket Type1,0.032283676,4.3,1867.569,52.2008
Low Fat,Canned,54.864,Tier 2,Small,Supermarket Type1,0.063385859,4.3,319.584,98.17
Low Fat,Dairy,210.0586,Tier 2,Small,Supermarket Type1,0.077169953,4.3,4221.172,63.0536
Low Fat,Frozen Foods,101.199,Tier 2,Small,Supermarket Type1,0.044472637,4.3,1031.99,43.3454
Low Fat,Frozen Foods,257.8304,Tier 2,Small,Supermarket Type1,0,4.3,1808.3128,72.2038
Low Fat,Fruits and Vegetables,155.8288,Tier 2,Small,Supermarket Type1,0.081623275,4.3,1099.9016,148.0734
Low Fat,Fruits and Vegetables,89.8804,Tier 2,Small,Supermarket Type1,0.089210159,4.3,1102.5648,64.251
Low Fat,Fruits and Vegetables,179.866,Tier 2,Small,Supermarket Type1,0.128760294,4.3,2696.49,213.7902
Low Fat,Fruits and Vegetables,174.537,Tier 2,Small,Supermarket Type1,0.054171606,4.3,1235.059,183.9292
Low Fat,Fruits and Vegetables,74.7696,Tier 2,Small,Supermarket Type1,0.04903471,4.3,74.5696,39.9506
Low Fat,Hard Drinks,225.0404,Tier 2,Small,Supermarket Type1,0.171281641,4.3,4950.8888,54.0614
Low Fat,Hard Drinks,218.3166,Tier 2,Small,Supermarket Type1,0.137972993,4.3,435.4332,158.4578
Low Fat,Health and Hygiene,98.241,Tier 2,Small,Supermarket Type1,0.093408695,4.3,2220.443,101.2674
Low Fat,Health and Hygiene,193.9136,Tier 2,Small,Supermarket Type1,0.046822808,4.3,3110.6176,99.3384
Low Fat,Health and Hygiene,224.5062,Tier 2,Small,Supermarket Type1,0.071538243,4.3,4514.124,44.5086
Low Fat,Health and Hygiene,167.7132,Tier 2,Small,Supermarket Type1,0.176175402,4.3,3889.6036,184.0608
Low Fat,Health and Hygiene,80.8618,Tier 2,Small,Supermarket Type1,0.018125948,4.3,1288.9888,94.9094
Low Fat,Household,90.3146,Tier 2,Small,Supermarket Type1,0.019616991,4.3,1733.0774,169.6474
Low Fat,Household,159.2946,Tier 2,Small,Supermarket Type1,0.011351778,4.3,1893.5352,236.5248
Low Fat,Household,61.9536,Tier 2,Small,Supermarket Type1,0.06705851,4.3,1225.072,194.0478
Low Fat,Household,124.973,Tier 2,High,Supermarket Type1,0.067676056,4.3,2463.46,40.8796
Low Fat,Meat,63.4484,Tier 2,High,Supermarket Type1,0.026992588,4.3,1043.9744,127.302
Low Fat,Snack Foods,264.491,Tier 2,High,Supermarket Type1,0.02050719,4.3,6574.775,249.7092
Low Fat,Snack Foods,128.9652,Tier 2,High,Supermarket Type1,0.035780385,4.3,1679.1476,241.317
Low Fat,Snack Foods,103.0306,Tier 2,High,Supermarket Type1,0.163160327,4.3,2404.2038,107.4622
Low Fat,Snack Foods,46.9034,Tier 2,High,Supermarket Type1,0.038744606,4.3,972.068,239.3564
Low Fat,Snack Foods,93.6462,Tier 2,High,Supermarket Type1,0.037901015,4.3,277.6386,124.1704
Low Fat,Snack Foods,189.5188,Tier 2,High,Supermarket Type1,0.088215871,4.3,1904.188,220.1798
Low Fat,Soft Drinks,45.906,Tier 2,High,Supermarket Type1,0.013920032,4.3,419.454,45.006
Low Fat,Soft Drinks,229.4352,Tier 2,High,Supermarket Type1,0.115819014,4.3,4809.7392,198.3084
Low Fat,Soft Drinks,163.5552,Tier 2,High,Supermarket Type1,0.029949818,4.3,1787.0072,146.3444
Low Fat,Soft Drinks,187.953,Tier 2,High,Supermarket Type1,0.069852615,4.3,2656.542,107.4938
Low Fat,Soft Drinks,158.1946,Tier 2,High,Supermarket Type1,0.063246037,4.3,6942.9624,159.2578
Low Fat,Soft Drinks,147.3734,Tier 2,High,Supermarket Type1,0.037396492,4.3,2375.5744,165.6526
Regular,Breads,223.8062,Tier 2,High,Supermarket Type1,0.054594957,4.3,4288.4178,130.531
Regular,Dairy,60.4194,Tier 2,High,Supermarket Type1,0,4.3,990.7104,123.9704
Regular,Dairy,195.3794,Tier 2,High,Supermarket Type1,0.171174491,4.3,3511.4292,156.463
Regular,Dairy,37.719,Tier 2,High,Supermarket Type1,0.014823358,4.3,549.285,190.7162
Regular,Frozen Foods,155.2972,Tier 2,High,Supermarket Type1,0.042562588,4.3,311.5944,165.021
Regular,Frozen Foods,52.4324,Tier 2,High,Supermarket Type1,0,4.3,571.2564,82.5908
Regular,Fruits and Vegetables,40.0454,Tier 2,High,Supermarket Type1,0.171422166,4.3,419.454,139.1838
Regular,Meat,41.9428,Tier 2,High,Supermarket Type1,0.02210346,4.3,1537.998,194.7452
Regular,Meat,187.7556,Tier 2,High,Supermarket Type1,0.06121988,4.3,3755.112,45.6744
Regular,Snack Foods,131.5284,Tier 2,High,Supermarket Type1,0.144924795,4.3,1581.9408,100.8332
Regular,Snack Foods,49.2008,Tier 2,High,Supermarket Type1,0.086105815,4.3,657.8104,167.879
Regular,Snack Foods,238.3538,Tier 2,High,Supermarket Type1,0.037646623,4.3,5528.1374,107.5254
Regular,Snack Foods,149.8366,Tier 2,High,Supermarket Type1,0.076914745,4.3,2267.049,114.8518
Regular,Baking Goods,55.2614,Tier 2,High,Supermarket Type1,0.042008667,4.3,718.3982,162.6868
Regular,Baking Goods,222.8456,Tier 2,High,Supermarket Type1,0.079776075,4.3,7073.4592,152.8366
Regular,Baking Goods,55.8956,Tier 2,High,Supermarket Type1,0.029727657,4.3,491.3604,66.6142
Regular,Breads,61.5194,Tier 2,High,Supermarket Type1,0.022404493,4.3,1052.6298,102.499
Regular,Canned,87.4856,Tier 2,High,Supermarket Type1,0.012080016,4.3,263.6568,164.4184
Regular,Dairy,40.2822,Tier 2,High,Supermarket Type1,0.097012989,4.3,628.5152,42.9086
Regular,Dairy,86.7882,Tier 2,High,Supermarket Type1,0.072252888,4.3,1975.4286,196.5794
Regular,Dairy,191.882,Tier 2,High,Supermarket Type1,0.009676286,4.3,3861.64,122.873
Regular,Dairy,157.963,Tier 2,High,Supermarket Type1,0.119850541,4.3,2816.334,234.53
Regular,Frozen Foods,150.7392,Tier 2,High,Supermarket Type1,0.082867689,4.3,3131.9232,58.5588
Regular,Frozen Foods,115.0176,Tier 2,High,Supermarket Type1,0.064376263,4.3,4122.6336,83.1566
Regular,Frozen Foods,179.166,Tier 2,High,Supermarket Type1,0.037734782,4.3,3056.022,166.4526
Regular,Fruits and Vegetables,73.5038,Tier 2,Medium,Supermarket Type1,0.040069806,4.3,1478.076,190.7188
Regular,Fruits and Vegetables,177.1054,Tier 2,Medium,Supermarket Type1,0,4.3,2626.581,98.441
Regular,Meat,127.3678,Tier 2,Medium,Supermarket Type1,0.122565413,4.3,3306.3628,103.8674
Regular,Snack Foods,198.0084,Tier 2,Medium,Supermarket Type1,0.029662795,4.3,793.6336,105.2622
Regular,Snack Foods,106.7622,Tier 2,Medium,Supermarket Type1,0.025886443,4.3,211.7244,189.1872
Regular,Snack Foods,148.705,Tier 2,Medium,Supermarket Type1,0.037977917,4.3,1198.44,128.6994
Regular,Snack Foods,155.5998,Tier 2,Medium,Supermarket Type1,0.011189235,4.3,153.7998,86.654
Regular,Snack Foods,191.4846,Tier 2,Medium,Supermarket Type1,0.013572808,4.3,3057.3536,143.2154
Regular,Snack Foods,111.657,Tier 2,Medium,Supermarket Type1,0.077154417,4.3,1537.998,35.7558
Regular,Snack Foods,179.4318,Tier 2,Medium,Supermarket Type1,0.026067434,4.3,360.8636,78.8302
Regular,Snack Foods,170.4106,Tier 2,Medium,Supermarket Type1,0.10589167,4.3,513.3318,172.6764
Regular,Snack Foods,184.3924,Tier 2,Medium,Supermarket Type1,0.046280998,4.3,4257.1252,177.4344
low fat,Canned,208.927,Tier 2,Medium,Supermarket Type1,0.042736348,4.3,7130.718,255.933
low fat,Meat,38.319,Tier 2,Medium,Supermarket Type1,0,4.3,109.857,244.2512
reg,Canned,44.9744,Tier 2,Medium,Supermarket Type1,0.031444357,4.3,498.0184,53.764
LF,Canned,45.3086,Tier 2,Small,Supermarket Type1,0.010639596,4.3,490.6946,84.1908
Low Fat,Breads,263.091,Tier 2,Small,Supermarket Type1,0.048017962,4.3,5522.811,219.6166
Low Fat,Breads,110.7228,Tier 2,Small,Supermarket Type1,0.054197299,4.3,1657.842,83.5566
Low Fat,Canned,114.7834,Tier 2,Small,Supermarket Type1,0.082536604,4.3,3455.502,177.2002
Low Fat,Dairy,36.7506,Tier 2,Small,Supermarket Type1,0.130931048,4.3,75.9012,89.9172
Low Fat,Dairy,226.1062,Tier 2,Small,Supermarket Type1,0.076721393,4.3,6771.186,59.4536
Low Fat,Dairy,66.0142,Tier 2,Small,Supermarket Type1,0.136784873,4.3,988.713,265.2568
Low Fat,Dairy,185.6608,Tier 2,Small,Supermarket Type1,0.075563757,4.3,918.804,168.1158
Low Fat,Dairy,148.2076,Tier 2,Small,Supermarket Type1,0.087158654,4.3,3399.5748,95.141
Low Fat,Frozen Foods,102.7648,Tier 2,Small,Supermarket Type1,0.08644044,4.3,1142.5128,155.3998
Low Fat,Frozen Foods,125.8678,Tier 2,Small,Supermarket Type1,0.00547348,4.3,3560.6984,100.5016
Low Fat,Fruits and Vegetables,99.3384,Tier 2,Small,Supermarket Type1,0,4.3,2759.0752,162.3578
Low Fat,Fruits and Vegetables,227.5694,Tier 2,Small,Supermarket Type1,0.120520818,4.3,3653.9104,45.906
Low Fat,Fruits and Vegetables,50.7666,Tier 2,Small,Supermarket Type1,0.121497742,4.3,512.666,119.744
Low Fat,Fruits and Vegetables,232.8958,Tier 2,Small,Supermarket Type1,0.035347676,4.3,5608.6992,38.0506
Low Fat,Fruits and Vegetables,83.9908,Tier 2,Small,Supermarket Type1,0,4.3,1426.1436,57.1272
Low Fat,Fruits and Vegetables,229.601,Tier 2,Small,Supermarket Type1,0.049709624,4.3,6201.927,246.8144
Low Fat,Fruits and Vegetables,254.1014,Tier 2,Small,Supermarket Type1,0.040507228,4.3,255.0014,186.924
Low Fat,Fruits and Vegetables,215.0192,Tier 2,Small,Supermarket Type1,0.049209192,4.3,1078.596,150.005
Low Fat,Hard Drinks,55.7298,Tier 2,Small,Supermarket Type1,0.042283454,4.3,1024.6662,125.4388
Low Fat,Hard Drinks,220.0798,Tier 2,Small,Supermarket Type1,0.090850115,4.3,1322.2788,126.6336
Low Fat,Health and Hygiene,123.773,Tier 2,Small,Supermarket Type1,0.059835659,4.3,1231.73,264.3226
Low Fat,Health and Hygiene,46.4086,Tier 2,Small,Supermarket Type1,0.097043739,4.3,2007.387,116.8492
Low Fat,Health and Hygiene,53.5324,Tier 2,Small,Supermarket Type1,0.015447454,4.3,830.9184,159.2604
Low Fat,Household,82.7592,Tier 2,Small,Supermarket Type1,0.105225964,4.3,577.9144,84.225
Low Fat,Household,184.2292,Tier 2,Small,Supermarket Type1,0.031730739,4.3,1277.0044,261.091
Low Fat,Household,218.4798,Tier 2,Small,Supermarket Type1,0,4.3,2203.798,111.9544
Low Fat,Household,248.6776,Tier 2,Small,Supermarket Type1,0.019502965,4.3,495.3552,169.4474
Low Fat,Household,40.5454,Tier 2,Small,Supermarket Type1,0.016989991,4.3,545.2902,98.541
Low Fat,Household,264.5568,Tier 2,Small,Supermarket Type1,0.167552202,4.3,5536.7928,193.1136
Low Fat,Meat,165.3184,Tier 2,Small,Supermarket Type1,0.025756826,4.3,990.7104,87.2172
Low Fat,Meat,83.7934,Tier 2,Small,Supermarket Type1,0.039555016,4.3,1474.0812,116.8808
Low Fat,Seafood,229.4694,Tier 2,Small,Supermarket Type1,0.073396761,4.3,2055.3246,35.1216
Low Fat,Snack Foods,45.006,Tier 2,Small,Supermarket Type1,0.020387989,4.3,792.302,247.1092
Low Fat,Snack Foods,79.2276,Tier 2,Small,Supermarket Type1,0.041934387,4.3,649.8208,44.6428
Low Fat,Snack Foods,59.422,Tier 2,Small,Supermarket Type1,0.121702394,4.3,1078.596,42.7428
Low Fat,Snack Foods,60.1194,Tier 2,Small,Supermarket Type1,0.015766712,4.3,1114.5492,152.9366
Low Fat,Snack Foods,159.7894,Tier 2,Small,Supermarket Type1,0.039569689,4.3,1294.3152,165.9526
Low Fat,Soft Drinks,196.3426,Tier 2,Small,Supermarket Type1,0.062878412,4.3,1384.1982,160.9578
Low Fat,Soft Drinks,141.8128,Tier 2,Small,Supermarket Type1,0.183472595,4.3,1869.5664,82.0276
Low Fat,Soft Drinks,141.9154,Tier 2,Small,Supermarket Type1,0,4.3,992.7078,52.2324
Regular,Baking Goods,155.163,Tier 2,Small,Supermarket Type1,0,4.3,2972.797,53.1298
Regular,Breakfast,197.2742,Tier 2,Small,Supermarket Type1,0.063313974,4.3,2587.9646,153.7682
Regular,Canned,253.0356,Tier 2,Small,Supermarket Type1,0,4.3,254.3356,229.0352
Regular,Canned,117.6124,Tier 2,Small,Supermarket Type1,0.029158763,4.3,3910.9092,174.537
Regular,Canned,93.0804,Tier 2,Small,Supermarket Type1,0.161404914,4.3,2113.2492,185.8266
Regular,Dairy,165.65,Tier 2,Small,Supermarket Type1,0,4.3,665.8,55.8298
Regular,Dairy,223.4772,Tier 2,Small,Supermarket Type1,0.067859568,4.3,7116.0704,60.1562
Regular,Dairy,129.3336,Tier 2,Small,Supermarket Type1,0.156802171,4.3,127.8336,242.1538
Regular,Frozen Foods,166.85,Tier 2,Small,Supermarket Type1,0.082915017,4.3,5326.4,34.9558
Regular,Frozen Foods,188.4898,Tier 2,Small,Supermarket Type1,0.024201084,4.3,4677.245,112.6176
Regular,Frozen Foods,166.8816,Tier 2,Small,Supermarket Type1,0.076547632,4.3,1845.5976,109.5228
Regular,Frozen Foods,234.53,Tier 2,Small,Supermarket Type1,0,4.3,6524.84,179.2344
Regular,Frozen Foods,252.5724,Tier 2,Small,Supermarket Type1,0.016650191,4.3,3271.7412,97.4726
Regular,Frozen Foods,197.511,Tier 2,Small,Supermarket Type1,0.159825617,4.3,982.055,195.5478
Regular,Fruits and Vegetables,86.7882,Tier 2,Small,Supermarket Type1,0.030563449,4.3,85.8882,114.4176
Regular,Fruits and Vegetables,168.7132,Tier 2,Small,Supermarket Type1,0.043646901,4.3,6426.3016,155.7946
Regular,Fruits and Vegetables,217.0824,Tier 2,Small,Supermarket Type1,0.016593506,4.3,6769.8544,46.9034
Regular,Fruits and Vegetables,161.0578,Tier 2,Small,Supermarket Type1,0.029648306,4.3,481.3734,142.4838
Regular,Meat,114.8834,Tier 2,Small,Supermarket Type1,0.065507999,4.3,3340.3186,168.9816
Regular,Snack Foods,36.6874,Tier 2,Small,Supermarket Type1,0.134684292,4.3,1058.622,47.0402
Regular,Snack Foods,187.724,Tier 2,Small,Supermarket Type1,0.075834825,4.3,1491.392,82.9908
Regular,Snack Foods,146.3076,Tier 2,Small,Supermarket Type1,0.070288365,4.3,886.8456,64.3484
Regular,Snack Foods,188.753,Tier 2,Small,Supermarket Type1,0.128011859,4.3,3795.06,166.8816
Regular,Snack Foods,145.276,Tier 2,Small,Supermarket Type1,0,4.3,2490.092,178.1344
Regular,Soft Drinks,49.8666,Tier 2,Small,Supermarket Type1,0.007043008,4.3,563.9326,190.353
low fat,Soft Drinks,123.7704,Tier 2,Small,Supermarket Type1,0.09627919,4.3,3129.26,167.3158
reg,Snack Foods,176.2712,Tier 2,Small,Supermarket Type1,0.072863893,4.3,1230.3984,118.6098
LF,Hard Drinks,141.3154,Tier 3,Medium,Grocery Store,0.097805615,4.3,3261.7542,73.938
Low Fat,Baking Goods,170.9106,Tier 3,Medium,Grocery Store,0.13575135,4.3,1197.7742,111.5544
Low Fat,Baking Goods,100.5358,Tier 3,Medium,Grocery Store,0.057527544,4.3,2111.2518,43.1086
Low Fat,Breads,256.5988,Tier 3,Medium,Grocery Store,0.11566015,4.3,2055.9904,218.3166
Low Fat,Frozen Foods,36.0848,Tier 3,Medium,Grocery Store,0,4.3,1193.1136,37.5822
Low Fat,Fruits and Vegetables,126.5362,Tier 3,Medium,Grocery Store,0.214306131,4.3,1761.7068,213.9902
Low Fat,Fruits and Vegetables,146.076,Tier 3,Medium,Grocery Store,0.050371508,4.3,2636.568,214.7192
Low Fat,Fruits and Vegetables,65.9142,Tier 3,Medium,Grocery Store,0.270300331,4.3,790.9704,38.319
Low Fat,Fruits and Vegetables,247.4434,Tier 3,Medium,Grocery Store,0.039255412,4.3,2980.1208,94.4778
Low Fat,Hard Drinks,215.2218,Tier 3,Medium,Grocery Store,0.14032811,4.3,3419.5488,109.1596
Low Fat,Health and Hygiene,37.3506,Tier 3,Medium,Grocery Store,0.087387669,4.3,834.9132,125.073
Low Fat,Household,173.2764,Tier 3,Medium,Grocery Store,0.075000682,4.3,3779.0808,61.0562
Low Fat,Household,100.7674,Tier 3,Medium,Grocery Store,0.134393836,4.3,814.9392,48.0718
Low Fat,Household,60.0194,Tier 3,Medium,Grocery Store,0.064410783,4.3,1114.5492,33.39
Low Fat,Household,146.3786,Tier 3,Medium,Grocery Store,0.17314115,4.3,866.8716,168.4448
Low Fat,Household,119.044,Tier 3,Medium,Grocery Store,0.040725405,4.3,2396.88,43.4454
Low Fat,Snack Foods,182.4634,Tier 3,High,Grocery Store,0.233356571,4.3,1999.3974,146.576
Low Fat,Starchy Foods,44.0112,Tier 3,High,Grocery Store,0.10084386,4.3,468.7232,166.3526
Regular,Baking Goods,94.3752,Tier 3,High,Grocery Store,0.05046718,4.3,1342.2528,97.6384
Regular,Baking Goods,216.4824,Tier 3,High,Grocery Store,0.235354055,4.3,218.3824,50.8008
Regular,Breads,48.3718,Tier 3,High,Grocery Store,0.049163321,4.3,614.5334,186.4556
Regular,Breads,158.1604,Tier 3,High,Grocery Store,0.106894492,4.3,1426.1436,260.4594
Regular,Canned,102.7332,Tier 3,High,Grocery Store,0.088257771,4.3,1537.998,84.1224
Regular,Dairy,57.0614,Tier 3,High,Grocery Store,0.179191782,4.3,939.4438,224.2772
Regular,Dairy,261.491,Tier 3,High,Grocery Store,0.123727659,4.3,3418.883,253.0356
Regular,Frozen Foods,50.6008,Tier 3,High,Grocery Store,0.060302689,4.3,404.8064,175.8712
Regular,Frozen Foods,51.4666,Tier 3,High,Grocery Store,0.127283051,4.3,974.0654,191.7846
Regular,Fruits and Vegetables,161.0578,Tier 3,High,Grocery Store,0.090008963,4.3,2406.867,164.0526
Regular,Fruits and Vegetables,223.5404,Tier 3,High,Grocery Store,0.036773101,4.3,5626.01,250.3092
Regular,Fruits and Vegetables,260.8962,Tier 3,High,Grocery Store,0.044024163,4.3,5956.9126,102.0332
Regular,Fruits and Vegetables,246.846,Tier 3,High,Grocery Store,0.049634572,4.3,6404.996,140.2838
Regular,Fruits and Vegetables,44.077,Tier 3,High,Grocery Store,0.100095288,4.3,216.385,125.2678
Regular,Meat,78.2328,Tier 3,High,Grocery Store,0.130657442,4.3,1158.492,106.4596
Regular,Meat,101.0016,Tier 3,High,Grocery Store,0.091310237,4.3,202.4032,96.9094
Regular,Snack Foods,260.3278,Tier 3,High,Grocery Store,0.04855968,4.3,2342.9502,188.4898
Regular,Snack Foods,174.6054,Tier 3,High,Grocery Store,0,4.3,2976.7918,182.3608
Regular,Snack Foods,224.7088,Tier 3,High,Grocery Store,0.018623146,4.3,3131.9232,87.854
Low Fat,Baking Goods,109.9254,Tier 3,High,Supermarket Type1,0.131394793,4.3,108.5254,151.9024
Low Fat,Breads,262.3594,Tier 3,High,Supermarket Type1,0.046336634,4.3,4448.2098,120.0414
Low Fat,Breakfast,75.7012,Tier 3,High,Supermarket Type1,0.142986863,4.3,1442.1228,130.3994
Low Fat,Canned,128.4652,Tier 3,High,Supermarket Type1,0.015259084,4.3,2841.6344,91.0146
Low Fat,Canned,180.666,Tier 3,High,Supermarket Type1,0.035240817,4.3,2876.256,255.5014
Low Fat,Canned,124.5704,Tier 3,High,Supermarket Type1,0.078489577,4.3,1001.3632,39.9506
Low Fat,Dairy,107.4912,Tier 3,High,Supermarket Type1,0.139436695,4.3,982.7208,103.0306
Low Fat,Dairy,195.7768,Tier 3,High,Supermarket Type1,0.020853376,4.3,3547.3824,117.4782
Low Fat,Dairy,207.0954,Tier 3,High,Supermarket Type1,0.079739853,4.3,3125.931,233.03
Low Fat,Dairy,196.311,Tier 3,High,Supermarket Type1,0.045270426,4.3,3142.576,38.8138
Low Fat,Frozen Foods,100.57,Tier 3,High,Supermarket Type1,0.052511611,4.3,1398.18,90.783
Low Fat,Frozen Foods,176.0028,Tier 3,High,Supermarket Type1,0.018395194,4.3,4427.57,251.6698
Low Fat,Frozen Foods,73.8354,Tier 3,High,Supermarket Type1,0.011603492,4.3,1956.1204,97.741
Low Fat,Fruits and Vegetables,180.5976,Tier 3,High,Supermarket Type1,0.043526599,4.3,3078.6592,148.4418
Low Fat,Fruits and Vegetables,169.679,Tier 3,High,Supermarket Type1,0.120443298,4.3,1018.674,45.406
Low Fat,Fruits and Vegetables,56.2588,Tier 3,High,Supermarket Type1,0.175849067,4.3,687.1056,222.0772
Low Fat,Health and Hygiene,156.5946,Tier 3,High,Supermarket Type1,0.112177581,4.3,3787.0704,65.9168
Low Fat,Health and Hygiene,169.9764,Tier 3,High,Supermarket Type1,0.069487587,4.3,2748.4224,266.6884
Low Fat,Health and Hygiene,111.1912,Tier 3,High,Supermarket Type1,0.08226356,4.3,109.1912,160.492
Low Fat,Health and Hygiene,186.524,Tier 3,High,Supermarket Type1,0.018889593,4.3,2609.936,236.259
Low Fat,Health and Hygiene,141.1496,Tier 3,High,Supermarket Type1,0.0304697,4.3,4516.7872,191.3162
Low Fat,Household,89.1172,Tier 3,High,Supermarket Type1,0.026163192,4.3,2319.6472,121.5098
Low Fat,Household,159.6946,Tier 3,High,Supermarket Type1,0.027253711,4.3,3629.2758,170.9106
Low Fat,Household,148.8392,Tier 3,High,Supermarket Type1,0,4.3,2087.9488,119.0808
Low Fat,Household,121.644,Tier 3,High,Supermarket Type1,0.163805509,4.3,1557.972,117.6124
Low Fat,Household,146.6076,Tier 3,High,Supermarket Type1,0.042175992,4.3,2364.9216,106.4938
Low Fat,Household,149.0076,Tier 3,High,Supermarket Type1,0.029420857,4.3,4138.6128,256.9646
Low Fat,Household,264.7226,Tier 3,High,Supermarket Type1,0.026598474,4.3,3171.8712,245.8776
Low Fat,Household,224.0746,Tier 3,High,Supermarket Type1,0.038705317,4.3,2243.746,165.0842
Low Fat,Household,182.1976,Tier 3,High,Supermarket Type1,0.088908547,4.3,724.3904,192.8504
Low Fat,Household,143.6444,Tier 3,High,Supermarket Type1,0.041256807,4.3,145.1444,88.8514
Low Fat,Household,173.8054,Tier 3,High,Supermarket Type1,0.034623782,4.3,175.1054,118.9782
Low Fat,Household,258.4988,Tier 3,High,Supermarket Type1,0.143164371,4.3,4111.9808,34.919
Low Fat,Household,98.8384,Tier 3,High,Supermarket Type1,0.010593469,4.3,492.692,234.2958
Low Fat,Others,42.9112,Tier 3,High,Supermarket Type1,0.011180713,4.3,1022.6688,53.8614
Low Fat,Seafood,49.9034,Tier 3,High,Supermarket Type1,0.053980686,4.3,194.4136,196.8768
Low Fat,Snack Foods,149.8076,Tier 3,High,Supermarket Type1,0.107307677,4.3,2808.3444,149.8076
Low Fat,Snack Foods,42.5112,Tier 3,High,Supermarket Type1,0,4.3,852.224,55.1956
Low Fat,Snack Foods,56.5614,Tier 3,High,Supermarket Type1,0.012597384,4.3,828.921,141.218
Low Fat,Snack Foods,107.6596,Tier 3,High,Supermarket Type1,0.075908374,4.3,323.5788,213.4218
Low Fat,Soft Drinks,174.708,Tier 3,High,Supermarket Type1,0.013830218,4.3,2942.836,45.306
Low Fat,Soft Drinks,34.5532,Tier 3,High,Supermarket Type1,0.044840933,4.3,359.532,78.367
Low Fat,Starchy Foods,179.766,Tier 3,High,Supermarket Type1,0.153861181,4.3,719.064,108.5938
Regular,Baking Goods,130.2626,Tier 3,High,Supermarket Type1,0.049580407,4.3,2360.9268,227.4062
Regular,Baking Goods,211.2928,Tier 3,High,Supermarket Type1,0.103935018,4.3,2735.1064,166.85
Regular,Baking Goods,174.2054,Tier 3,High,Supermarket Type1,0.029535852,4.3,3677.2134,67.5142
Regular,Baking Goods,146.7076,Tier 3,High,Supermarket Type1,0.055672032,4.3,3842.9976,50.5666
Regular,Breads,100.77,Tier 3,High,Supermarket Type1,0.05443912,4.3,199.74,128.831
Regular,Breads,58.5588,Tier 3,High,Supermarket Type1,0.063810405,4.3,171.7764,263.2594
Regular,Canned,118.9098,Tier 3,High,Supermarket Type1,0.170141787,4.3,120.5098,116.7834
Regular,Frozen Foods,38.9822,Tier 3,High,Supermarket Type1,0.149890395,4.3,628.5152,159.0288
Regular,Frozen Foods,198.211,Tier 3,High,Supermarket Type1,0.075981306,4.3,2946.165,192.3846
Regular,Frozen Foods,149.5392,Tier 3,High,Supermarket Type1,0.016639482,4.3,1789.6704,95.8726
Regular,Frozen Foods,58.3904,Tier 3,High,Supermarket Type1,0.054410179,4.3,468.7232,151.3366
Regular,Fruits and Vegetables,100.47,Tier 3,High,Supermarket Type1,0.030918873,4.3,1597.92,123.9072
Regular,Fruits and Vegetables,264.491,Tier 3,High,Supermarket Type1,0.005525913,4.3,3681.874,168.279
Regular,Fruits and Vegetables,107.4622,Tier 3,High,Supermarket Type1,0.04152307,4.3,317.5866,124.3072
Regular,Fruits and Vegetables,198.1426,Tier 3,High,Supermarket Type1,0.056941603,4.3,1977.426,222.5088
Regular,Fruits and Vegetables,88.9856,Tier 3,High,Supermarket Type1,0.142570104,4.3,1230.3984,88.2514
Regular,Fruits and Vegetables,191.1504,Tier 3,High,Supermarket Type1,0.094218363,4.3,4410.2592,83.9882
Regular,Fruits and Vegetables,211.8218,Tier 3,High,Supermarket Type1,0.103363904,4.3,1496.0526,226.172
Regular,Meat,126.402,Tier 3,High,Supermarket Type1,0.025904648,4.3,1012.016,102.4674
Regular,Meat,113.6176,Tier 3,High,Supermarket Type1,0.096020459,4.3,2862.94,133.7942
Regular,Snack Foods,239.2222,Tier 3,High,Supermarket Type1,0.129395895,4.3,6692.6216,140.3838
Regular,Snack Foods,140.2838,Tier 3,High,Supermarket Type1,0.040325274,4.3,1404.838,180.466
Regular,Snack Foods,176.7712,Tier 3,High,Supermarket Type1,0.067020992,4.3,2812.3392,260.3304
Regular,Snack Foods,198.8084,Tier 3,High,Supermarket Type1,0,4.3,992.042,170.6132
Regular,Snack Foods,226.6062,Tier 3,High,Supermarket Type1,0.172615327,4.3,5191.2426,154.5972
Regular,Soft Drinks,78.067,Tier 3,High,Supermarket Type1,0.007038478,4.3,1148.505,189.253
Regular,Soft Drinks,124.1072,Tier 3,High,Supermarket Type1,0.112571187,4.3,245.0144,122.0388
Regular,Soft Drinks,154.134,Tier 3,High,Supermarket Type1,0.077108099,4.3,2909.546,232.8958
LF,Snack Foods,122.3072,Tier 3,Medium,Supermarket Type2,0.035016754,4.3,122.5072,245.3828
LF,Soft Drinks,41.4454,Tier 3,Medium,Supermarket Type2,0.079293753,4.3,1468.089,111.286
Low Fat,Baking Goods,143.3786,Tier 3,Medium,Supermarket Type2,0,4.3,1733.7432,84.554
Low Fat,Baking Goods,264.691,Tier 3,Medium,Supermarket Type2,0.076385385,4.3,5785.802,88.483
Low Fat,Baking Goods,142.4154,Tier 3,Medium,Supermarket Type2,0.07626905,4.3,1985.4156,113.1544
Low Fat,Baking Goods,262.6936,Tier 3,Medium,Supermarket Type2,0,4.3,4175.8976,43.4086
Low Fat,Canned,246.7144,Tier 3,Medium,Supermarket Type2,0.053506996,4.3,6615.3888,150.0734
Low Fat,Dairy,190.353,Tier 3,Medium,Supermarket Type2,0,4.3,569.259,42.0138
Low Fat,Dairy,196.5768,Tier 3,Medium,Supermarket Type2,0.028533032,4.3,2759.0752,151.434
Low Fat,Dairy,165.9526,Tier 3,Medium,Supermarket Type2,0.137368051,4.3,2631.2416,264.3568
Low Fat,Dairy,182.2634,Tier 3,Medium,Supermarket Type2,0.024325592,4.3,363.5268,48.5718
Low Fat,Frozen Foods,52.7956,Tier 3,Medium,Supermarket Type2,0.169139066,4.3,1037.3164,46.406
Low Fat,Frozen Foods,117.1124,Tier 3,Medium,Supermarket Type2,0.026980351,4.3,355.5372,262.591
Low Fat,Fruits and Vegetables,183.9292,Tier 3,Medium,Supermarket Type2,0.149125615,4.3,3283.7256,241.6854
Low Fat,Fruits and Vegetables,162.421,Tier 3,Medium,Supermarket Type2,0.021583971,4.3,1468.089,179.5976
Low Fat,Fruits and Vegetables,111.9518,Tier 3,Medium,Supermarket Type2,0.072592873,4.3,1138.518,48.5034
Low Fat,Fruits and Vegetables,92.8436,Tier 3,Medium,Supermarket Type2,0.097127867,4.3,189.0872,234.4958
Low Fat,Hard Drinks,32.8558,Tier 3,Medium,Supermarket Type2,0.042463728,4.3,339.558,121.9388
Low Fat,Health and Hygiene,78.8644,Tier 3,Medium,Supermarket Type2,0.112728355,4.3,314.2576,65.8168
Low Fat,Health and Hygiene,193.3478,Tier 3,Medium,Supermarket Type2,0,4.3,6006.1818,224.4404
Low Fat,Health and Hygiene,123.6046,Tier 3,Medium,Supermarket Type2,0.018982338,4.3,2988.1104,237.059
Low Fat,Household,98.5726,Tier 3,Medium,Supermarket Type2,0.0249887,4.3,1761.7068,150.3392
Low Fat,Household,129.0678,Tier 3,Medium,Supermarket Type2,0.080619969,4.3,3560.6984,47.4718
Low Fat,Household,48.5034,Tier 3,Medium,Supermarket Type2,0.047912071,4.3,874.8612,179.866
Low Fat,Household,168.5132,Tier 3,Medium,Supermarket Type2,0.061226969,4.3,2874.9244,253.0698
Low Fat,Household,112.986,Tier 3,Medium,Supermarket Type2,0.050545502,4.3,113.186,191.6162
Low Fat,Household,132.6626,Tier 3,Medium,Supermarket Type2,0.01040777,4.3,262.3252,209.4954
Low Fat,Household,104.4648,Tier 3,Medium,Supermarket Type2,0.066200667,4.3,2181.1608,61.451
Low Fat,Household,43.3454,Tier 3,Medium,Supermarket Type2,0.039405676,4.3,503.3448,149.8366
Low Fat,Meat,76.0328,Tier 3,Medium,Supermarket Type2,0.016802225,4.3,1853.5872,138.518
Low Fat,Others,191.2162,Tier 3,Medium,Supermarket Type2,0.012148836,4.3,7504.2318,191.353
Low Fat,Snack Foods,59.4904,Tier 3,Medium,Supermarket Type2,0.085312137,4.3,644.4944,107.4912
Low Fat,Snack Foods,263.0252,Tier 3,Medium,Supermarket Type2,0.08630486,4.3,2885.5772,168.0816
Low Fat,Snack Foods,125.2678,Tier 3,Medium,Supermarket Type2,0.112553853,4.3,1017.3424,59.022
Low Fat,Snack Foods,120.3098,Tier 3,Medium,Supermarket Type2,0.026248606,4.3,2530.7058,255.1356
Low Fat,Snack Foods,109.8596,Tier 3,Medium,Supermarket Type2,0.075501241,4.3,1617.894,123.1046
Low Fat,Snack Foods,106.2622,Tier 3,Medium,Supermarket Type2,0.077168705,4.3,2328.9684,160.6236
Low Fat,Snack Foods,189.253,Tier 3,Medium,Supermarket Type2,0.039738393,4.3,1328.271,163.7526
Low Fat,Soft Drinks,207.727,Tier 3,Medium,Supermarket Type2,0.067730081,4.3,209.727,242.6486
Low Fat,Soft Drinks,177.9686,Tier 3,Medium,Supermarket Type2,0.017396308,4.3,1244.3802,196.0768
Low Fat,Soft Drinks,101.7016,Tier 3,Medium,Supermarket Type2,0.184254826,4.3,1518.024,82.4276
Low Fat,Soft Drinks,139.1838,Tier 3,Medium,Supermarket Type2,0.049279392,4.3,1685.8056,65.7168
Low Fat,Soft Drinks,193.3162,Tier 3,Medium,Supermarket Type2,0.108036187,4.3,3078.6592,57.3904
Low Fat,Soft Drinks,192.6846,Tier 3,Medium,Supermarket Type2,0.037337632,4.3,2866.269,163.7526
Regular,Baking Goods,147.5418,Tier 3,Medium,Supermarket Type2,0.038042233,4.3,294.2836,154.2656
Regular,Breads,174.0422,Tier 3,Medium,Supermarket Type2,0.034745307,4.3,2069.3064,158.8288
Regular,Breakfast,260.4594,Tier 3,Medium,Supermarket Type2,0.056547986,4.3,1046.6376,232.73
Regular,Canned,184.8924,Tier 3,Medium,Supermarket Type2,0.055451725,4.3,4442.2176,122.6046
Regular,Canned,148.0734,Tier 3,Medium,Supermarket Type2,0.134870732,4.3,1930.1542,41.948
Regular,Canned,128.0678,Tier 3,Medium,Supermarket Type2,0.028391879,4.3,1780.3492,173.9422
Regular,Canned,246.0486,Tier 3,Medium,Supermarket Type2,0.031573246,4.3,7086.1094,99.47
Regular,Canned,158.6604,Tier 3,Medium,Supermarket Type2,0.054599767,4.3,316.9208,59.4904
Regular,Dairy,189.853,Tier 3,Medium,Supermarket Type2,0.139244918,4.3,3415.554,53.0298
Regular,Dairy,216.5824,Tier 3,Medium,Supermarket Type2,0.072689818,4.3,5241.1776,48.7692
Regular,Dairy,74.738,Tier 3,Medium,Supermarket Type2,0.074221559,4.3,1025.332,255.9356
Regular,Dairy,50.7982,Tier 3,Medium,Supermarket Type2,0.065328932,4.3,473.3838,78.4986
Regular,Dairy,115.015,Tier 3,Medium,Supermarket Type2,0.06823032,4.3,2912.875,121.044
Regular,Frozen Foods,248.9092,Tier 3,Medium,Supermarket Type2,0.033692089,4.3,5976.2208,76.2354
Regular,Frozen Foods,172.4764,Tier 3,Medium,Supermarket Type2,0.091283986,4.3,687.1056,232.6984
Regular,Fruits and Vegetables,111.4228,Tier 3,Medium,Supermarket Type2,0.029100745,4.3,2984.1156,80.696
Regular,Fruits and Vegetables,42.177,Tier 3,Medium,Supermarket Type2,0,4.3,1255.033,117.7466
Regular,Fruits and Vegetables,246.446,Tier 3,Medium,Supermarket Type2,0.069219165,4.3,3695.19,196.5768
Regular,Fruits and Vegetables,214.0218,Tier 3,Medium,Supermarket Type2,0,4.3,1068.609,165.5526
Regular,Fruits and Vegetables,122.4414,Tier 3,Medium,Supermarket Type2,0.038657256,4.3,1583.9382,110.257
Regular,Fruits and Vegetables,220.4798,Tier 3,Medium,Supermarket Type2,0.082085787,4.3,661.1394,92.2488
Regular,Fruits and Vegetables,62.7168,Tier 3,Medium,Supermarket Type2,0.035400659,4.3,958.752,161.9578
Regular,Fruits and Vegetables,190.3872,Tier 3,Medium,Supermarket Type2,0.012254429,4.3,2836.308,59.9904
Regular,Meat,164.0552,Tier 3,Medium,Supermarket Type2,0.044432887,4.3,5523.4768,102.899
Regular,Meat,50.3034,Tier 3,Medium,Supermarket Type2,0.047220268,4.3,972.068,181.9608
Regular,Meat,111.9886,Tier 3,Medium,Supermarket Type2,0.15911489,4.3,3002.0922,158.1946
Regular,Meat,119.044,Tier 3,Medium,Supermarket Type2,0.096906831,4.3,1198.44,175.5028
Regular,Snack Foods,251.9698,Tier 3,Medium,Supermarket Type2,0.029616108,4.3,4566.0564,107.7622
Regular,Snack Foods,258.1962,Tier 3,Medium,Supermarket Type2,0.040523265,4.3,4402.9354,177.866
Regular,Snack Foods,255.3698,Tier 3,Medium,Supermarket Type2,0.014270394,4.3,4819.7262,187.3872
Regular,Snack Foods,260.7252,Tier 3,Medium,Supermarket Type2,0.067350054,4.3,6033.4796,257.3304
Regular,Snack Foods,257.633,Tier 3,Medium,Supermarket Type2,0.047449835,4.3,1537.998,118.1782
Regular,Soft Drinks,168.0816,Tier 3,Medium,Supermarket Type2,0.032573725,4.3,2181.1608,125.073
Regular,Starchy Foods,139.1838,Tier 3,Medium,Supermarket Type2,0.053397642,4.3,4916.933,46.706
low fat,Soft Drinks,59.2588,Tier 3,Medium,Supermarket Type2,0.115500999,4.3,801.6232,161.1236
reg,Frozen Foods,247.4802,Tier 3,Medium,Supermarket Type2,0.067001825,4.3,1474.0812,259.1962
reg,Fruits and Vegetables,238.7538,Tier 3,Medium,Supermarket Type2,0.044372393,4.3,3605.307,180.3318
LF,Baking Goods,109.8912,Tier 3,Medium,Supermarket Type3,0.080203852,4.3,873.5296,77.996
LF,Fruits and Vegetables,46.9376,Tier 3,Medium,Supermarket Type3,0,4.3,575.2512,245.0144
LF,Fruits and Vegetables,49.0008,Tier 3,Medium,Supermarket Type3,0.147663025,4.3,860.2136,106.028
LF,Household,40.5138,Tier 3,Medium,Supermarket Type3,0.011762847,4.3,40.6138,153.534
Low Fat,Baking Goods,87.7882,Tier 3,Medium,Supermarket Type3,0.093010026,4.3,515.3292,143.0812
Low Fat,Baking Goods,237.9248,Tier 3,Medium,Supermarket Type3,0.056161529,4.3,2133.2232,246.9118
Low Fat,Baking Goods,121.2756,Tier 3,Medium,Supermarket Type3,0.034203092,4.3,2181.1608,43.3086
Low Fat,Baking Goods,124.9704,Tier 3,Medium,Supermarket Type3,0.130867413,4.3,2253.0672,150.8024
Low Fat,Canned,39.9822,Tier 3,Medium,Supermarket Type3,0.078174543,4.3,746.3618,39.9506
Low Fat,Canned,104.9622,Tier 3,Medium,Supermarket Type3,0.116762173,4.3,1482.0708,198.9768
Low Fat,Canned,98.6726,Tier 3,Medium,Supermarket Type3,0.073470234,4.3,1272.3438,205.3638
Low Fat,Dairy,116.6466,Tier 3,Medium,Supermarket Type3,0.01769927,4.3,117.8466,74.2012
Low Fat,Dairy,120.044,Tier 3,Medium,Supermarket Type3,0.02827966,4.3,4434.228,152.234
Low Fat,Frozen Foods,180.466,Tier 3,Medium,Supermarket Type3,0.015385857,4.3,719.064,208.9928
Low Fat,Frozen Foods,181.6318,Tier 3,Medium,Supermarket Type3,0.081614376,4.3,1263.0226,214.7534
Low Fat,Frozen Foods,216.3824,Tier 3,Medium,Supermarket Type3,0,4.3,6114.7072,100.7042
Low Fat,Fruits and Vegetables,196.3768,Tier 3,Medium,Supermarket Type3,0.030952737,4.3,2167.8448,160.1578
Low Fat,Fruits and Vegetables,41.0822,Tier 3,Medium,Supermarket Type3,0.098629062,4.3,942.7728,90.6462
Low Fat,Fruits and Vegetables,124.902,Tier 3,Medium,Supermarket Type3,0.171761077,4.3,1897.53,115.7518
Low Fat,Fruits and Vegetables,101.2016,Tier 3,Medium,Supermarket Type3,0.035183156,4.3,2631.2416,37.8506
Low Fat,Fruits and Vegetables,141.7154,Tier 3,Medium,Supermarket Type3,0.020614212,4.3,2978.1234,126.4046
Low Fat,Fruits and Vegetables,147.3102,Tier 3,Medium,Supermarket Type3,0.049080853,4.3,2332.9632,147.7734
Low Fat,Fruits and Vegetables,62.1194,Tier 3,Medium,Supermarket Type3,0.036109413,4.3,123.8388,140.6154
Low Fat,Fruits and Vegetables,108.5228,Tier 3,Medium,Supermarket Type3,0.127792701,4.3,1989.4104,111.1886
Low Fat,Fruits and Vegetables,216.0192,Tier 3,Medium,Supermarket Type3,0.026055106,4.3,2372.9112,169.5474
Low Fat,Hard Drinks,94.6436,Tier 3,Medium,Supermarket Type3,0.075084457,4.3,1607.2412,233.9616
Low Fat,Health and Hygiene,80.896,Tier 3,Medium,Supermarket Type3,0.116366304,4.3,958.752,158.363
Low Fat,Health and Hygiene,197.7768,Tier 3,Medium,Supermarket Type3,0.019386057,4.3,197.0768,194.5794
Low Fat,Household,81.396,Tier 3,Medium,Supermarket Type3,0.176411579,4.3,1198.44,173.2422
Low Fat,Household,120.244,Tier 3,Medium,Supermarket Type3,0.034504414,4.3,2277.036,125.202
Low Fat,Household,197.7742,Tier 3,Medium,Supermarket Type3,0.082353076,4.3,796.2968,176.9054
Low Fat,Household,262.291,Tier 3,Medium,Supermarket Type3,0.029500321,4.3,525.982,46.2086
Low Fat,Household,208.7638,Tier 3,Medium,Supermarket Type3,0.047827139,4.3,3105.957,105.3622
Low Fat,Meat,127.0994,Tier 3,Medium,Supermarket Type3,0.052085615,4.3,2826.9868,242.8512
Low Fat,Meat,197.7768,Tier 3,Medium,Supermarket Type3,0.026933321,4.3,3153.2288,78.467
Low Fat,Meat,191.9504,Tier 3,Medium,Supermarket Type3,0.016653022,4.3,5369.0112,139.518
Low Fat,Meat,173.5422,Tier 3,Medium,Supermarket Type3,0.083536071,4.3,3448.844,255.433
Low Fat,Meat,121.3098,Tier 3,Medium,Supermarket Type3,0.080649685,4.3,1446.1176,189.9846
Low Fat,Meat,140.7812,Tier 3,Medium,Supermarket Type3,0.009950343,4.3,1567.2932,185.5608
Low Fat,Meat,154.5314,Tier 3,Medium,Supermarket Type3,0.032381325,4.3,1396.1826,166.1842
Low Fat,Meat,215.7192,Tier 3,Medium,Supermarket Type3,0.080741927,4.3,1078.596,220.8798
Low Fat,Others,145.8102,Tier 3,Medium,Supermarket Type3,0.01938106,4.3,291.6204,164.321
Low Fat,Snack Foods,79.6302,Tier 3,Medium,Supermarket Type3,0.088839949,4.3,554.6114,254.2672
Low Fat,Snack Foods,244.1828,Tier 3,Medium,Supermarket Type3,0.170254469,4.3,731.0484,124.8704
Low Fat,Soft Drinks,225.6088,Tier 3,Medium,Supermarket Type3,0.078589629,4.3,4250.4672,113.286
Low Fat,Soft Drinks,117.615,Tier 3,Medium,Supermarket Type3,0.072928316,4.3,1514.695,94.412
Low Fat,Soft Drinks,115.0492,Tier 3,Medium,Supermarket Type3,0.023463124,4.3,4054.722,190.6846
Low Fat,Soft Drinks,178.5318,Tier 3,Medium,Supermarket Type3,0.037006076,4.3,3067.3406,164.7526
Low Fat,Soft Drinks,104.828,Tier 3,Medium,Supermarket Type3,0.114609875,4.3,2343.616,197.0084
Regular,Breads,52.064,Tier 3,Medium,Supermarket Type3,0.075142108,4.3,852.224,145.8444
Regular,Breads,192.8846,Tier 3,Medium,Supermarket Type3,0.04368089,4.3,5350.3688,110.157
Regular,Breads,179.9002,Tier 3,Medium,Supermarket Type3,0.022170592,4.3,4119.3046,105.199
Regular,Canned,141.7154,Tier 3,Medium,Supermarket Type3,0,4.3,425.4462,100.3674
Regular,Canned,119.8124,Tier 3,Medium,Supermarket Type3,0.011937183,4.3,2133.2232,184.7924
Regular,Frozen Foods,215.0876,Tier 3,Medium,Supermarket Type3,0.024088444,4.3,5145.3024,112.7176
Regular,Frozen Foods,62.7826,Tier 3,Medium,Supermarket Type3,0.086837543,4.3,1162.4868,106.2306
Regular,Fruits and Vegetables,53.6614,Tier 3,Medium,Supermarket Type3,0.049842613,4.3,165.7842,164.2526
Regular,Fruits and Vegetables,222.0114,Tier 3,Medium,Supermarket Type3,0.086983591,4.3,3547.3824,219.8456
Regular,Fruits and Vegetables,123.1756,Tier 3,Medium,Supermarket Type3,0.053586458,4.3,1211.756,89.7856
Regular,Meat,162.4552,Tier 3,Medium,Supermarket Type3,0.026949463,4.3,2274.3728,197.711
Regular,Meat,177.237,Tier 3,Medium,Supermarket Type3,0.178210285,4.3,4763.799,95.7752
Regular,Snack Foods,238.188,Tier 3,Medium,Supermarket Type3,0.087894475,4.3,5033.448,121.173
Regular,Snack Foods,65.0142,Tier 3,Medium,Supermarket Type3,0.025795293,4.3,1120.5414,80.2302
Regular,Snack Foods,144.3444,Tier 3,Medium,Supermarket Type3,0.039031927,4.3,2612.5992,95.641
Regular,Soft Drinks,168.3474,Tier 3,Medium,Supermarket Type3,0.112119359,4.3,4548.0798,123.0388
Low Fat,Fruits and Vegetables,173.7422,Tier 3,High,Supermarket Type1,0.0680243,4.2,5863.0348,196.4426
Regular,Snack Foods,127.9678,Tier 3,High,Supermarket Type1,0.138190277,4.2,254.3356,250.8724
Low Fat,Health and Hygiene,108.9254,Tier 3,Medium,Supermarket Type2,0.080829372,4.2,2713.135,96.4436
Low Fat,Meat,54.0272,Tier 3,High,Supermarket Type1,0.02681843,4.2,447.4176,126.002
Low Fat,Frozen Foods,86.2882,Tier 3,High,Supermarket Type1,0.159803853,4.2,1631.8758,141.5154
Regular,Snack Foods,241.3512,Tier 1,Small,Supermarket Type1,0.123115764,4.2,5331.7264,95.6436
Regular,Meat,146.4734,Tier 1,Small,Grocery Store,0.064625342,4.2,3563.3616,176.937
LF,Soft Drinks,116.0176,Tier 2,Small,Supermarket Type1,0.063017847,4.2,1603.2464,159.0578
Low Fat,Soft Drinks,121.973,Tier 1,Small,Supermarket Type1,0.183507295,4.2,2709.806,82.4276
Low Fat,Frozen Foods,239.8538,Tier 3,Small,Grocery Store,0.009163216,4.2,4086.0146,101.7016
Low Fat,Household,245.3828,Tier 2,Small,Supermarket Type1,0.048331717,4.2,1705.7796,105.1622
Regular,Frozen Foods,153.7972,Tier 2,Small,Supermarket Type1,0,4.2,1402.1748,53.064
Regular,Snack Foods,195.2478,Tier 3,High,Supermarket Type1,0.04192285,4.2,7168.6686,54.764
Low Fat,Health and Hygiene,159.9578,Tier 1,Small,Grocery Store,0.128478462,4.2,962.7468,117.944
Regular,Snack Foods,37.319,Tier 3,Medium,Supermarket Type2,0.045165796,4.2,1281.665,100.0016
Regular,Fruits and Vegetables,107.228,Tier 2,Small,Supermarket Type1,0.050186726,4.2,426.112,164.1526
Low Fat,Dairy,176.337,Tier 2,Small,Supermarket Type1,0.058091482,4.2,1764.37,245.1802
Regular,Snack Foods,93.7436,Tier 2,Small,Supermarket Type1,0,4.2,1701.7848,263.7568
Low Fat,Dairy,255.433,Tier 2,Small,Supermarket Type1,0.087977262,4.2,4357.661,229.0668
Regular,Meat,146.9102,Tier 2,Small,Supermarket Type1,0.076276208,4.2,3207.8244,110.9202
Low Fat,Frozen Foods,38.119,Tier 3,High,Supermarket Type1,0.056245075,4.2,732.38,43.3454
Low Fat,Hard Drinks,173.308,Tier 2,Small,Supermarket Type1,0.141398626,4.2,6751.212,250.5382
Low Fat,Frozen Foods,77.567,Tier 2,Small,Supermarket Type1,0.139735226,4.2,306.268,147.5392
reg,Breakfast,241.2512,Tier 2,Small,Supermarket Type1,0.095102092,4.2,8239.9408,104.4332
Low Fat,Snack Foods,97.241,Tier 1,Small,Grocery Store,0.09246392,4.2,193.082,190.9504
Regular,Breads,53.3982,Tier 2,Small,Supermarket Type1,0.063993068,4.2,1209.7586,260.4594
Low Fat,Dairy,155.9314,Tier 1,Small,Supermarket Type1,0.058346939,4.2,3878.285,142.2128
Low Fat,Health and Hygiene,190.8162,Tier 1,Small,Grocery Store,0.053392944,4.2,2693.8268,193.8162
Low Fat,Baking Goods,43.277,Tier 1,Small,Grocery Store,0.065652494,4.2,649.155,48.9034
Regular,Starchy Foods,199.0742,Tier 2,Small,Supermarket Type1,0.017627888,4.2,4777.7808,239.6538
Low Fat,Dairy,86.9514,Tier 2,Small,Supermarket Type1,0.017191055,4.2,1416.8224,51.535
Regular,Dairy,140.4812,Tier 1,Medium,Supermarket Type1,0.047565208,4.2,2422.1804,213.4876
Low Fat,Fruits and Vegetables,263.1884,Tier 1,Small,Supermarket Type1,0.022604051,4.2,2914.8724,181.4318
Low Fat,Dairy,197.6084,Tier 3,High,Supermarket Type1,0,4.2,2380.9008,45.9428
Low Fat,Dairy,222.3772,Tier 3,Medium,Supermarket Type3,0.089035961,4.2,1556.6404,260.5594
Regular,Snack Foods,230.001,Tier 1,Medium,Supermarket Type1,0.012282366,4.2,689.103,132.5284
Low Fat,Frozen Foods,31.9558,Tier 1,Small,Supermarket Type1,0.127541722,4.2,373.5138,84.9224
Low Fat,Snack Foods,91.583,Tier 3,Small,Grocery Store,0.05837308,4.2,539.298,243.9828
Low Fat,Baking Goods,114.8834,Tier 3,Medium,Supermarket Type2,0,4.2,1612.5676,43.6744
Regular,Fruits and Vegetables,141.418,Tier 3,Medium,Supermarket Type2,0.043333912,4.2,559.272,201.0742
Regular,Baking Goods,181.466,Tier 3,High,Supermarket Type1,0.082197959,4.2,179.766,49.2034
Regular,Canned,125.2678,Tier 1,Small,Grocery Store,0,4.2,763.0068,160.692
Regular,Fruits and Vegetables,189.9872,Tier 1,Medium,Supermarket Type1,0.035205866,4.2,756.3488,171.3448
Low Fat,Snack Foods,44.7744,Tier 1,Small,Grocery Store,0.051778173,4.2,181.0976,157.892
LF,Health and Hygiene,188.6214,Tier 1,Small,Supermarket Type1,0.052054819,4.2,6029.4848,189.1846
Low Fat,Snack Foods,126.8994,Tier 3,Medium,Supermarket Type3,0.053795154,4.2,3083.9856,117.7466
Low Fat,Fruits and Vegetables,56.293,Tier 2,Small,Supermarket Type1,0.148492521,4.2,113.186,240.6854
Low Fat,Household,73.4696,Tier 1,Small,Supermarket Type1,0.014301326,4.2,2087.9488,103.0332
Low Fat,Fruits and Vegetables,179.7976,Tier 2,Medium,Supermarket Type1,0.111298111,4.2,2535.3664,191.7846
Low Fat,Dairy,148.4392,Tier 1,Medium,Supermarket Type1,0.044995631,4.2,1789.6704,89.2198
Regular,Meat,234.6616,Tier 1,Medium,Supermarket Type1,0.023567538,4.2,4687.232,226.8404
Low Fat,Household,229.5694,Tier 1,Small,Grocery Store,0.164864915,4.2,3425.541,255.2698
Low Fat,Canned,110.7228,Tier 1,Small,Supermarket Type1,0.013263968,4.2,1657.842,106.9254
Low Fat,Baking Goods,184.0292,Tier 1,Small,Supermarket Type1,0.047187038,4.2,3101.2964,100.6016
Low Fat,Canned,63.2536,Tier 1,Small,Supermarket Type1,0.082552214,4.2,1347.5792,179.8002
Low Fat,Hard Drinks,102.399,Tier 1,Medium,Supermarket Type1,0.072088552,4.2,2270.378,253.704
Regular,Fruits and Vegetables,172.3448,Tier 3,Medium,Supermarket Type3,0.013529884,4.2,2556.672,106.2596
Low Fat,Dairy,170.5764,Tier 3,High,Supermarket Type1,0.049823902,4.2,3779.0808,82.225
Low Fat,Frozen Foods,90.0514,Tier 2,Medium,Supermarket Type1,0.026046138,4.2,1505.3738,147.2076
Low Fat,Snack Foods,36.7848,Tier 2,Medium,Supermarket Type1,0.037014587,4.2,782.9808,115.1834
Regular,Baking Goods,241.1538,Tier 3,Medium,Supermarket Type3,0.024776026,4.2,480.7076,172.3422
Low Fat,Snack Foods,173.5738,Tier 2,Small,Supermarket Type1,0.093653464,4.2,1911.5118,113.3834
Low Fat,Household,127.2994,Tier 2,Medium,Supermarket Type1,0.01430324,4.2,642.497,57.2614
Low Fat,Health and Hygiene,185.2608,Tier 3,Medium,Supermarket Type2,0.024482644,4.2,1470.0864,116.2492
Regular,Fruits and Vegetables,161.792,Tier 3,Medium,Supermarket Type3,0.058142797,4.2,159.792,162.1552
Regular,Dairy,235.3958,Tier 3,High,Supermarket Type1,0.072334667,4.2,6309.7866,49.1692
Regular,Fruits and Vegetables,38.4848,Tier 3,Medium,Supermarket Type3,0.109459733,4.2,633.8416,84.1592
Low Fat,Household,112.6176,Tier 1,Small,Supermarket Type1,0.013120028,4.2,3091.9752,217.6192
Low Fat,Soft Drinks,109.1912,Tier 3,Medium,Grocery Store,0,4.2,1637.868,32.89
Low Fat,Household,37.219,Tier 3,Medium,Supermarket Type2,0.071282168,4.2,805.618,74.4696
Low Fat,Health and Hygiene,162.6868,Tier 3,High,Supermarket Type1,0.064367627,4.2,3767.0964,126.1704
Regular,Frozen Foods,175.337,Tier 3,Medium,Supermarket Type3,0.13093275,4.2,529.311,86.9198
Low Fat,Fruits and Vegetables,39.3506,Tier 3,High,Supermarket Type1,0.064621927,4.2,645.1602,196.6794
Low Fat,Household,40.1164,Tier 2,Medium,Supermarket Type1,0.024701262,4.2,849.5608,176.8686
Low Fat,Snack Foods,191.353,Tier 2,Small,Supermarket Type1,0.107376743,4.2,1328.271,147.6076
Low Fat,Health and Hygiene,98.8358,Tier 1,Small,Supermarket Type1,0.054990009,4.2,2010.716,35.2874
Low Fat,Snack Foods,196.5084,Tier 3,Medium,Grocery Store,0.050111641,4.2,4364.9848,165.9816
LF,Fruits and Vegetables,79.6302,Tier 1,Medium,Supermarket Type1,0.042626422,4.2,792.302,227.072
LF,Household,55.7298,Tier 1,Medium,Supermarket Type1,0,4.2,2804.3496,53.2614
Low Fat,Baking Goods,240.3564,Tier 1,Medium,Supermarket Type1,0.103138922,4.2,4290.4152,141.747
Low Fat,Baking Goods,38.1848,Tier 1,Medium,Supermarket Type1,0.047260402,4.2,37.2848,102.8016
Low Fat,Baking Goods,157.763,Tier 1,Medium,Supermarket Type1,0.055015935,4.2,2659.871,194.3452
Low Fat,Baking Goods,184.624,Tier 1,Medium,Supermarket Type1,0.021464454,4.2,5406.296,156.6288
Low Fat,Breads,85.5566,Tier 1,Medium,Supermarket Type1,0.046447328,4.2,930.1226,121.5414
Low Fat,Canned,229.2694,Tier 1,Medium,Supermarket Type1,0.037457098,4.2,1826.9552,83.4224
Low Fat,Canned,115.4176,Tier 1,Medium,Supermarket Type1,0.122684413,4.2,1145.176,132.2942
Low Fat,Dairy,112.0202,Tier 1,Medium,Supermarket Type1,0.137023446,4.2,3150.5656,263.7568
Low Fat,Dairy,83.7566,Tier 1,Medium,Supermarket Type1,0.058192802,4.2,253.6698,246.9802
Low Fat,Dairy,112.7886,Tier 1,Medium,Supermarket Type1,0.055519561,4.2,1779.0176,219.8114
Low Fat,Dairy,92.7146,Tier 1,Medium,Supermarket Type1,0.097367722,4.2,1185.7898,89.3856
Low Fat,Frozen Foods,233.9958,Tier 1,Medium,Supermarket Type1,0.083327693,4.2,467.3916,247.2776
Low Fat,Frozen Foods,78.1644,Tier 1,Medium,Supermarket Type1,0.015131684,4.2,1414.1592,83.025
Low Fat,Frozen Foods,151.1024,Tier 1,Medium,Supermarket Type1,0.038014104,4.2,1518.024,62.351
Low Fat,Frozen Foods,146.1786,Tier 1,Medium,Supermarket Type1,0.052637056,4.2,3034.0506,88.583
Low Fat,Frozen Foods,93.2094,Tier 1,Medium,Supermarket Type1,0.16871476,4.2,666.4658,47.306
Low Fat,Fruits and Vegetables,89.0488,Tier 1,Medium,Supermarket Type1,0.035409328,4.2,181.0976,36.2506
Low Fat,Fruits and Vegetables,105.6964,Tier 1,Medium,Supermarket Type1,0.072994847,4.2,210.3928,189.253
Low Fat,Fruits and Vegetables,152.9366,Tier 1,Medium,Supermarket Type1,0.076975118,4.2,1662.5026,46.2086
Low Fat,Fruits and Vegetables,144.6102,Tier 1,Medium,Supermarket Type1,0.174644552,4.2,3791.0652,113.2834
Low Fat,Fruits and Vegetables,78.7618,Tier 1,Medium,Supermarket Type1,0.049396364,4.2,402.809,146.4734
Low Fat,Hard Drinks,82.425,Tier 1,Medium,Supermarket Type1,0.010781158,4.2,749.025,149.9392
Low Fat,Hard Drinks,121.444,Tier 1,Medium,Supermarket Type1,0.140821917,4.2,2516.724,252.9382
Low Fat,Health and Hygiene,214.0218,Tier 1,Medium,Supermarket Type1,0.052121825,4.2,5556.7668,104.828
Low Fat,Household,65.5168,Tier 1,Medium,Supermarket Type1,0.033160417,4.2,1022.6688,119.6124
Low Fat,Household,174.9054,Tier 1,Medium,Supermarket Type1,0.041291929,4.2,525.3162,130.131
Low Fat,Meat,196.2768,Tier 1,Medium,Supermarket Type1,0.058181585,4.2,1576.6144,154.4314
Low Fat,Meat,194.611,Tier 1,Medium,Supermarket Type1,0.046707264,4.2,392.822,152.6682
Low Fat,Snack Foods,187.6556,Tier 1,Medium,Supermarket Type1,0.039553606,4.2,5257.1568,99.1042
Low Fat,Snack Foods,111.1886,Tier 1,Medium,Supermarket Type1,0.065350715,4.2,4447.544,175.437
Low Fat,Snack Foods,190.4214,Tier 1,Medium,Supermarket Type1,0.074460855,4.2,5652.642,253.6724
Low Fat,Snack Foods,177.5344,Tier 1,Medium,Supermarket Type1,0.107564024,4.2,3033.3848,149.0076
Low Fat,Snack Foods,35.2558,Tier 1,Medium,Supermarket Type1,0.029785889,4.2,780.9834,38.9822
Low Fat,Snack Foods,115.8466,Tier 1,Medium,Supermarket Type1,0.045117476,4.2,2474.7786,187.9556
Low Fat,Snack Foods,50.8008,Tier 1,Medium,Supermarket Type1,0.075311837,4.2,101.2016,122.6046
Low Fat,Snack Foods,152.4366,Tier 1,Medium,Supermarket Type1,0.047964395,4.2,3929.5516,185.0898
Low Fat,Snack Foods,36.8874,Tier 1,Medium,Supermarket Type1,0.128289285,4.2,564.5984,104.9622
Low Fat,Snack Foods,248.0092,Tier 1,Medium,Supermarket Type1,0.067039526,4.2,1245.046,178.337
Low Fat,Soft Drinks,151.8024,Tier 1,Medium,Supermarket Type1,0.035999599,4.2,151.8024,41.5138
Low Fat,Soft Drinks,103.999,Tier 1,Medium,Supermarket Type1,0.073397129,4.2,825.592,91.912
Regular,Baking Goods,179.566,Tier 1,Medium,Supermarket Type1,0.030198228,4.2,2696.49,98.2384
Regular,Breads,122.973,Tier 1,Medium,Supermarket Type1,0.081794766,4.2,1231.73,173.6054
Regular,Breads,53.5614,Tier 1,Medium,Supermarket Type1,0.063962842,4.2,939.4438,263.1594
Regular,Canned,105.3306,Tier 1,Medium,Supermarket Type1,0.027653795,4.2,2090.612,88.0856
Regular,Dairy,175.8054,Tier 1,Medium,Supermarket Type1,0.042685217,4.2,2801.6864,120.7782
Regular,Dairy,89.5514,Tier 1,Medium,Supermarket Type1,0.045534457,4.2,3364.9532,146.3102
Regular,Frozen Foods,213.956,Tier 1,Medium,Supermarket Type1,0.030294931,4.2,2343.616,104.099
Regular,Frozen Foods,164.1526,Tier 1,Medium,Supermarket Type1,0.137858955,4.2,1808.9786,162.1236
Regular,Frozen Foods,197.9084,Tier 1,Medium,Supermarket Type1,0.025936747,4.2,992.042,164.921
Regular,Frozen Foods,241.8538,Tier 1,Medium,Supermarket Type1,0.019965179,4.2,5768.4912,130.531
Regular,Frozen Foods,106.0596,Tier 1,Medium,Supermarket Type1,0.042542484,4.2,970.7364,161.921
Regular,Fruits and Vegetables,176.8344,Tier 1,Medium,Supermarket Type1,0.035311852,4.2,3568.688,160.9578
Regular,Fruits and Vegetables,120.0414,Tier 1,Medium,Supermarket Type1,0.024987903,4.2,3533.4006,97.341
Regular,Fruits and Vegetables,180.7976,Tier 1,Medium,Supermarket Type1,0.016622448,4.2,6157.3184,50.2034
Regular,Fruits and Vegetables,198.9768,Tier 1,Medium,Supermarket Type1,0.021490911,4.2,4729.8432,122.1098
Regular,Fruits and Vegetables,260.6278,Tier 1,Medium,Supermarket Type1,0.028167478,4.2,9371.8008,45.5744
Regular,Fruits and Vegetables,81.7276,Tier 1,Medium,Supermarket Type1,0.059894378,4.2,1949.4624,125.9678
Regular,Meat,231.8984,Tier 1,Medium,Supermarket Type1,0.179355893,4.2,4633.968,94.1752
Regular,Meat,182.695,Tier 1,Medium,Supermarket Type1,0.022093019,4.2,4211.185,195.9452
Regular,Meat,121.673,Tier 1,Medium,Supermarket Type1,0.096249842,4.2,1970.768,134.4942
Regular,Snack Foods,199.5084,Tier 1,Medium,Supermarket Type1,0.134919202,4.2,3372.9428,46.9402
Regular,Snack Foods,50.8324,Tier 1,Medium,Supermarket Type1,0.072990979,4.2,934.7832,121.6098
Regular,Starchy Foods,224.0404,Tier 1,Medium,Supermarket Type1,0.017658634,4.2,3375.606,240.1538
Regular,Starchy Foods,138.6838,Tier 1,Medium,Supermarket Type1,0.135306012,4.2,2388.2246,183.7924
low fat,Baking Goods,193.3794,Tier 1,Medium,Supermarket Type1,0,4.2,780.3176,156.4604
low fat,Household,102.2332,Tier 1,Medium,Supermarket Type1,0.029054046,4.2,102.5332,144.6786
LF,Snack Foods,95.3094,Tier 1,Small,Grocery Store,0.213125482,4.2,1713.7692,44.9428
Low Fat,Baking Goods,178.7344,Tier 1,Small,Grocery Store,0.177354373,4.2,1605.9096,46.6744
Low Fat,Baking Goods,238.5222,Tier 1,Small,Grocery Store,0.166609517,4.2,717.0666,157.6604
Low Fat,Baking Goods,57.1614,Tier 1,Small,Grocery Store,0.099681705,4.2,1381.535,107.4622
Low Fat,Breads,106.2596,Tier 1,Small,Grocery Store,0.143199389,4.2,215.7192,175.837
Low Fat,Canned,98.0726,Tier 1,Small,Grocery Store,0.137539574,4.2,1076.5986,38.8506
Low Fat,Canned,170.6422,Tier 1,Small,Grocery Store,0.018275994,4.2,2931.5174,115.2808
Low Fat,Canned,170.0474,Tier 1,Small,Grocery Store,0.031069203,4.2,4211.185,179.6686
Low Fat,Canned,165.85,Tier 1,Small,Grocery Store,0.052749199,4.2,1830.95,74.967
Low Fat,Frozen Foods,55.1614,Tier 1,Small,Grocery Store,0,4.2,939.4438,98.241
Low Fat,Health and Hygiene,108.1912,Tier 1,Small,Grocery Store,0.135612397,4.2,1856.2504,61.1536
Low Fat,Health and Hygiene,114.1492,Tier 1,Small,Grocery Store,0.104784329,4.2,115.8492,266.0226
Low Fat,Health and Hygiene,209.027,Tier 1,Small,Grocery Store,0.135226962,4.2,4613.994,56.293
Low Fat,Household,143.547,Tier 1,Small,Grocery Store,0.196659953,4.2,1431.47,125.8046
Low Fat,Meat,122.1072,Tier 1,Small,Grocery Store,0.066351687,4.2,490.0288,65.0826
Low Fat,Meat,31.89,Tier 1,Small,Grocery Store,0.255929096,4.2,366.19,103.3648
Low Fat,Snack Foods,34.4558,Tier 1,Small,Grocery Store,0.027610698,4.2,611.2044,149.5366
Low Fat,Soft Drinks,86.254,Tier 1,Small,Grocery Store,0.068153091,4.2,2163.85,36.019
Low Fat,Soft Drinks,46.5376,Tier 1,Small,Grocery Store,0.124448295,4.2,575.2512,112.0518
Low Fat,Soft Drinks,247.8092,Tier 1,Small,Grocery Store,0.072864869,4.2,498.0184,165.2526
Regular,Canned,46.3718,Tier 1,Small,Grocery Store,0.081955735,4.2,661.8052,142.0838
Regular,Dairy,189.1872,Tier 1,Small,Grocery Store,0.168901843,4.2,5294.4416,43.4086
Regular,Frozen Foods,82.3618,Tier 1,Small,Grocery Store,0.080697998,4.2,1208.427,39.8506
Regular,Frozen Foods,40.3454,Tier 1,Small,Grocery Store,0.26639671,4.2,838.908,215.6218
Regular,Fruits and Vegetables,39.6796,Tier 1,Small,Grocery Store,0.278730642,4.2,660.4736,63.2194
Regular,Fruits and Vegetables,156.6288,Tier 1,Small,Grocery Store,0.185008985,4.2,3928.22,42.3796
Regular,Fruits and Vegetables,113.986,Tier 1,Small,Grocery Store,0.11173569,4.2,452.744,115.9492
Regular,Fruits and Vegetables,155.163,Tier 1,Small,Grocery Store,0.078758649,4.2,782.315,116.3808
Regular,Fruits and Vegetables,151.9024,Tier 1,Small,Grocery Store,0.076434542,4.2,2580.6408,155.8946
Regular,Meat,100.8332,Tier 1,Small,Grocery Store,0.133279499,4.2,1537.998,112.6202
Regular,Snack Foods,120.9098,Tier 1,Small,Grocery Store,0.036551446,4.2,1687.1372,62.7194
LF,Canned,206.6296,Tier 1,Small,Supermarket Type1,0.153618566,4.2,3115.944,79.6986
LF,Household,128.8968,Tier 1,Small,Supermarket Type1,0.016993204,4.2,2348.9424,95.741
LF,Meat,263.591,Tier 1,Small,Supermarket Type1,0.146172453,4.2,262.991,103.3648
Low Fat,Baking Goods,207.8954,Tier 1,Small,Supermarket Type1,0.102978817,4.2,3542.7218,144.947
Low Fat,Breads,215.2218,Tier 1,Small,Supermarket Type1,0.140889111,4.2,4701.8796,127.0994
Low Fat,Breads,110.3228,Tier 1,Small,Supermarket Type1,0.020697723,4.2,1768.3648,198.8742
Low Fat,Canned,35.7216,Tier 1,Small,Supermarket Type1,0.047782959,4.2,519.324,249.1092
Low Fat,Canned,111.8544,Tier 1,Small,Supermarket Type1,0.011261165,4.2,1677.816,189.5188
Low Fat,Canned,166.3526,Tier 1,Small,Supermarket Type1,0.078168739,4.2,164.4526,91.3804
Low Fat,Frozen Foods,219.8114,Tier 1,Small,Supermarket Type1,0.054986919,4.2,1108.557,108.6254
Low Fat,Frozen Foods,133.2284,Tier 1,Small,Supermarket Type1,0.082011521,4.2,4350.3372,213.3534
Low Fat,Frozen Foods,76.7328,Tier 1,Small,Supermarket Type1,0.015460726,4.2,1312.9576,211.8928
Low Fat,Frozen Foods,35.019,Tier 1,Small,Supermarket Type1,0.039824346,4.2,659.142,32.8558
Low Fat,Frozen Foods,37.9506,Tier 1,Small,Supermarket Type1,0.05629192,4.2,910.8144,42.5454
Low Fat,Frozen Foods,218.3482,Tier 1,Small,Supermarket Type1,0.016611475,4.2,2409.5302,122.0098
Low Fat,Fruits and Vegetables,145.1418,Tier 1,Small,Supermarket Type1,0.120543611,4.2,2648.5524,45.806
Low Fat,Hard Drinks,106.028,Tier 1,Small,Supermarket Type1,0.05843345,4.2,1065.28,74.738
Low Fat,Health and Hygiene,53.764,Tier 1,Small,Supermarket Type1,0.07113587,4.2,798.96,42.7086
Low Fat,Health and Hygiene,145.2102,Tier 1,Small,Supermarket Type1,0.11227101,4.2,3062.0142,63.2168
Low Fat,Health and Hygiene,191.8478,Tier 1,Small,Supermarket Type1,0.052209303,4.2,774.9912,122.373
Low Fat,Health and Hygiene,262.8936,Tier 1,Small,Supermarket Type1,0.027714371,4.2,4958.8784,65.6168
Low Fat,Health and Hygiene,173.1396,Tier 1,Small,Supermarket Type1,0.025130632,4.2,697.7584,150.0734
Low Fat,Household,196.9426,Tier 1,Small,Supermarket Type1,0.118674359,4.2,2768.3964,261.691
Low Fat,Household,185.1924,Tier 1,Small,Supermarket Type1,0.013130031,4.2,2591.2936,142.6154
Low Fat,Household,127.3362,Tier 1,Small,Supermarket Type1,0.013179388,4.2,755.0172,55.1614
Low Fat,Household,50.9008,Tier 1,Small,Supermarket Type1,0.02859825,4.2,354.2056,150.4708
Low Fat,Household,120.544,Tier 1,Small,Supermarket Type1,0.029445361,4.2,479.376,257.6646
Low Fat,Household,94.1436,Tier 1,Small,Supermarket Type1,0.027579198,4.2,1607.2412,178.7344
Low Fat,Household,74.6354,Tier 1,Small,Supermarket Type1,0.058935522,4.2,1053.2956,246.646
Low Fat,Meat,99.7016,Tier 1,Small,Supermarket Type1,0.07962861,4.2,1922.8304,63.4826
Low Fat,Meat,153.4682,Tier 1,Small,Supermarket Type1,0.027064381,4.2,1677.1502,76.367
Low Fat,Meat,100.8016,Tier 1,Small,Supermarket Type1,0.058091269,4.2,1113.2176,156.2314
Low Fat,Others,77.5012,Tier 1,Small,Supermarket Type1,0.120280989,4.2,1518.024,142.747
Low Fat,Snack Foods,92.3462,Tier 1,Small,Supermarket Type1,0.041921462,4.2,2406.2012,92.3462
Low Fat,Snack Foods,173.0422,Tier 1,Small,Supermarket Type1,0.056830682,4.2,2069.3064,214.0218
Low Fat,Snack Foods,173.7422,Tier 1,Small,Supermarket Type1,0.044463491,4.2,3621.2862,127.102
Low Fat,Snack Foods,207.0638,Tier 1,Small,Supermarket Type1,0.03901099,4.2,4969.5312,147.7418
Low Fat,Snack Foods,123.6046,Tier 1,Small,Supermarket Type1,0.118102769,4.2,1245.046,224.8088
Low Fat,Soft Drinks,236.5564,Tier 1,Small,Supermarket Type1,0.081787519,4.2,5243.8408,120.844
Regular,Baking Goods,51.3324,Tier 1,Small,Supermarket Type1,0.04688734,4.2,934.7832,107.957
Regular,Baking Goods,39.2848,Tier 1,Small,Supermarket Type1,0.062528426,4.2,521.9872,166.9184
Regular,Baking Goods,253.0356,Tier 1,Small,Supermarket Type1,0.022940826,4.2,4578.0408,241.8538
Regular,Canned,178.3028,Tier 1,Small,Supermarket Type1,0.05272914,4.2,1062.6168,86.4224
Regular,Canned,103.399,Tier 1,Small,Supermarket Type1,0.014626901,4.2,2579.975,207.7638
Regular,Canned,83.9592,Tier 1,Small,Supermarket Type1,0.114565093,4.2,165.1184,112.0202
Regular,Canned,46.1402,Tier 1,Small,Supermarket Type1,0.008191729,4.2,459.402,103.5674
Regular,Canned,167.5158,Tier 1,Small,Supermarket Type1,0.012012071,4.2,1504.0422,163.1184
Regular,Frozen Foods,232.23,Tier 1,Small,Supermarket Type1,0.032454046,4.2,5126.66,144.8102
Regular,Frozen Foods,172.8396,Tier 1,Small,Supermarket Type1,0.036027524,4.2,2616.594,177.2712
Regular,Frozen Foods,37.519,Tier 1,Small,Supermarket Type1,0.135775701,4.2,842.237,54.564
Regular,Frozen Foods,112.4886,Tier 1,Small,Supermarket Type1,0.159728395,4.2,1223.0746,34.3558
Regular,Fruits and Vegetables,152.1366,Tier 1,Small,Supermarket Type1,0.057058545,4.2,755.683,241.7512
Regular,Fruits and Vegetables,109.5254,Tier 1,Small,Supermarket Type1,0.035257037,4.2,1953.4572,161.2578
Regular,Fruits and Vegetables,143.0786,Tier 1,Small,Supermarket Type1,0.113217223,4.2,288.9572,191.1504
Regular,Fruits and Vegetables,176.5054,Tier 1,Small,Supermarket Type1,0.029653914,4.2,2976.7918,140.5838
Regular,Fruits and Vegetables,191.3846,Tier 1,Small,Supermarket Type1,0.046608497,4.2,2675.1844,122.9388
Regular,Meat,84.1908,Tier 1,Small,Supermarket Type1,0.012458143,4.2,755.0172,196.311
Regular,Meat,102.7332,Tier 1,Small,Supermarket Type1,0.020411155,4.2,410.1328,98.6042
Regular,Snack Foods,192.6478,Tier 1,Small,Supermarket Type1,0.074149074,4.2,387.4956,262.2568
Regular,Snack Foods,131.231,Tier 1,Small,Supermarket Type1,0.041282286,4.2,3635.268,103.5332
Regular,Snack Foods,187.5872,Tier 1,Small,Supermarket Type1,0,4.2,1323.6104,161.5578
Regular,Snack Foods,112.686,Tier 1,Small,Supermarket Type1,0.0111263,4.2,2942.836,87.254
Regular,Snack Foods,199.1742,Tier 1,Small,Supermarket Type1,0.121254236,4.2,4379.6324,94.5752
Regular,Starchy Foods,193.9452,Tier 1,Small,Supermarket Type1,0.128816212,4.2,2936.178,96.4068
Regular,Starchy Foods,53.3956,Tier 1,Small,Supermarket Type1,0,4.2,600.5516,184.3924
LF,Dairy,260.5278,Tier 2,Medium,Supermarket Type1,0.101980245,4.2,8851.1452,54.3956
LF,Household,153.0024,Tier 2,Medium,Supermarket Type1,0.075881475,4.2,2428.8384,155.2656
LF,Others,239.9564,Tier 2,Medium,Supermarket Type1,0,4.2,3813.7024,103.1016
LF,Dairy,128.3336,Tier 2,Medium,Supermarket Type1,0.038671588,4.2,2556.672,64.2852
LF,Snack Foods,97.341,Tier 2,Medium,Supermarket Type1,0.089777214,4.2,1255.033,256.4672
Low Fat,Baking Goods,172.908,Tier 2,Medium,Supermarket Type1,0.037708542,4.2,2769.728,74.7354
Low Fat,Baking Goods,76.8644,Tier 2,Medium,Supermarket Type1,0.076113671,4.2,1571.288,111.4544
Low Fat,Baking Goods,189.2214,Tier 2,Medium,Supermarket Type1,0.083172413,4.2,188.4214,121.0756
Low Fat,Canned,168.6448,Tier 2,Medium,Supermarket Type1,0.032009653,4.2,1022.6688,117.2492
Low Fat,Canned,197.8768,Tier 2,Medium,Supermarket Type1,0.187939003,4.2,3744.4592,146.9418
Low Fat,Canned,196.511,Tier 2,Medium,Supermarket Type1,0.024213342,4.2,2749.754,116.715
Low Fat,Canned,239.1538,Tier 2,Medium,Supermarket Type1,0.07871426,4.2,480.7076,37.2506
Low Fat,Dairy,242.6512,Tier 2,Medium,Supermarket Type1,0.020913071,4.2,969.4048,120.1782
Low Fat,Dairy,129.131,Tier 2,Medium,Supermarket Type1,0.166174549,4.2,4933.578,37.4506
Low Fat,Dairy,151.3366,Tier 2,Medium,Supermarket Type1,0.070297175,4.2,2720.4588,216.385
Low Fat,Dairy,181.8976,Tier 2,Medium,Supermarket Type1,0.055545797,4.2,4527.44,220.5114
Low Fat,Frozen Foods,185.5608,Tier 2,Medium,Supermarket Type1,0.015138834,4.2,3123.9336,81.925
Low Fat,Frozen Foods,98.0384,Tier 2,Medium,Supermarket Type1,0.02189371,4.2,2857.6136,262.791
Low Fat,Frozen Foods,76.067,Tier 2,Medium,Supermarket Type1,0.055098434,4.2,1454.773,109.2254
Low Fat,Frozen Foods,123.5046,Tier 2,Medium,Supermarket Type1,0.143419394,4.2,1992.0736,61.4878
Low Fat,Frozen Foods,78.3644,Tier 2,Medium,Supermarket Type1,0.082177842,4.2,1728.4168,214.1534
Low Fat,Frozen Foods,163.6184,Tier 2,Medium,Supermarket Type1,0.099193899,4.2,2311.6576,38.1164
Low Fat,Frozen Foods,192.9504,Tier 2,Medium,Supermarket Type1,0.014047825,4.2,7478.2656,36.719
Low Fat,Frozen Foods,148.0734,Tier 2,Medium,Supermarket Type1,0.12470444,4.2,593.8936,120.3124
Low Fat,Fruits and Vegetables,45.5744,Tier 2,Medium,Supermarket Type1,0.173867958,4.2,452.744,128.8652
Low Fat,Fruits and Vegetables,65.8142,Tier 2,Medium,Supermarket Type1,0.108412059,4.2,856.8846,233.2642
Low Fat,Fruits and Vegetables,31.9558,Tier 2,Medium,Supermarket Type1,0.025789175,4.2,984.7182,166.9474
Low Fat,Fruits and Vegetables,228.372,Tier 2,Medium,Supermarket Type1,0.081485126,4.2,2037.348,258.0988
Low Fat,Fruits and Vegetables,50.035,Tier 2,Medium,Supermarket Type1,0,4.2,149.805,115.0834
Low Fat,Fruits and Vegetables,51.3982,Tier 2,Medium,Supermarket Type1,0.012300013,4.2,473.3838,160.4894
Low Fat,Hard Drinks,42.7454,Tier 2,Medium,Supermarket Type1,0.064194304,4.2,293.6178,229.4694
Low Fat,Hard Drinks,190.1872,Tier 2,Small,Supermarket Type1,0.091051579,4.2,5105.3544,127.4336
Low Fat,Health and Hygiene,175.3028,Tier 2,Small,Supermarket Type1,0.034543718,4.2,3010.7476,99.7726
Low Fat,Health and Hygiene,77.6012,Tier 2,Small,Supermarket Type1,0.05510153,4.2,986.7156,37.0874
Low Fat,Health and Hygiene,112.9176,Tier 2,Small,Supermarket Type1,0.017073332,4.2,458.0704,109.5228
Low Fat,Health and Hygiene,196.011,Tier 2,Small,Supermarket Type1,0.035728302,4.2,589.233,95.212
Low Fat,Health and Hygiene,140.6154,Tier 2,Small,Supermarket Type1,0.01548171,4.2,283.6308,159.3604
Low Fat,Health and Hygiene,213.3534,Tier 2,Small,Supermarket Type1,0.04551031,4.2,1935.4806,149.6392
Low Fat,Household,172.4396,Tier 2,Small,Supermarket Type1,0.077011493,4.2,1569.9564,117.3492
Low Fat,Household,146.2102,Tier 2,Small,Supermarket Type1,0.038559926,4.2,437.4306,33.89
Low Fat,Household,112.7176,Tier 2,Small,Supermarket Type1,0.167722519,4.2,1717.764,176.3712
Low Fat,Others,188.224,Tier 2,Small,Supermarket Type1,0.047333044,4.2,1304.968,113.8202
Low Fat,Others,41.9796,Tier 2,Small,Supermarket Type1,0.013393537,4.2,784.3124,106.028
Low Fat,Snack Foods,165.7184,Tier 2,Small,Supermarket Type1,0.104023565,4.2,1816.3024,112.4544
Low Fat,Snack Foods,206.8638,Tier 2,Small,Supermarket Type1,0.096407554,4.2,2070.638,210.8612
Low Fat,Snack Foods,128.0994,Tier 2,Small,Supermarket Type1,0.121972274,4.2,2184.4898,43.1428
Low Fat,Snack Foods,99.6016,Tier 2,Small,Supermarket Type1,0.026663778,4.2,1922.8304,87.0198
Low Fat,Snack Foods,44.0744,Tier 2,Small,Supermarket Type1,0.045138797,4.2,633.8416,187.9556
Low Fat,Snack Foods,94.3436,Tier 2,Small,Supermarket Type1,0.06449461,4.2,2269.0464,259.2646
Low Fat,Soft Drinks,52.4982,Tier 2,Small,Supermarket Type1,0,4.2,1209.7586,121.644
Low Fat,Soft Drinks,119.3098,Tier 2,Small,Supermarket Type1,0.053480419,4.2,1205.098,42.377
Low Fat,Soft Drinks,197.311,Tier 2,Small,Supermarket Type1,0.014622625,4.2,3338.987,52.0324
Low Fat,Baking Goods,38.7506,Tier 2,Small,Supermarket Type1,0.056754036,4.2,227.7036,247.5118
Low Fat,Baking Goods,245.046,Tier 2,Small,Supermarket Type1,0.021552357,4.2,4680.574,157.0288
Low Fat,Canned,117.7492,Tier 2,Small,Supermarket Type1,0.053591345,4.2,695.0952,149.7734
Low Fat,Canned,193.982,Tier 2,Small,Supermarket Type1,0.121936216,4.2,579.246,94.4778
Low Fat,Canned,49.0692,Tier 2,Small,Supermarket Type1,0.034166609,4.2,1478.076,181.2976
Low Fat,Canned,99.0042,Tier 2,Small,Supermarket Type1,0.154487495,4.2,694.4294,77.2986
Low Fat,Canned,88.3856,Tier 2,Small,Supermarket Type1,0.03546967,4.2,703.0848,256.3014
Low Fat,Dairy,149.3708,Tier 2,Small,Supermarket Type1,0.058676973,4.2,4514.124,142.0128
Low Fat,Dairy,101.399,Tier 2,Small,Supermarket Type1,0.140342195,4.2,206.398,105.6306
Low Fat,Dairy,196.211,Tier 2,Small,Supermarket Type1,0.020988798,4.2,589.233,117.7782
Low Fat,Dairy,226.172,Tier 2,Small,Supermarket Type1,0.080257683,4.2,3169.208,232.63
Low Fat,Frozen Foods,124.2046,Tier 2,Small,Supermarket Type1,0.027032204,4.2,2490.092,106.328
Low Fat,Frozen Foods,88.1514,Tier 2,Small,Supermarket Type1,0.014098693,4.2,1151.1682,37.219
Low Fat,Fruits and Vegetables,186.0582,Tier 2,Small,Supermarket Type1,0.043809261,4.2,3900.9222,146.8418
Low Fat,Fruits and Vegetables,248.4776,Tier 2,Small,Supermarket Type1,0.093983518,4.2,6439.6176,175.5712
Low Fat,Fruits and Vegetables,104.5332,Tier 2,Small,Supermarket Type1,0.029953314,4.2,1845.5976,39.5138
Low Fat,Fruits and Vegetables,77.9986,Tier 2,Small,Supermarket Type1,0.184440421,4.2,934.7832,99.67
Low Fat,Fruits and Vegetables,121.573,Tier 2,Small,Supermarket Type1,0.072707309,4.2,3202.498,49.5034
Low Fat,Fruits and Vegetables,224.9088,Tier 2,Small,Supermarket Type1,0.100799828,4.2,2684.5056,78.4328
Low Fat,Hard Drinks,109.2228,Tier 2,Small,Supermarket Type1,0.123346085,4.2,221.0456,172.5396
Low Fat,Hard Drinks,151.7682,Tier 2,Small,Supermarket Type1,0.075876602,4.2,2439.4912,235.9616
Low Fat,Hard Drinks,44.0112,Tier 2,Small,Supermarket Type1,0.030877303,4.2,596.5568,42.177
Low Fat,Health and Hygiene,149.5734,Tier 2,Small,Supermarket Type1,0.024521239,4.2,2227.101,117.5492
Low Fat,Household,192.4846,Tier 2,Small,Supermarket Type1,0.077290355,4.2,5159.2842,116.9492
Low Fat,Household,153.6024,Tier 2,Small,Supermarket Type1,0.185889129,4.2,1366.2216,35.4216
Low Fat,Household,238.6222,Tier 2,Small,Supermarket Type1,0.029236727,4.2,8604.7992,123.8414
Low Fat,Household,190.2872,Tier 2,Small,Supermarket Type1,0.038699553,4.2,378.1744,33.79
Low Fat,Household,58.6562,Tier 2,High,Supermarket Type1,0.014103354,4.2,711.0744,225.4746
Low Fat,Household,34.819,Tier 2,High,Supermarket Type1,0.01438222,4.2,1061.951,102.2332
Low Fat,Meat,78.6328,Tier 2,High,Supermarket Type1,0.022587621,4.2,1004.0264,143.7812
Low Fat,Snack Foods,39.1138,Tier 2,High,Supermarket Type1,0.026940466,4.2,609.207,108.457
Low Fat,Snack Foods,110.8886,Tier 2,High,Supermarket Type1,0.058725134,4.2,3558.0352,43.6744
Low Fat,Snack Foods,155.8972,Tier 2,High,Supermarket Type1,0.019142452,4.2,2025.3636,237.5248
Low Fat,Snack Foods,118.115,Tier 2,High,Supermarket Type1,0.035384612,4.2,1864.24,180.3318
Low Fat,Soft Drinks,126.7678,Tier 2,High,Supermarket Type1,0.096943078,4.2,1907.517,196.5768
Regular,Baking Goods,218.9166,Tier 2,High,Supermarket Type1,0.02494708,4.2,5660.6316,172.3422
Regular,Baking Goods,99.8016,Tier 2,High,Supermarket Type1,0.186236236,4.2,607.2096,78.7328
Regular,Frozen Foods,39.6506,Tier 2,High,Supermarket Type1,0.042087749,4.2,1024.6662,192.682
Regular,Fruits and Vegetables,187.424,Tier 2,High,Supermarket Type1,0.088543868,4.2,3169.208,117.5466
Regular,Fruits and Vegetables,197.3452,Tier 2,High,Supermarket Type1,0.035222503,4.2,2740.4328,170.1448
Regular,Fruits and Vegetables,47.7692,Tier 2,High,Supermarket Type1,0.04324563,4.2,640.4996,199.4742
Regular,Fruits and Vegetables,122.2072,Tier 2,High,Supermarket Type1,0.106542886,4.2,1960.1152,173.2396
Regular,Fruits and Vegetables,230.601,Tier 2,High,Supermarket Type1,0.065339802,4.2,2067.309,89.1856
Regular,Fruits and Vegetables,77.2328,Tier 2,High,Supermarket Type1,0.025924623,4.2,231.6984,148.0418
Regular,Fruits and Vegetables,128.002,Tier 2,High,Supermarket Type1,0.049736267,4.2,253.004,76.8644
Regular,Meat,130.5626,Tier 2,High,Supermarket Type1,0.036957777,4.2,131.1626,230.5352
Regular,Snack Foods,153.4998,Tier 2,High,Supermarket Type1,0.029555773,4.2,2153.1972,105.9622
Regular,Snack Foods,205.3638,Tier 2,High,Supermarket Type1,0.030686952,4.2,5383.6588,253.4724
Regular,Snack Foods,245.546,Tier 2,High,Supermarket Type1,0.023201357,4.2,1724.422,45.9428
Regular,Soft Drinks,243.0196,Tier 2,High,Supermarket Type1,0.152262171,4.2,3615.294,44.4086
Regular,Breakfast,166.8474,Tier 2,High,Supermarket Type1,0.039469737,4.2,168.4474,155.163
Regular,Canned,175.437,Tier 2,High,Supermarket Type1,0.020898691,4.2,2999.429,92.2488
Regular,Canned,259.3278,Tier 2,High,Supermarket Type1,0.11521312,4.2,4165.2448,112.0202
Regular,Canned,95.6436,Tier 2,High,Supermarket Type1,0,4.2,1134.5232,153.3314
Regular,Dairy,159.6578,Tier 2,High,Supermarket Type1,0.068256316,4.2,2888.2404,60.9562
Regular,Dairy,179.866,Tier 2,High,Supermarket Type1,0.042860026,4.2,2696.49,120.3782
Regular,Frozen Foods,55.5298,Tier 2,High,Supermarket Type1,0.024342578,4.2,53.9298,113.6176
Regular,Frozen Foods,115.4518,Tier 2,High,Supermarket Type1,0.014166739,4.2,113.8518,178.2344
Regular,Frozen Foods,152.3682,Tier 2,High,Supermarket Type1,0.076474728,4.2,2287.023,191.8846
Regular,Frozen Foods,185.1924,Tier 2,High,Supermarket Type1,0.081096613,4.2,555.2772,261.2936
Regular,Frozen Foods,66.6142,Tier 2,High,Supermarket Type1,0.099832728,4.2,1120.5414,87.4856
Regular,Fruits and Vegetables,79.296,Tier 2,Medium,Supermarket Type1,0,4.2,719.064,115.7176
Regular,Fruits and Vegetables,47.8034,Tier 2,Medium,Supermarket Type1,0.050368454,4.2,437.4306,163.8526
Regular,Fruits and Vegetables,256.633,Tier 2,Medium,Supermarket Type1,0.156926608,4.2,2050.664,238.3538
Regular,Fruits and Vegetables,61.9168,Tier 2,Medium,Supermarket Type1,0,4.2,1214.4192,171.9764
Regular,Fruits and Vegetables,148.0418,Tier 2,Medium,Supermarket Type1,0.043902087,4.2,2059.9852,157.0946
Regular,Fruits and Vegetables,133.1626,Tier 2,Medium,Supermarket Type1,0.043201813,4.2,3672.5528,110.1254
Regular,Fruits and Vegetables,153.5656,Tier 2,Medium,Supermarket Type1,0.035456465,4.2,3089.312,162.2578
Regular,Fruits and Vegetables,165.021,Tier 2,Medium,Supermarket Type1,0,4.2,815.605,46.8034
Regular,Fruits and Vegetables,61.1536,Tier 2,Medium,Supermarket Type1,0.066005186,4.2,61.2536,188.4214
Regular,Seafood,107.128,Tier 2,Medium,Supermarket Type1,0.021695674,4.2,1278.336,185.3582
Regular,Snack Foods,103.8674,Tier 2,Medium,Supermarket Type1,0.014098693,4.2,1528.011,197.7084
Regular,Snack Foods,43.377,Tier 2,Medium,Supermarket Type1,0.009818244,4.2,129.831,223.1404
Regular,Snack Foods,55.093,Tier 2,Medium,Supermarket Type1,0.15021128,4.2,1301.639,179.066
Regular,Snack Foods,110.1254,Tier 2,Medium,Supermarket Type1,0.046023105,4.2,1844.9318,169.2132
Regular,Snack Foods,220.1798,Tier 2,Medium,Supermarket Type1,0.016055615,4.2,5068.7354,228.4352
Regular,Soft Drinks,217.5482,Tier 2,Medium,Supermarket Type1,0.152813518,4.2,1095.241,45.6086
low fat,Soft Drinks,151.9998,Tier 2,Medium,Supermarket Type1,0.09557165,4.2,307.5996,171.0106
low fat,Dairy,93.8462,Tier 2,Medium,Supermarket Type1,0.028578012,4.2,1295.6468,152.234
reg,Meat,118.8124,Tier 2,Medium,Supermarket Type1,0.03382933,4.2,2607.2728,196.9426
reg,Starchy Foods,228.6668,Tier 2,Medium,Supermarket Type1,0.142699588,4.2,3455.502,171.7448
reg,Meat,179.4318,Tier 2,Medium,Supermarket Type1,0.021065311,4.2,2345.6134,261.5936
reg,Snack Foods,196.2426,Tier 2,Medium,Supermarket Type1,0.062395455,4.2,197.7426,57.6562
LF,Fruits and Vegetables,126.5362,Tier 2,Small,Supermarket Type1,0.041387618,4.2,1761.7068,40.1164
LF,Household,105.5622,Tier 2,Small,Supermarket Type1,0.126220187,4.2,1905.5196,126.7362
LF,Household,163.5552,Tier 2,Small,Supermarket Type1,0.108010006,4.2,3086.6488,33.3558
LF,Household,39.1822,Tier 2,Small,Supermarket Type1,0.024650932,4.2,1060.6194,146.0102
LF,Seafood,153.1314,Tier 2,Small,Supermarket Type1,0.021531416,4.2,4653.942,108.4596
Low Fat,Baking Goods,175.0712,Tier 2,Small,Supermarket Type1,0.081996785,4.2,3339.6528,40.1164
Low Fat,Breads,151.2682,Tier 2,Small,Supermarket Type1,0.03558013,4.2,2439.4912,217.5166
Low Fat,Canned,99.4384,Tier 2,Small,Supermarket Type1,0.021203509,4.2,1379.5376,216.3824
Low Fat,Canned,223.9746,Tier 2,Small,Supermarket Type1,0.141615436,4.2,897.4984,169.0132
Low Fat,Dairy,141.4838,Tier 2,Small,Supermarket Type1,0,4.2,1404.838,117.8782
Low Fat,Frozen Foods,86.3856,Tier 2,Small,Supermarket Type1,0.008834023,4.2,615.1992,100.0384
Low Fat,Frozen Foods,95.7068,Tier 2,Small,Supermarket Type1,0.018407033,4.2,1069.2748,254.7698
Low Fat,Frozen Foods,185.924,Tier 2,Small,Supermarket Type1,0.104658344,4.2,4101.328,121.2072
Low Fat,Fruits and Vegetables,160.292,Tier 2,Small,Supermarket Type1,0.109990885,4.2,4793.76,172.908
Low Fat,Fruits and Vegetables,113.9518,Tier 2,Small,Supermarket Type1,0.017425784,4.2,1138.518,227.901
Low Fat,Fruits and Vegetables,122.2098,Tier 2,Small,Supermarket Type1,0.037574137,4.2,2771.7254,174.2054
Low Fat,Fruits and Vegetables,101.4332,Tier 2,Small,Supermarket Type1,0.125756824,4.2,1948.1308,87.1198
Low Fat,Fruits and Vegetables,258.5278,Tier 2,Small,Supermarket Type1,0.022395357,4.2,5206.556,96.5094
Low Fat,Fruits and Vegetables,57.5246,Tier 2,Small,Supermarket Type1,0.099090261,4.2,173.7738,94.0462
Low Fat,Fruits and Vegetables,34.919,Tier 2,Small,Supermarket Type1,0.024144862,4.2,73.238,123.373
Low Fat,Hard Drinks,180.466,Tier 2,Small,Supermarket Type1,0.034397781,4.2,3415.554,115.7834
Low Fat,Hard Drinks,179.1976,Tier 2,Small,Supermarket Type1,0.086764795,4.2,3803.0496,153.8682
Low Fat,Health and Hygiene,234.33,Tier 2,Small,Supermarket Type1,0.113917889,4.2,3961.51,158.2604
Low Fat,Health and Hygiene,154.1998,Tier 2,Small,Supermarket Type1,0.019476708,4.2,1384.1982,193.0794
Low Fat,Household,126.0704,Tier 2,Small,Supermarket Type1,0.051936086,4.2,1251.704,142.947
Low Fat,Household,101.9016,Tier 2,Small,Supermarket Type1,0.06375108,4.2,1821.6288,36.7848
Low Fat,Household,196.9426,Tier 2,Small,Supermarket Type1,0.052492122,4.2,5141.3076,191.053
Low Fat,Household,111.0228,Tier 2,Small,Supermarket Type1,0.060967038,4.2,3205.1612,254.3698
Low Fat,Household,214.1534,Tier 2,Small,Supermarket Type1,0.02394662,4.2,1720.4272,106.9964
Low Fat,Household,263.291,Tier 2,Small,Supermarket Type1,0.034646067,4.2,3418.883,120.6782
Low Fat,Meat,244.817,Tier 2,Small,Supermarket Type1,0.037889224,4.2,4374.306,64.7826
Low Fat,Meat,156.163,Tier 2,Small,Supermarket Type1,0.081119484,4.2,782.315,220.0798
Low Fat,Others,141.3838,Tier 2,Small,Supermarket Type1,0.01209726,4.2,1685.8056,188.853
Low Fat,Others,154.5998,Tier 2,Small,Supermarket Type1,0.033938279,4.2,153.7998,132.5284
Low Fat,Seafood,92.212,Tier 2,Small,Supermarket Type1,0.033851785,4.2,4101.328,112.186
Low Fat,Snack Foods,181.9634,Tier 2,Small,Supermarket Type1,0.103793399,4.2,3453.5046,110.1544
Low Fat,Snack Foods,105.9938,Tier 2,Small,Supermarket Type1,0.111419588,4.2,1179.1318,154.3998
Low Fat,Snack Foods,251.3066,Tier 2,Small,Supermarket Type1,0,4.2,1004.0264,244.817
Low Fat,Snack Foods,42.5454,Tier 2,Small,Supermarket Type1,0.038519399,4.2,419.454,236.8564
Low Fat,Snack Foods,239.6538,Tier 2,Small,Supermarket Type1,0.07595723,4.2,3845.6608,214.1218
Low Fat,Snack Foods,127.102,Tier 2,Small,Supermarket Type1,0.07518071,4.2,2024.032,126.2046
Low Fat,Snack Foods,150.4708,Tier 2,Small,Supermarket Type1,0.076841095,4.2,1956.1204,162.2236
Low Fat,Snack Foods,42.877,Tier 2,Small,Supermarket Type1,0.052800258,4.2,1168.479,193.2504
Low Fat,Snack Foods,56.4614,Tier 2,Small,Supermarket Type1,0.141789197,4.2,55.2614,121.9072
Low Fat,Soft Drinks,55.0956,Tier 2,Small,Supermarket Type1,0.019046089,4.2,2020.0372,188.424
Low Fat,Starchy Foods,160.4894,Tier 2,Small,Supermarket Type1,0.153960209,4.2,3073.9986,105.9938
Regular,Baking Goods,98.7042,Tier 2,Small,Supermarket Type1,0.045258247,4.2,1884.8798,35.9874
Regular,Baking Goods,53.3956,Tier 2,Small,Supermarket Type1,0.02536567,4.2,1364.89,82.7934
Regular,Baking Goods,145.7444,Tier 2,Small,Supermarket Type1,0.022936488,4.2,3193.1768,240.8538
Regular,Breads,177.866,Tier 2,Small,Supermarket Type1,0.056375879,4.2,2336.958,84.6908
Regular,Breads,185.2924,Tier 2,Small,Supermarket Type1,0.043885147,4.2,370.1848,108.757
Regular,Dairy,143.5786,Tier 2,Small,Supermarket Type1,0.10821852,4.2,3756.4436,96.3752
Regular,Dairy,44.9428,Tier 2,Small,Supermarket Type1,0.12770295,4.2,175.7712,120.444
Regular,Dairy,181.2976,Tier 2,Small,Supermarket Type1,0.170795745,4.2,3078.6592,154.463
Regular,Frozen Foods,115.1808,Tier 2,Small,Supermarket Type1,0.064002068,4.2,2109.2544,85.5566
Regular,Frozen Foods,113.7544,Tier 2,Small,Supermarket Type1,0.132521929,4.2,3243.7776,228.6668
Regular,Frozen Foods,37.9532,Tier 2,Small,Supermarket Type1,0.07603021,4.2,71.9064,189.0846
Regular,Frozen Foods,46.8718,Tier 2,Small,Supermarket Type1,0.041563696,4.2,189.0872,47.6376
Regular,Fruits and Vegetables,102.499,Tier 2,Small,Supermarket Type1,0.059716729,4.2,2579.975,130.9968
Regular,Fruits and Vegetables,124.1388,Tier 2,Small,Supermarket Type1,0,4.2,1486.0656,191.153
Regular,Fruits and Vegetables,43.8086,Tier 2,Small,Supermarket Type1,0.106307146,4.2,312.2602,174.9396
Regular,Fruits and Vegetables,254.5014,Tier 2,Small,Supermarket Type1,0,4.2,4845.0266,248.8092
Regular,Fruits and Vegetables,58.5588,Tier 2,Small,Supermarket Type1,0.071439051,4.2,171.7764,61.0536
Regular,Fruits and Vegetables,96.541,Tier 2,Small,Supermarket Type1,0.065195229,4.2,1834.279,88.9856
Regular,Fruits and Vegetables,89.7488,Tier 2,Small,Supermarket Type1,0.066284519,4.2,2082.6224,247.2092
Regular,Snack Foods,159.4262,Tier 2,Small,Supermarket Type1,0.029490377,4.2,2705.1454,107.6622
Regular,Snack Foods,196.811,Tier 2,Small,Supermarket Type1,0.074135053,4.2,3731.809,264.0568
Regular,Snack Foods,61.0536,Tier 2,Small,Supermarket Type1,0.040351229,4.2,1592.5936,181.366
Regular,Snack Foods,88.8514,Tier 2,Small,Supermarket Type1,0,4.2,2125.2336,103.0016
Regular,Snack Foods,248.275,Tier 2,Small,Supermarket Type1,0.149338159,4.2,998.7,178.666
Regular,Snack Foods,119.1124,Tier 2,Small,Supermarket Type1,0.04575559,4.2,3673.8844,167.1132
Regular,Snack Foods,109.8228,Tier 2,Small,Supermarket Type1,0.007145063,4.2,2099.9332,41.048
low fat,Health and Hygiene,63.2536,Tier 2,Small,Supermarket Type1,0.042743728,4.2,1225.072,166.2842
reg,Fruits and Vegetables,143.9102,Tier 2,Small,Supermarket Type1,0.046762633,4.2,3062.0142,170.8422
reg,Fruits and Vegetables,184.7924,Tier 2,Small,Supermarket Type1,0.053574075,4.2,4442.2176,223.7088
reg,Snack Foods,238.6906,Tier 2,Small,Supermarket Type1,0.076744561,4.2,4278.4308,113.4518
Low Fat,Baking Goods,211.9928,Tier 3,Medium,Grocery Store,0.13893181,4.2,631.1784,119.5756
Low Fat,Breads,121.5098,Tier 3,Medium,Grocery Store,0.080387424,4.2,602.549,219.2166
Low Fat,Canned,255.6356,Tier 3,Medium,Grocery Store,0,4.2,2797.6916,187.7214
Low Fat,Canned,149.8734,Tier 3,Medium,Grocery Store,0.105498192,4.2,445.4202,101.47
Low Fat,Dairy,83.9908,Tier 3,Medium,Grocery Store,0.071699984,4.2,2348.9424,177.6028
Low Fat,Frozen Foods,47.7402,Tier 3,Medium,Grocery Store,0.144167934,4.2,1975.4286,146.3076
Low Fat,Frozen Foods,59.2588,Tier 3,Medium,Grocery Store,0.01478914,4.2,1374.2112,97.7384
Low Fat,Frozen Foods,92.7146,Tier 3,Medium,Grocery Store,0.11178154,4.2,2006.7212,182.3292
Low Fat,Frozen Foods,175.837,Tier 3,Medium,Grocery Store,0.065771529,4.2,352.874,245.7802
Low Fat,Fruits and Vegetables,130.531,Tier 3,Medium,Grocery Store,0,4.2,908.817,90.883
Low Fat,Hard Drinks,164.121,Tier 3,Medium,Grocery Store,0.035016091,4.2,6035.477,144.3128
Low Fat,Hard Drinks,172.9422,Tier 3,Medium,Grocery Store,0.227189581,4.2,1379.5376,173.9422
Low Fat,Health and Hygiene,170.2106,Tier 3,Medium,Grocery Store,0.038235337,4.2,171.1106,177.5686
Low Fat,Health and Hygiene,257.2672,Tier 3,Medium,Grocery Store,0.137807013,4.2,2045.3376,161.792
Low Fat,Health and Hygiene,96.9094,Tier 3,Medium,Grocery Store,0,4.2,1332.9316,61.3536
Low Fat,Household,258.4962,Tier 3,Medium,Grocery Store,0.126752975,4.2,2848.9582,154.2656
Low Fat,Household,160.492,Tier 3,Medium,Grocery Store,0.02197698,4.2,1278.336,140.6154
Low Fat,Household,106.428,Tier 3,Medium,Grocery Store,0.043021542,4.2,1491.392,196.9084
Low Fat,Household,99.6726,Tier 3,Medium,Grocery Store,0.102065622,4.2,195.7452,254.2698
Low Fat,Household,35.919,Tier 3,Medium,Grocery Store,0.038460297,4.2,585.904,104.0332
Low Fat,Household,88.6198,Tier 3,High,Grocery Store,0.296713665,4.2,1133.8574,171.8422
Low Fat,Others,131.7284,Tier 3,High,Grocery Store,0.152377658,4.2,1186.4556,108.1938
Low Fat,Snack Foods,91.612,Tier 3,High,Grocery Store,0.236433601,4.2,93.212,155.5998
Low Fat,Snack Foods,237.059,Tier 3,High,Grocery Store,0.286357776,4.2,2836.308,123.9704
Low Fat,Snack Foods,179.6976,Tier 3,High,Grocery Store,0.19899855,4.2,3621.952,226.5694
Low Fat,Snack Foods,76.467,Tier 3,High,Grocery Store,0.153592956,4.2,1761.041,228.0352
Low Fat,Snack Foods,119.2098,Tier 3,High,Grocery Store,0.042179884,4.2,1325.6078,174.7054
Low Fat,Soft Drinks,186.9556,Tier 3,High,Grocery Store,0.161182103,4.2,3942.8676,165.3158
Regular,Baking Goods,153.6682,Tier 3,High,Grocery Store,0.064141866,4.2,3506.7686,61.251
Regular,Baking Goods,127.1678,Tier 3,High,Grocery Store,0.063416566,4.2,3560.6984,154.6656
Regular,Breads,221.4114,Tier 3,High,Grocery Store,0.026827052,4.2,5099.3622,47.8402
Regular,Canned,196.0426,Tier 3,High,Grocery Store,0.047329385,4.2,2570.6538,174.1422
Regular,Canned,181.695,Tier 3,High,Grocery Store,0.024660202,4.2,2563.33,87.4172
Regular,Dairy,146.3102,Tier 3,High,Grocery Store,0.063850971,4.2,2187.153,97.2726
Regular,Frozen Foods,130.9968,Tier 3,High,Grocery Store,0.086187886,4.2,2348.9424,125.4678
Regular,Fruits and Vegetables,88.1514,Tier 3,High,Grocery Store,0.286344848,4.2,1682.4766,139.1838
Regular,Fruits and Vegetables,215.7218,Tier 3,High,Grocery Store,0.106816919,4.2,4274.436,114.2492
Regular,Fruits and Vegetables,123.4072,Tier 3,High,Grocery Store,0,4.2,3185.1872,146.2786
Regular,Fruits and Vegetables,230.5352,Tier 3,High,Grocery Store,0.080235512,4.2,4580.704,188.9556
Regular,Snack Foods,223.5404,Tier 3,High,Grocery Store,0.018310142,4.2,1800.3232,57.7588
Regular,Snack Foods,170.4422,Tier 3,Small,Grocery Store,0.133385398,4.2,517.3266,109.8544
Regular,Starchy Foods,258.0646,Tier 3,Small,Grocery Store,0.226122963,4.2,5668.6212,185.7924
LF,Fruits and Vegetables,103.0016,Tier 3,High,Supermarket Type1,0.04917754,4.2,2125.2336,151.805
LF,Household,186.5924,Tier 3,High,Supermarket Type1,0.034278798,4.2,555.2772,214.1218
LF,Meat,177.3028,Tier 3,High,Supermarket Type1,0.119351235,4.2,1948.1308,190.153
Low Fat,Baking Goods,188.8214,Tier 3,High,Supermarket Type1,0.081036436,4.2,188.4214,112.3544
Low Fat,Breads,121.7072,Tier 3,High,Supermarket Type1,0.111127966,4.2,367.5216,63.1826
Low Fat,Dairy,84.6882,Tier 3,High,Supermarket Type1,0.038422076,4.2,601.2174,62.5852
Low Fat,Dairy,122.0098,Tier 3,High,Supermarket Type1,0.056748659,4.2,361.5294,233.6642
Low Fat,Dairy,77.0354,Tier 3,High,Supermarket Type1,0.0824812,4.2,2332.2974,191.6504
Low Fat,Dairy,182.8608,Tier 3,High,Supermarket Type1,0.074565098,4.2,4042.7376,111.3228
Low Fat,Frozen Foods,192.2478,Tier 3,High,Supermarket Type1,0.099991245,4.2,1356.2346,112.7886
Low Fat,Fruits and Vegetables,189.053,Tier 3,High,Supermarket Type1,0.066565644,4.2,948.765,185.324
Low Fat,Fruits and Vegetables,194.2452,Tier 3,High,Supermarket Type1,0.028571132,4.2,782.9808,40.8454
Low Fat,Fruits and Vegetables,134.2942,Tier 3,High,Supermarket Type1,0.041360997,4.2,1192.4478,39.5164
Low Fat,Fruits and Vegetables,143.2154,Tier 3,High,Supermarket Type1,0.096653315,4.2,1701.7848,235.1958
Low Fat,Hard Drinks,198.7768,Tier 3,High,Supermarket Type1,0.085020342,4.2,3153.2288,188.7872
Low Fat,Health and Hygiene,39.0164,Tier 3,High,Supermarket Type1,0.14492016,4.2,1042.6428,224.4404
Low Fat,Health and Hygiene,90.6488,Tier 3,High,Supermarket Type1,0.089703476,4.2,633.8416,158.3604
Low Fat,Health and Hygiene,107.628,Tier 3,High,Supermarket Type1,0.097629611,4.2,213.056,240.4196
Low Fat,Health and Hygiene,157.563,Tier 3,High,Supermarket Type1,0.077389797,4.2,312.926,60.8536
Low Fat,Household,197.211,Tier 3,High,Supermarket Type1,0.167243769,4.2,3142.576,176.2712
Low Fat,Household,119.1756,Tier 3,High,Supermarket Type1,0.05089667,4.2,1696.4584,125.5678
Low Fat,Household,64.9168,Tier 3,High,Supermarket Type1,0.107940533,4.2,639.168,35.5558
Low Fat,Household,110.7912,Tier 3,High,Supermarket Type1,0.070933894,4.2,109.1912,74.8696
Low Fat,Meat,37.7506,Tier 3,High,Supermarket Type1,0.022441883,4.2,796.9626,143.8812
Low Fat,Meat,213.256,Tier 3,High,Supermarket Type1,0.058042926,4.2,4687.232,154.6314
Low Fat,Snack Foods,191.253,Tier 3,High,Supermarket Type1,0.162107603,4.2,3036.048,106.3622
Low Fat,Snack Foods,66.8142,Tier 3,High,Supermarket Type1,0.028395167,4.2,2372.9112,91.7146
Low Fat,Soft Drinks,57.2562,Tier 3,High,Supermarket Type1,0.082170947,4.2,770.3306,190.953
Low Fat,Soft Drinks,221.8456,Tier 3,High,Supermarket Type1,0.034424278,4.2,663.1368,171.8422
Low Fat,Soft Drinks,98.2384,Tier 3,High,Supermarket Type1,0.024635077,4.2,2167.8448,84.1592
Regular,Baking Goods,196.411,Tier 3,High,Supermarket Type1,0.051573903,4.2,2749.754,79.8644
Regular,Baking Goods,107.3912,Tier 3,High,Supermarket Type1,0.185704641,4.2,3057.3536,77.1328
Regular,Baking Goods,190.1188,Tier 3,High,Supermarket Type1,0.03150851,4.2,1904.188,170.5764
Regular,Baking Goods,53.0666,Tier 3,High,Supermarket Type1,0.062172698,4.2,512.666,90.2514
Regular,Breakfast,42.277,Tier 3,High,Supermarket Type1,0.061124626,4.2,605.878,58.5588
Regular,Breakfast,189.6214,Tier 3,High,Supermarket Type1,0.056271701,4.2,2826.321,232.23
Regular,Breakfast,212.9218,Tier 3,High,Supermarket Type1,0.039215075,4.2,3846.9924,157.663
Regular,Canned,63.5194,Tier 3,High,Supermarket Type1,0.030816999,4.2,557.2746,230.8352
Regular,Canned,251.704,Tier 3,High,Supermarket Type1,0.161301097,4.2,3542.056,185.1266
Regular,Frozen Foods,106.7622,Tier 3,High,Supermarket Type1,0.128315409,4.2,2964.1416,178.137
Regular,Fruits and Vegetables,163.7526,Tier 3,High,Supermarket Type1,0.038724612,4.2,2960.1468,263.9252
Regular,Fruits and Vegetables,60.5536,Tier 3,High,Supermarket Type1,0,4.2,490.0288,106.4964
Regular,Fruits and Vegetables,151.3708,Tier 3,High,Supermarket Type1,0,4.2,3611.2992,257.5646
Regular,Fruits and Vegetables,59.022,Tier 3,High,Supermarket Type1,0.081684728,4.2,1378.206,92.3488
Regular,Fruits and Vegetables,143.7154,Tier 3,High,Supermarket Type1,0.040897932,4.2,3119.9388,82.6276
Regular,Fruits and Vegetables,224.8088,Tier 3,High,Supermarket Type1,0.016582833,4.2,2013.3792,50.5034
Regular,Meat,198.9084,Tier 3,High,Supermarket Type1,0.13725257,4.2,4761.8016,183.7608
Regular,Meat,188.753,Tier 3,High,Supermarket Type1,0.012447775,4.2,7590.12,197.611
Regular,Meat,166.4842,Tier 3,High,Supermarket Type1,0.010909704,4.2,1326.2736,110.8544
Regular,Meat,32.8558,Tier 3,High,Supermarket Type1,0.055067732,4.2,713.0718,146.5734
Regular,Meat,38.9822,Tier 3,High,Supermarket Type1,0,4.2,982.055,169.0816
Regular,Seafood,134.4942,Tier 3,High,Supermarket Type1,0.140123575,4.2,2119.9072,172.0764
Regular,Snack Foods,176.937,Tier 3,High,Supermarket Type1,0.12332588,4.2,4234.488,90.2514
Regular,Snack Foods,121.044,Tier 3,High,Supermarket Type1,0.136314863,4.2,2396.88,195.082
Regular,Snack Foods,250.7408,Tier 3,High,Supermarket Type1,0.117387066,4.2,5757.8384,160.2578
Regular,Snack Foods,118.5124,Tier 3,High,Supermarket Type1,0.045653999,4.2,1303.6364,35.6848
Regular,Snack Foods,50.835,Tier 3,High,Supermarket Type1,0.045982389,4.2,599.22,177.0344
reg,Frozen Foods,144.676,Tier 3,High,Supermarket Type1,0.024185517,4.2,3954.852,115.7176
reg,Snack Foods,175.8054,Tier 3,High,Supermarket Type1,0.013485235,4.2,1050.6324,140.0154
reg,Snack Foods,197.2768,Tier 3,High,Supermarket Type1,0.121153331,4.2,6503.5344,97.3752
LF,Fruits and Vegetables,231.601,Tier 3,Medium,Supermarket Type2,0.110459828,4.2,5972.226,172.108
Low Fat,Baking Goods,91.3146,Tier 3,Medium,Supermarket Type2,0.103398309,4.2,1641.8628,143.947
Low Fat,Baking Goods,148.4392,Tier 3,Medium,Supermarket Type2,0.065215312,4.2,2087.9488,93.4804
Low Fat,Baking Goods,174.7712,Tier 3,Medium,Supermarket Type2,0.055154296,4.2,3339.6528,195.5452
Low Fat,Canned,106.0938,Tier 3,Medium,Supermarket Type2,0.098283459,4.2,2787.0388,51.3324
Low Fat,Canned,179.5976,Tier 3,Medium,Supermarket Type2,0.137053947,4.2,2535.3664,94.4094
Low Fat,Dairy,257.0646,Tier 3,Medium,Supermarket Type2,0.140121306,4.2,8760.5964,102.5306
Low Fat,Dairy,112.186,Tier 3,Medium,Supermarket Type2,0.016087659,4.2,1018.674,249.6092
Low Fat,Frozen Foods,222.6088,Tier 3,Medium,Supermarket Type2,0.03408026,4.2,1789.6704,220.8456
Low Fat,Frozen Foods,115.8834,Tier 3,Medium,Supermarket Type2,0.01785932,4.2,1382.2008,160.6578
Low Fat,Fruits and Vegetables,209.9928,Tier 3,Medium,Supermarket Type2,0.012198395,4.2,5259.82,37.4848
Low Fat,Fruits and Vegetables,94.1436,Tier 3,Medium,Supermarket Type2,0.090267996,4.2,1512.6976,194.711
Low Fat,Hard Drinks,105.0306,Tier 3,Medium,Supermarket Type2,0.070533748,4.2,2090.612,34.2532
Low Fat,Hard Drinks,87.254,Tier 3,Medium,Supermarket Type2,0.136286138,4.2,1211.756,171.4422
Low Fat,Hard Drinks,89.4856,Tier 3,Medium,Supermarket Type2,0.091237452,4.2,1230.3984,128.9336
Low Fat,Health and Hygiene,109.5228,Tier 3,Medium,Supermarket Type2,0.024576875,4.2,1657.842,186.6214
Low Fat,Health and Hygiene,122.573,Tier 3,Medium,Supermarket Type2,0.018097419,4.2,739.038,96.9094
Low Fat,Household,108.9228,Tier 3,Medium,Supermarket Type2,0.028714747,4.2,1105.228,151.9708
Low Fat,Household,185.1898,Tier 3,Medium,Supermarket Type2,0.05271592,4.2,2619.2572,189.653
Low Fat,Household,194.6136,Tier 3,Medium,Supermarket Type2,0,4.2,2721.7904,37.119
Low Fat,Meat,140.9154,Tier 3,Medium,Supermarket Type2,0.069707771,4.2,6381.693,51.0324
Low Fat,Others,44.4744,Tier 3,Medium,Supermarket Type2,0.120770963,4.2,769.6648,143.447
Low Fat,Others,101.7674,Tier 3,Medium,Supermarket Type2,0,4.2,1120.5414,79.2618
Low Fat,Seafood,157.3972,Tier 3,Medium,Supermarket Type2,0.021623214,4.2,1869.5664,107.6596
Low Fat,Snack Foods,139.8496,Tier 3,Medium,Supermarket Type2,0,4.2,1411.496,119.5124
Low Fat,Snack Foods,215.9192,Tier 3,Medium,Supermarket Type2,0.089686322,4.2,1941.4728,115.3518
Low Fat,Snack Foods,216.2534,Tier 3,Medium,Supermarket Type2,0.037841362,4.2,4301.068,125.2704
Low Fat,Snack Foods,57.3588,Tier 3,Medium,Supermarket Type2,0,4.2,343.5528,220.4798
Low Fat,Snack Foods,191.4188,Tier 3,Medium,Supermarket Type2,0.012659235,4.2,3998.7948,140.718
Low Fat,Soft Drinks,36.719,Tier 3,Medium,Supermarket Type2,0.175793413,4.2,585.904,146.9102
Low Fat,Soft Drinks,177.0344,Tier 3,Medium,Supermarket Type2,0,4.2,535.3032,238.1564
Low Fat,Soft Drinks,124.4388,Tier 3,Medium,Supermarket Type2,0.029902679,4.2,1609.9044,144.3444
Low Fat,Soft Drinks,42.877,Tier 3,Medium,Supermarket Type2,0.053589594,4.2,649.155,44.177
Regular,Baking Goods,247.8118,Tier 3,Medium,Supermarket Type2,0.026950104,4.2,2223.1062,220.9456
Regular,Breads,124.8704,Tier 3,Medium,Supermarket Type2,0.168871496,4.2,2127.8968,34.3874
Regular,Breads,215.5218,Tier 3,Medium,Supermarket Type2,0.016092971,4.2,4060.7142,45.8402
Regular,Breakfast,184.495,Tier 3,Medium,Supermarket Type2,0.060912865,4.2,3844.995,173.8712
Regular,Canned,228.5352,Tier 3,Medium,Supermarket Type2,0.040369315,4.2,1832.2816,189.753
Regular,Canned,110.9912,Tier 3,Medium,Supermarket Type2,0.104933928,4.2,1310.2944,78.796
Regular,Canned,37.019,Tier 3,Medium,Supermarket Type2,0.08511049,4.2,659.142,215.7218
Regular,Canned,150.9024,Tier 3,Medium,Supermarket Type2,0.115031783,4.2,4402.2696,114.1202
Regular,Dairy,190.8504,Tier 3,Medium,Supermarket Type2,0.068148886,4.2,3643.2576,58.6562
Regular,Dairy,35.0558,Tier 3,Medium,Supermarket Type2,0.007570599,4.2,33.9558,144.6102
Regular,Frozen Foods,193.382,Tier 3,Medium,Supermarket Type2,0.076873991,4.2,4247.804,109.9228
Regular,Fruits and Vegetables,87.854,Tier 3,Medium,Supermarket Type2,0.132621594,4.2,259.662,190.1872
Regular,Fruits and Vegetables,118.7124,Tier 3,Medium,Supermarket Type2,0.024503972,4.2,2607.2728,195.111
Regular,Fruits and Vegetables,152.5682,Tier 3,Medium,Supermarket Type2,0.106097275,4.2,1372.2138,43.2796
Regular,Fruits and Vegetables,176.437,Tier 3,Medium,Supermarket Type2,0,4.2,529.311,63.7194
Regular,Fruits and Vegetables,140.1496,Tier 3,Medium,Supermarket Type2,0.104201019,4.2,846.8976,176.5054
Regular,Fruits and Vegetables,148.6418,Tier 3,Medium,Supermarket Type2,0.04679836,4.2,2648.5524,123.8388
Regular,Meat,93.612,Tier 3,Medium,Supermarket Type2,0.076431919,4.2,1584.604,113.2202
Regular,Meat,156.7946,Tier 3,Medium,Supermarket Type2,0.027190917,4.2,3629.2758,194.811
Regular,Seafood,42.9112,Tier 3,Medium,Supermarket Type2,0.021661527,4.2,809.6128,187.7582
Regular,Snack Foods,119.5466,Tier 3,Medium,Supermarket Type2,0.056833394,4.2,117.8466,61.9168
Regular,Snack Foods,145.076,Tier 3,Medium,Supermarket Type2,0.074451126,4.2,1611.236,264.5568
Regular,Snack Foods,109.2912,Tier 3,Medium,Supermarket Type2,0.045878153,4.2,2402.2064,38.5848
Regular,Snack Foods,109.1886,Tier 3,Medium,Supermarket Type2,0.016030344,4.2,4225.1668,228.0352
Regular,Snack Foods,47.106,Tier 3,Medium,Supermarket Type2,0.121748174,4.2,139.818,96.9752
Regular,Starchy Foods,196.811,Tier 3,Medium,Supermarket Type2,0.064882207,4.2,4517.453,93.8804
low fat,Household,130.8626,Tier 3,Medium,Supermarket Type2,0,4.2,1573.9512,233.2958
reg,Breads,234.5616,Tier 3,Medium,Supermarket Type2,0.075035902,4.2,6796.4864,78.7986
reg,Frozen Foods,37.119,Tier 3,Medium,Supermarket Type2,0.083268523,4.2,842.237,32.9558
reg,Snack Foods,89.9146,Tier 3,Medium,Supermarket Type2,0.116148596,4.2,1277.0044,176.0028
reg,Starchy Foods,62.5168,Tier 3,Medium,Supermarket Type2,0.017703044,4.2,447.4176,239.4538
LF,Baking Goods,114.586,Tier 3,Medium,Supermarket Type3,0.112718928,4.2,1584.604,54.2956
Low Fat,Baking Goods,142.2838,Tier 3,Medium,Supermarket Type3,0.046958533,4.2,1685.8056,101.3016
Low Fat,Baking Goods,82.9908,Tier 3,Medium,Supermarket Type3,0.005638944,4.2,503.3448,184.9924
Low Fat,Baking Goods,162.8552,Tier 3,Medium,Supermarket Type3,0.037449987,4.2,3574.0144,76.7354
Low Fat,Baking Goods,108.2596,Tier 3,Medium,Supermarket Type3,0.118783796,4.2,1186.4556,108.5596
Low Fat,Breakfast,184.9924,Tier 3,Medium,Supermarket Type3,0.021273161,4.2,3146.5708,229.1326
Low Fat,Dairy,248.5092,Tier 3,Medium,Supermarket Type3,0.042037073,4.2,6474.2392,172.6764
Low Fat,Dairy,188.024,Tier 3,Medium,Supermarket Type3,0.030288215,4.2,745.696,256.7672
Low Fat,Frozen Foods,59.0246,Tier 3,Medium,Supermarket Type3,0.08279545,4.2,1853.5872,245.8776
Low Fat,Fruits and Vegetables,141.747,Tier 3,Medium,Supermarket Type3,0.066298469,4.2,3006.087,186.824
Low Fat,Fruits and Vegetables,53.2982,Tier 3,Medium,Supermarket Type3,0.075691713,4.2,736.3748,98.241
Low Fat,Fruits and Vegetables,188.7214,Tier 3,Medium,Supermarket Type3,0.049478259,4.2,3956.8494,245.4144
Low Fat,Fruits and Vegetables,120.5098,Tier 3,Medium,Supermarket Type3,0.046259036,4.2,1807.647,47.4692
Low Fat,Fruits and Vegetables,52.2324,Tier 3,Medium,Supermarket Type3,0.076483451,4.2,467.3916,43.4086
Low Fat,Hard Drinks,187.624,Tier 3,Medium,Supermarket Type3,0.04403602,4.2,3542.056,173.308
Low Fat,Health and Hygiene,120.9414,Tier 3,Medium,Supermarket Type3,0.008519718,4.2,1949.4624,116.9492
Low Fat,Health and Hygiene,210.8612,Tier 3,Medium,Supermarket Type3,0.142728113,4.2,3344.9792,95.141
Low Fat,Health and Hygiene,127.3336,Tier 3,Medium,Supermarket Type3,0.113387677,4.2,2684.5056,156.9604
Low Fat,Health and Hygiene,58.7562,Tier 3,Medium,Supermarket Type3,0.070791391,4.2,592.562,46.4086
Low Fat,Health and Hygiene,103.1964,Tier 3,Medium,Supermarket Type3,0.089343433,4.2,736.3748,157.3604
Low Fat,Health and Hygiene,105.5622,Tier 3,Medium,Supermarket Type3,0.028723187,4.2,211.7244,131.831
Low Fat,Health and Hygiene,76.2354,Tier 3,Medium,Supermarket Type3,0.076860103,4.2,1279.0018,55.993
Low Fat,Household,223.8404,Tier 3,Medium,Supermarket Type3,0.026769592,4.2,7201.2928,77.0354
Low Fat,Household,171.2422,Tier 3,Medium,Supermarket Type3,0.013956116,4.2,3103.9596,222.3746
Low Fat,Household,167.6132,Tier 3,Medium,Supermarket Type3,0.124110734,4.2,1522.0188,111.7544
Low Fat,Meat,191.5846,Tier 3,Medium,Supermarket Type3,0.008903212,4.2,2101.9306,120.9756
Low Fat,Others,164.6184,Tier 3,Medium,Supermarket Type3,0.080933328,4.2,2972.1312,37.519
Low Fat,Snack Foods,148.105,Tier 3,Medium,Supermarket Type3,0.01520491,4.2,149.805,197.2084
Low Fat,Snack Foods,61.2194,Tier 3,Medium,Supermarket Type3,0,4.2,433.4358,119.8124
Low Fat,Snack Foods,260.8962,Tier 3,Medium,Supermarket Type3,0.064052392,4.2,4920.9278,256.1646
Low Fat,Snack Foods,107.6622,Tier 3,Medium,Supermarket Type3,0.053971566,4.2,1164.4842,141.2154
Low Fat,Snack Foods,35.6874,Tier 3,Medium,Supermarket Type3,0,4.2,846.8976,240.6222
Low Fat,Snack Foods,118.3808,Tier 3,Medium,Supermarket Type3,0.030657949,4.2,2812.3392,50.5008
Low Fat,Snack Foods,84.954,Tier 3,Medium,Supermarket Type3,0.018942606,4.2,865.54,236.0248
Low Fat,Snack Foods,195.911,Tier 3,Medium,Supermarket Type3,0.051924192,4.2,2946.165,121.0072
Low Fat,Soft Drinks,163.5184,Tier 3,Medium,Supermarket Type3,0.033737273,4.2,3137.2496,56.6614
Low Fat,Soft Drinks,86.6198,Tier 3,Medium,Supermarket Type3,0.060805497,4.2,1657.1762,150.8024
Low Fat,Starchy Foods,221.6772,Tier 3,Medium,Supermarket Type3,0.122242847,4.2,3113.2808,207.5638
Regular,Baking Goods,253.4724,Tier 3,Medium,Supermarket Type3,0.05357685,4.2,1510.0344,122.2072
Regular,Baking Goods,103.5674,Tier 3,Medium,Supermarket Type3,0.078943221,4.2,1629.8784,152.7366
Regular,Baking Goods,42.2138,Tier 3,Medium,Supermarket Type3,0.075384242,4.2,690.4346,262.7568
Regular,Breads,220.3772,Tier 3,Medium,Supermarket Type3,0.02923013,4.2,4447.544,189.4556
Regular,Canned,166.1842,Tier 3,Medium,Supermarket Type3,0.01612717,4.2,5470.8786,189.3556
Regular,Canned,168.7158,Tier 3,Medium,Supermarket Type3,0.026440214,4.2,2673.8528,143.647
Regular,Dairy,177.2712,Tier 3,Medium,Supermarket Type3,0.045763623,4.2,3339.6528,43.8744
Regular,Dairy,38.3164,Tier 3,Medium,Supermarket Type3,0.06302467,4.2,502.0132,181.6318
Regular,Dairy,216.7508,Tier 3,Medium,Supermarket Type3,0.106538757,4.2,3038.7112,222.3772
Regular,Frozen Foods,161.0236,Tier 3,Medium,Supermarket Type3,0.032296886,4.2,1288.9888,144.0102
Regular,Frozen Foods,216.9166,Tier 3,Medium,Supermarket Type3,0,4.2,4354.332,130.531
Regular,Fruits and Vegetables,125.173,Tier 3,Medium,Supermarket Type3,0.131443921,4.2,3202.498,189.1872
Regular,Fruits and Vegetables,249.6092,Tier 3,Medium,Supermarket Type3,0.056782237,4.2,5976.2208,241.2512
Regular,Snack Foods,54.6614,Tier 3,Medium,Supermarket Type3,0.089512542,4.2,884.1824,133.1626
Regular,Snack Foods,142.947,Tier 3,Medium,Supermarket Type3,0.104786172,4.2,3006.087,172.2764
Regular,Snack Foods,95.441,Tier 3,Medium,Supermarket Type3,0.041754584,4.2,3282.394,53.464
Regular,Snack Foods,128.831,Tier 3,Medium,Supermarket Type3,0.076348933,4.2,1038.648,32.8558
Low Fat,Dairy,196.4768,Tier 1,Medium,Supermarket Type1,0.016047301,4.1,6306.4576,249.8092
Regular,Baking Goods,158.4604,Tier 3,Medium,Supermarket Type3,0.035399923,4.1,2693.8268,144.5444
Low Fat,Health and Hygiene,149.5734,Tier 1,Medium,Supermarket Type1,0.089291137,4.1,2524.0478,146.7102
Regular,Soft Drinks,225.9036,Tier 3,Medium,Supermarket Type2,0.113123893,4.1,3643.2576,122.5388
Low Fat,Health and Hygiene,179.266,Tier 1,Small,Supermarket Type1,0.067779712,4.1,1438.128,143.8812
Low Fat,Fruits and Vegetables,182.3292,Tier 2,Small,Supermarket Type1,0.053212652,4.1,4195.8716,57.893
Low Fat,Breads,97.3068,Tier 2,Small,Supermarket Type1,0.049058014,4.1,1263.6884,62.7194
Low Fat,Others,129.3652,Tier 2,Small,Supermarket Type1,0.091221855,4.1,2066.6432,105.5938
Low Fat,Canned,254.533,Tier 3,Medium,Supermarket Type2,0.045838211,4.1,1281.665,222.5456
Low Fat,Health and Hygiene,155.1656,Tier 2,Small,Supermarket Type1,0.052146456,4.1,4016.1056,104.628
LF,Meat,129.1626,Tier 2,Small,Supermarket Type1,0,4.1,3672.5528,40.2822
Regular,Baking Goods,140.9154,Tier 2,Small,Supermarket Type1,0.115119905,4.1,2127.231,88.3514
Low Fat,Canned,52.564,Tier 2,Small,Supermarket Type1,0.051038045,4.1,2290.352,121.7072
Low Fat,Frozen Foods,252.2724,Tier 2,Small,Supermarket Type1,0.027022883,4.1,1258.362,262.491
Regular,Snack Foods,251.9066,Tier 3,High,Supermarket Type1,0.09357779,4.1,4267.1122,125.9704
Low Fat,Breakfast,102.9332,Tier 2,Small,Supermarket Type1,0.072545601,4.1,102.5332,176.237
Regular,Meat,48.6034,Tier 2,Small,Supermarket Type1,0.076552407,4.1,291.6204,110.5202
Regular,Canned,80.2302,Tier 3,Medium,Supermarket Type3,0.02747716,4.1,2139.2154,87.9856
Low Fat,Fruits and Vegetables,120.2124,Tier 3,Medium,Supermarket Type3,0.043351896,4.1,1540.6612,146.6418
Regular,Breakfast,45.606,Tier 3,Medium,Supermarket Type3,0.020618324,4.1,1724.422,129.3994
Regular,Baking Goods,34.9558,Tier 3,High,Supermarket Type1,0.062799379,4.1,645.1602,88.183
Regular,Frozen Foods,148.6076,Tier 1,Small,Supermarket Type1,0.078929571,4.1,3990.8052,79.9276
Low Fat,Baking Goods,161.8236,Tier 2,Small,Supermarket Type1,0.08075758,4.1,1611.236,81.896
Low Fat,Snack Foods,86.0882,Tier 1,Medium,Supermarket Type1,0.112271498,4.1,1116.5466,58.222
Regular,Fruits and Vegetables,149.0708,Tier 3,High,Supermarket Type1,0.012194556,4.1,1203.7664,57.7904
Regular,Fruits and Vegetables,174.637,Tier 1,Small,Supermarket Type1,0.142688846,4.1,2999.429,88.5514
Low Fat,Household,165.021,Tier 2,Small,Supermarket Type1,0.089163056,4.1,3425.541,191.3504
Regular,Baking Goods,240.6196,Tier 1,Small,Supermarket Type1,0.048143292,4.1,4579.3724,40.2138
Low Fat,Household,180.666,Tier 3,Small,Grocery Store,0,4.1,4134.618,238.3248
Low Fat,Frozen Foods,145.6418,Tier 3,Small,Grocery Store,0.03777249,4.1,3384.2614,98.0068
Low Fat,Meat,151.1366,Tier 3,Medium,Supermarket Type2,0.007309544,4.1,453.4098,196.2426
Regular,Frozen Foods,101.37,Tier 2,Small,Supermarket Type1,0.052517969,4.1,2097.27,115.4176
Low Fat,Frozen Foods,221.5456,Tier 2,Small,Supermarket Type1,0.052852621,4.1,6852.4136,88.783
Low Fat,Household,210.3902,Tier 2,Small,Supermarket Type1,0.015756784,4.1,1486.7314,185.0608
Regular,Breads,148.9418,Tier 3,Medium,Supermarket Type3,0.030118338,4.1,3531.4032,248.8092
Low Fat,Hard Drinks,83.4224,Tier 2,Medium,Supermarket Type1,0.015335349,4.1,1448.7808,106.6938
Low Fat,Health and Hygiene,77.2644,Tier 3,Medium,Supermarket Type2,0.032754431,4.1,1335.5948,140.5154
Regular,Frozen Foods,168.2132,Tier 3,High,Supermarket Type1,0.062648111,4.1,2367.5848,104.899
Regular,Snack Foods,107.7622,Tier 2,Medium,Supermarket Type1,0.038606365,4.1,2011.3818,146.5102
Low Fat,Snack Foods,175.4028,Tier 2,Medium,Supermarket Type1,0.045361705,4.1,6729.9064,83.825
Low Fat,Fruits and Vegetables,83.3566,Tier 2,Medium,Supermarket Type1,0.037699254,4.1,1860.2452,110.2886
Low Fat,Canned,182.6976,Tier 2,Medium,Supermarket Type1,0.082719632,4.1,3440.8544,179.3002
Low Fat,Canned,43.5086,Tier 1,Small,Supermarket Type1,0.041105789,4.1,1070.6064,83.4934
Regular,Breakfast,179.5686,Tier 2,Small,Supermarket Type1,0.0945493,4.1,1422.1488,102.6332
Low Fat,Fruits and Vegetables,130.231,Tier 1,Small,Supermarket Type1,0.076060037,4.1,129.831,95.141
Low Fat,Household,168.6448,Tier 3,High,Supermarket Type1,0.007450258,4.1,3408.896,186.7556
Low Fat,Health and Hygiene,262.1594,Tier 1,Small,Supermarket Type1,0.03020851,4.1,3139.9128,153.1656
Low Fat,Others,140.6812,Tier 3,Medium,Supermarket Type2,0.013420879,4.1,3704.5112,104.828
Low Fat,Dairy,88.7514,Tier 3,Medium,Supermarket Type3,0.060252433,4.1,2656.542,170.7106
Low Fat,Snack Foods,95.441,Tier 1,Small,Supermarket Type1,0.089272253,4.1,193.082,254.7672
Low Fat,Meat,86.5198,Tier 3,Medium,Supermarket Type2,0.026950104,4.1,1395.5168,128.402
Low Fat,Household,226.072,Tier 3,Medium,Supermarket Type2,0.108470504,4.1,3621.952,33.4558
Low Fat,Snack Foods,79.1986,Tier 3,High,Supermarket Type1,0.041886576,4.1,778.986,92.1462
Low Fat,Soft Drinks,106.4938,Tier 3,Medium,Grocery Store,0.161350176,4.1,2465.4574,196.6768
Low Fat,Frozen Foods,175.1738,Tier 3,Medium,Supermarket Type2,0.067055339,4.1,347.5476,184.2292
Regular,Baking Goods,88.7856,Tier 3,Medium,Supermarket Type3,0.043810028,4.1,966.7416,181.395
Low Fat,Fruits and Vegetables,102.3332,Tier 3,Medium,Grocery Store,0.118672537,4.1,922.7988,192.2162
Regular,Baking Goods,153.3682,Tier 3,Medium,Supermarket Type3,0.058446424,4.1,1219.7456,172.1422
LF,Baking Goods,126.3046,Tier 1,Medium,Supermarket Type1,0.07607772,4.1,747.0276,112.4544
LF,Fruits and Vegetables,52.9298,Tier 1,Medium,Supermarket Type1,0.046556408,4.1,539.298,47.7692
Low Fat,Baking Goods,210.7902,Tier 1,Medium,Supermarket Type1,0.076193763,4.1,4460.1942,89.783
Low Fat,Breads,55.093,Tier 1,Medium,Supermarket Type1,0.011106465,4.1,1018.674,42.7454
Low Fat,Canned,93.9778,Tier 1,Medium,Supermarket Type1,0.050829881,4.1,2816.334,122.7072
Low Fat,Canned,32.4558,Tier 1,Medium,Supermarket Type1,0.089817198,4.1,101.8674,142.7496
Low Fat,Dairy,198.311,Tier 1,Medium,Supermarket Type1,0.045378573,4.1,2553.343,42.4138
Low Fat,Dairy,58.2588,Tier 1,Medium,Supermarket Type1,0.044566659,4.1,343.5528,88.5856
Low Fat,Frozen Foods,39.6138,Tier 1,Medium,Supermarket Type1,0.036729122,4.1,365.5242,179.7976
Low Fat,Frozen Foods,85.9566,Tier 1,Medium,Supermarket Type1,0.026362624,4.1,169.1132,78.3302
Low Fat,Frozen Foods,155.563,Tier 1,Medium,Supermarket Type1,0.08995645,4.1,4224.501,217.1192
Low Fat,Frozen Foods,239.8222,Tier 1,Medium,Supermarket Type1,0.032678839,4.1,4063.3774,150.7392
Low Fat,Frozen Foods,97.0726,Tier 1,Medium,Supermarket Type1,0.056379439,4.1,293.6178,42.7454
Low Fat,Fruits and Vegetables,161.0552,Tier 1,Medium,Supermarket Type1,0.052061483,4.1,3411.5592,76.7986
Low Fat,Health and Hygiene,128.2994,Tier 1,Medium,Supermarket Type1,0.069653585,4.1,2698.4874,266.2884
Low Fat,Health and Hygiene,48.5718,Tier 1,Medium,Supermarket Type1,0.02775746,4.1,425.4462,62.5168
Low Fat,Household,95.0752,Tier 1,Medium,Supermarket Type1,0,4.1,2588.6304,142.147
Low Fat,Household,185.2266,Tier 1,Medium,Supermarket Type1,0.044730667,4.1,5901.6512,245.1802
Low Fat,Household,44.6112,Tier 1,Medium,Supermarket Type1,0.059417055,4.1,511.3344,237.9248
Low Fat,Others,232.8616,Tier 1,Medium,Supermarket Type1,0.048762383,4.1,2812.3392,165.2526
Low Fat,Snack Foods,158.792,Tier 1,Medium,Supermarket Type1,0.041986639,4.1,2556.672,93.2462
Low Fat,Snack Foods,184.4266,Tier 1,Medium,Supermarket Type1,0.108059141,4.1,3504.1054,181.7634
Low Fat,Snack Foods,173.4764,Tier 1,Medium,Supermarket Type1,0.066979957,4.1,171.7764,196.7084
Low Fat,Soft Drinks,180.4344,Tier 1,Medium,Supermarket Type1,0.041951439,4.1,535.3032,32.49
Low Fat,Soft Drinks,247.5118,Tier 1,Medium,Supermarket Type1,0.023613955,4.1,2470.118,192.8846
Regular,Baking Goods,104.0964,Tier 1,Medium,Supermarket Type1,0.006335942,4.1,525.982,121.8098
Regular,Baking Goods,182.0634,Tier 1,Medium,Supermarket Type1,0.128459481,4.1,4544.085,102.0332
Regular,Breads,84.3592,Tier 1,Medium,Supermarket Type1,0.02454694,4.1,743.0328,95.7068
Regular,Breads,220.0798,Tier 1,Medium,Supermarket Type1,0,4.1,4848.3556,101.699
Regular,Canned,191.253,Tier 1,Medium,Supermarket Type1,0.030890618,4.1,2656.542,228.7352
Regular,Dairy,165.2158,Tier 1,Medium,Supermarket Type1,0.074035365,4.1,2840.9686,256.1356
Regular,Dairy,146.9076,Tier 1,Medium,Supermarket Type1,0.063429818,4.1,2956.152,179.4318
Regular,Frozen Foods,154.6314,Tier 1,Medium,Supermarket Type1,0.037580877,4.1,1861.5768,162.6526
Regular,Fruits and Vegetables,188.453,Tier 1,Medium,Supermarket Type1,0.038817121,4.1,4364.319,262.6252
Regular,Fruits and Vegetables,253.4356,Tier 1,Medium,Supermarket Type1,0.030992735,4.1,2797.6916,124.3072
Regular,Fruits and Vegetables,199.0768,Tier 1,Medium,Supermarket Type1,0.165616415,4.1,2759.0752,172.6764
Regular,Fruits and Vegetables,109.3228,Tier 1,Medium,Supermarket Type1,0.105831117,4.1,2431.5016,41.6796
Regular,Meat,121.0098,Tier 1,Medium,Supermarket Type1,0.044321422,4.1,2530.7058,103.899
Regular,Meat,197.1084,Tier 1,Medium,Supermarket Type1,0.151087845,4.1,4761.8016,155.1314
Regular,Meat,95.4436,Tier 1,Medium,Supermarket Type1,0.151308326,4.1,1229.0668,81.7276
Regular,Snack Foods,55.0298,Tier 1,Medium,Supermarket Type1,0,4.1,647.1576,193.482
Regular,Snack Foods,88.5198,Tier 1,Medium,Supermarket Type1,0.144856342,4.1,261.6594,100.5332
Regular,Snack Foods,97.9042,Tier 1,Medium,Supermarket Type1,0.020908608,4.1,1686.4714,63.5194
Regular,Soft Drinks,250.175,Tier 1,Medium,Supermarket Type1,0.077292302,4.1,2996.1,235.3958
Regular,Starchy Foods,143.8128,Tier 1,Medium,Supermarket Type1,0,4.1,4458.1968,173.6738
Low Fat,Breads,77.1328,Tier 1,Small,Grocery Store,0.042941559,4.1,2239.7512,102.9332
Low Fat,Canned,192.4478,Tier 1,Small,Grocery Store,0.112161697,4.1,2712.4692,154.4682
Low Fat,Frozen Foods,119.6124,Tier 1,Small,Grocery Store,0.116928924,4.1,592.562,183.3292
Low Fat,Frozen Foods,85.754,Tier 1,Small,Grocery Store,0.126585095,4.1,2163.85,122.4098
Low Fat,Health and Hygiene,110.3912,Tier 1,Small,Grocery Store,0.017295906,4.1,3275.736,47.1034
Low Fat,Health and Hygiene,32.6558,Tier 1,Small,Grocery Store,0.073077197,4.1,679.116,34.3216
Low Fat,Health and Hygiene,88.483,Tier 1,Small,Grocery Store,0.121765124,4.1,988.713,264.1884
Low Fat,Health and Hygiene,111.5228,Tier 1,Small,Grocery Store,0.10178199,4.1,1768.3648,104.699
Low Fat,Household,116.6124,Tier 1,Small,Grocery Store,0.162248011,4.1,1540.6612,160.4604
Low Fat,Household,142.0128,Tier 1,Small,Grocery Store,0.08918772,4.1,2588.6304,128.9678
Low Fat,Household,108.4596,Tier 1,Small,Grocery Store,0.068753558,4.1,3020.0688,127.9678
Low Fat,Household,151.0708,Tier 1,Small,Grocery Store,0.102371638,4.1,2858.9452,221.2456
Low Fat,Seafood,200.4084,Tier 1,Small,Grocery Store,0.059281315,4.1,3968.168,111.586
Low Fat,Snack Foods,56.2246,Tier 1,Small,Grocery Store,0.208162156,4.1,1737.738,228.1694
Low Fat,Snack Foods,175.8712,Tier 1,Small,Grocery Store,0.247321039,4.1,175.7712,152.3998
Low Fat,Snack Foods,111.686,Tier 1,Small,Grocery Store,0.054443762,4.1,452.744,184.6582
Low Fat,Snack Foods,186.5582,Tier 1,Small,Grocery Store,0.048932713,4.1,185.7582,144.476
Low Fat,Snack Foods,52.1324,Tier 1,Small,Grocery Store,0.244102315,4.1,934.7832,148.076
Low Fat,Snack Foods,146.8418,Tier 1,Small,Grocery Store,0.036012919,4.1,1765.7016,148.0734
Low Fat,Snack Foods,143.8102,Tier 1,Small,Grocery Store,0.077849833,4.1,291.6204,127.202
Regular,Baking Goods,102.899,Tier 1,Small,Grocery Store,0.052791124,4.1,1651.184,98.5384
Regular,Baking Goods,200.2084,Tier 1,Small,Grocery Store,0.055213281,4.1,4563.3932,172.4764
Regular,Breads,87.9856,Tier 1,Small,Grocery Store,0.060587738,4.1,1494.0552,156.8288
Regular,Canned,109.6912,Tier 1,Small,Grocery Store,0.056338482,4.1,1419.4856,184.624
Regular,Canned,128.8652,Tier 1,Small,Grocery Store,0.148737487,4.1,1291.652,155.1314
Regular,Dairy,240.8538,Tier 1,Small,Grocery Store,0.1107011,4.1,7931.6754,88.6856
Regular,Fruits and Vegetables,196.5084,Tier 1,Small,Grocery Store,0.102999154,4.1,595.2252,169.9448
Regular,Fruits and Vegetables,120.1782,Tier 1,Small,Grocery Store,0.033144603,4.1,2026.0294,62.7536
Regular,Fruits and Vegetables,259.5278,Tier 1,Small,Grocery Store,0.102295904,4.1,2603.278,162.3552
Regular,Fruits and Vegetables,106.5622,Tier 1,Small,Grocery Store,0.1748389,4.1,2117.244,142.8786
Regular,Meat,83.8592,Tier 1,Small,Grocery Store,0.0218126,4.1,247.6776,194.711
Regular,Snack Foods,256.133,Tier 1,Small,Grocery Store,0,4.1,256.333,58.7588
reg,Frozen Foods,120.9414,Tier 1,Small,Grocery Store,0.16147714,4.1,2680.5108,186.2266
LF,Dairy,129.0652,Tier 1,Small,Supermarket Type1,0.05706009,4.1,3487.4604,225.0404
LF,Household,187.9556,Tier 1,Small,Supermarket Type1,0.014274292,4.1,2816.334,55.6614
Low Fat,Baking Goods,254.433,Tier 1,Small,Supermarket Type1,0.023734872,4.1,2050.664,103.2332
Low Fat,Baking Goods,161.5236,Tier 1,Small,Supermarket Type1,0.11326743,4.1,1288.9888,54.5956
Low Fat,Baking Goods,184.4266,Tier 1,Small,Supermarket Type1,0.034369528,4.1,3688.532,43.7086
Low Fat,Baking Goods,165.4526,Tier 1,Small,Supermarket Type1,0.060699725,4.1,1644.526,233.3616
Low Fat,Breakfast,228.3668,Tier 1,Small,Supermarket Type1,0.089260667,4.1,5298.4364,193.4478
Low Fat,Canned,176.837,Tier 1,Small,Supermarket Type1,0.037398953,4.1,2117.244,84.2224
Low Fat,Dairy,108.8912,Tier 1,Small,Supermarket Type1,0.044925784,4.1,327.5736,86.0198
Low Fat,Dairy,78.167,Tier 1,Small,Supermarket Type1,0.07494003,4.1,1837.608,75.0354
Low Fat,Dairy,232.9958,Tier 1,Small,Supermarket Type1,0.061986574,4.1,934.7832,153.0998
Low Fat,Dairy,154.6656,Tier 1,Small,Supermarket Type1,0.03321399,4.1,308.9312,154.934
Low Fat,Dairy,85.5882,Tier 1,Small,Supermarket Type1,0,4.1,171.7764,78.467
Low Fat,Frozen Foods,188.1898,Tier 1,Small,Supermarket Type1,0.021860985,4.1,1496.7184,193.3162
Low Fat,Frozen Foods,106.7964,Tier 1,Small,Supermarket Type1,0.013637046,4.1,525.982,258.5304
Low Fat,Frozen Foods,187.6898,Tier 1,Small,Supermarket Type1,0.039294854,4.1,3928.8858,246.6802
Low Fat,Fruits and Vegetables,55.7298,Tier 1,Small,Supermarket Type1,0.012448294,4.1,161.7894,188.2872
Low Fat,Hard Drinks,119.244,Tier 1,Small,Supermarket Type1,0.043785694,4.1,2636.568,191.6846
Low Fat,Health and Hygiene,260.4278,Tier 1,Small,Supermarket Type1,0.075735621,4.1,3644.5892,34.5532
Low Fat,Household,175.5028,Tier 1,Small,Supermarket Type1,0.005978595,4.1,6729.9064,163.6526
Low Fat,Household,193.982,Tier 1,Small,Supermarket Type1,0.177694846,4.1,2316.984,171.1422
Low Fat,Household,166.9184,Tier 1,Small,Supermarket Type1,0.032022535,4.1,3302.368,101.8016
Low Fat,Household,143.2154,Tier 1,Small,Supermarket Type1,0,4.1,2127.231,114.4518
Low Fat,Household,142.247,Tier 1,Small,Supermarket Type1,0.051847425,4.1,2862.94,152.8024
Low Fat,Household,141.5838,Tier 1,Small,Supermarket Type1,0.041824524,4.1,3231.1274,256.7014
Low Fat,Household,237.1906,Tier 1,Small,Supermarket Type1,0.033599041,4.1,237.6906,107.7912
Low Fat,Household,86.0224,Tier 1,Small,Supermarket Type1,0.020487625,4.1,1022.6688,44.0112
Low Fat,Household,45.506,Tier 1,Small,Supermarket Type1,0.036641597,4.1,466.06,178.7318
Low Fat,Household,75.7328,Tier 1,Small,Supermarket Type1,0,4.1,617.8624,189.1872
Low Fat,Seafood,112.486,Tier 1,Small,Supermarket Type1,0.054025644,4.1,113.186,197.2768
Low Fat,Snack Foods,154.9998,Tier 1,Small,Supermarket Type1,0.07198553,4.1,3075.996,122.2098
Low Fat,Snack Foods,231.401,Tier 1,Small,Supermarket Type1,0.174350275,4.1,2067.309,104.4964
Low Fat,Snack Foods,164.0526,Tier 1,Small,Supermarket Type1,0.04376368,4.1,4769.1254,183.095
Low Fat,Snack Foods,42.4138,Tier 1,Small,Supermarket Type1,0.087719692,4.1,243.6828,218.5798
Low Fat,Snack Foods,131.4284,Tier 1,Small,Supermarket Type1,0.139417654,4.1,263.6568,147.476
Low Fat,Snack Foods,45.5718,Tier 1,Small,Supermarket Type1,0.012607876,4.1,945.436,139.818
Low Fat,Soft Drinks,217.3166,Tier 1,Small,Supermarket Type1,0.035943717,4.1,1306.2996,40.5138
Low Fat,Soft Drinks,51.6008,Tier 1,Small,Supermarket Type1,0.03338006,4.1,1821.6288,74.0696
Regular,Baking Goods,175.5712,Tier 1,Small,Supermarket Type1,0.034411238,4.1,1230.3984,98.6726
Regular,Breads,209.627,Tier 1,Small,Supermarket Type1,0.034604343,4.1,1887.543,157.8288
Regular,Breakfast,73.738,Tier 1,Small,Supermarket Type1,0.094567181,4.1,1318.284,104.5332
Regular,Canned,46.406,Tier 1,Small,Supermarket Type1,0.153494979,4.1,186.424,48.935
Regular,Canned,197.9742,Tier 1,Small,Supermarket Type1,0.068125756,4.1,995.371,101.199
Regular,Dairy,40.9138,Tier 1,Small,Supermarket Type1,0.047588696,4.1,1380.8692,122.4756
Regular,Dairy,228.372,Tier 1,Small,Supermarket Type1,0.038211537,4.1,905.488,87.7198
Regular,Dairy,115.5808,Tier 1,Small,Supermarket Type1,0.145867347,4.1,1874.8928,194.0794
Regular,Dairy,238.088,Tier 1,Small,Supermarket Type1,0.18329488,4.1,6231.888,111.657
Regular,Frozen Foods,124.1072,Tier 1,Small,Supermarket Type1,0.150015234,4.1,1837.608,157.5288
Regular,Frozen Foods,98.241,Tier 1,Small,Supermarket Type1,0.085834992,4.1,289.623,49.6692
Regular,Fruits and Vegetables,117.2124,Tier 1,Small,Supermarket Type1,0.049162885,4.1,2133.2232,146.9102
Regular,Fruits and Vegetables,172.108,Tier 1,Small,Supermarket Type1,0.024404558,4.1,2250.404,198.311
Regular,Fruits and Vegetables,94.0462,Tier 1,Small,Supermarket Type1,0.018930352,4.1,1480.7392,59.4536
Regular,Meat,84.6908,Tier 1,Small,Supermarket Type1,0.150853308,4.1,503.3448,156.0314
Regular,Meat,60.0904,Tier 1,Small,Supermarket Type1,0.022058724,4.1,1113.2176,196.8452
Regular,Snack Foods,229.7984,Tier 1,Small,Supermarket Type1,0,4.1,6024.1584,177.4028
Regular,Snack Foods,161.9552,Tier 1,Small,Supermarket Type1,0.02734361,4.1,4711.2008,257.8304
Regular,Snack Foods,154.4682,Tier 1,Small,Supermarket Type1,0.065896556,4.1,152.4682,179.266
reg,Snack Foods,224.0404,Tier 1,Small,Supermarket Type1,0.089554186,4.1,5851.0504,150.8708
LF,Baking Goods,106.6938,Tier 2,Medium,Supermarket Type1,0.043326511,4.1,2251.0698,95.6436
LF,Household,233.83,Tier 2,Medium,Supermarket Type1,0.083009876,4.1,2796.36,61.1194
LF,Snack Foods,35.7558,Tier 2,Medium,Supermarket Type1,0.059472609,4.1,611.2044,98.77
LF,Fruits and Vegetables,178.5344,Tier 2,Medium,Supermarket Type1,0.176991029,4.1,3390.2536,221.5772
LF,Starchy Foods,247.146,Tier 2,Medium,Supermarket Type1,0.061192211,4.1,492.692,224.1404
Low Fat,Baking Goods,88.9856,Tier 2,Medium,Supermarket Type1,0.103481775,4.1,1669.8264,150.005
Low Fat,Baking Goods,131.3942,Tier 2,Medium,Supermarket Type1,0.013957308,4.1,927.4594,94.0462
Low Fat,Breakfast,151.8366,Tier 2,Medium,Supermarket Type1,0.143396175,4.1,6196.6006,128.0994
Low Fat,Canned,56.3588,Tier 2,Medium,Supermarket Type1,0.1175683,4.1,744.3644,197.6768
Low Fat,Canned,91.212,Tier 2,Medium,Supermarket Type1,0.030188505,4.1,466.06,77.367
Low Fat,Dairy,158.1262,Tier 2,Medium,Supermarket Type1,0.076891526,4.1,4137.2812,61.5536
Low Fat,Dairy,34.8216,Tier 2,Medium,Supermarket Type1,0.024276035,4.1,207.7296,45.3718
Low Fat,Frozen Foods,100.5384,Tier 2,Medium,Supermarket Type1,0.095989602,4.1,2463.46,127.3678
Low Fat,Frozen Foods,33.2216,Tier 2,Medium,Supermarket Type1,0.052418124,4.1,138.4864,56.5588
Low Fat,Frozen Foods,157.663,Tier 2,Medium,Supermarket Type1,0.014721579,4.1,1095.241,73.1038
Low Fat,Fruits and Vegetables,143.1496,Tier 2,Medium,Supermarket Type1,0.021647195,4.1,2258.3936,109.5228
Low Fat,Fruits and Vegetables,111.1228,Tier 2,Medium,Supermarket Type1,0.049819857,4.1,663.1368,243.2144
Low Fat,Fruits and Vegetables,233.8958,Tier 2,Medium,Supermarket Type1,0.17635245,4.1,2103.2622,220.8772
Low Fat,Health and Hygiene,219.8456,Tier 2,Small,Supermarket Type1,0.093071679,4.1,4863.0032,103.8674
Low Fat,Health and Hygiene,262.691,Tier 2,Small,Supermarket Type1,0.012141036,4.1,6048.793,48.7034
Low Fat,Household,117.2466,Tier 2,Small,Supermarket Type1,0,4.1,2239.0854,140.5154
Low Fat,Household,145.276,Tier 2,Small,Supermarket Type1,0.019546214,4.1,5273.136,168.1474
Low Fat,Household,196.4794,Tier 2,Small,Supermarket Type1,0.028738058,4.1,5852.382,117.1808
Low Fat,Household,102.5674,Tier 2,Small,Supermarket Type1,0.014251461,4.1,1629.8784,148.6418
Low Fat,Meat,126.2704,Tier 2,Small,Supermarket Type1,0.069565759,4.1,250.3408,52.4324
Low Fat,Meat,178.5318,Tier 2,Small,Supermarket Type1,0.058209079,4.1,180.4318,153.6314
Low Fat,Others,40.3138,Tier 2,Small,Supermarket Type1,0.081361288,4.1,527.9794,141.9154
Low Fat,Others,156.7946,Tier 2,Small,Supermarket Type1,0.034013539,4.1,2840.3028,133.2284
Low Fat,Snack Foods,99.5358,Tier 2,Small,Supermarket Type1,0.052917345,4.1,1407.5012,190.6504
Low Fat,Soft Drinks,197.111,Tier 2,Small,Supermarket Type1,0.045463871,4.1,589.233,85.2882
Low Fat,Starchy Foods,38.6506,Tier 2,Small,Supermarket Type1,0.060971431,4.1,796.9626,226.2404
Low Fat,Baking Goods,109.8228,Tier 2,Small,Supermarket Type1,0.095696334,4.1,1657.842,159.7604
Low Fat,Baking Goods,99.2016,Tier 2,Small,Supermarket Type1,0.083473583,4.1,1518.024,120.8756
Low Fat,Breads,156.8972,Tier 2,Small,Supermarket Type1,0.141686037,4.1,467.3916,126.9994
Low Fat,Breads,62.351,Tier 2,Small,Supermarket Type1,0.0931174,4.1,885.514,118.6098
Low Fat,Breads,209.2586,Tier 2,Small,Supermarket Type1,0.147255604,4.1,3165.879,93.7436
Low Fat,Breakfast,124.673,Tier 2,Small,Supermarket Type1,0.143915417,4.1,1847.595,127.5994
Low Fat,Canned,163.2868,Tier 2,Small,Supermarket Type1,0,4.1,491.3604,160.7894
Low Fat,Canned,164.2526,Tier 2,Small,Supermarket Type1,0.017845372,4.1,1808.9786,179.0686
Low Fat,Canned,251.8408,Tier 2,Small,Supermarket Type1,0.073606829,4.1,4506.1344,156.6972
Low Fat,Dairy,82.9276,Tier 2,Small,Supermarket Type1,0.05843112,4.1,1705.7796,243.6802
Low Fat,Dairy,221.1772,Tier 2,Small,Supermarket Type1,0.14215211,4.1,3113.2808,263.5884
Low Fat,Dairy,125.7362,Tier 2,Small,Supermarket Type1,0.089975294,4.1,3020.0688,261.6594
Low Fat,Frozen Foods,112.6886,Tier 2,Small,Supermarket Type1,0.086945823,4.1,1779.0176,152.9998
Low Fat,Frozen Foods,58.1562,Tier 2,Small,Supermarket Type1,0,4.1,1185.124,109.1254
Low Fat,Frozen Foods,265.1884,Tier 2,Small,Supermarket Type1,0.090324849,4.1,6359.7216,214.4192
Low Fat,Frozen Foods,102.899,Tier 2,Small,Supermarket Type1,0.117574554,4.1,2167.179,75.667
Low Fat,Frozen Foods,98.141,Tier 2,Small,Supermarket Type1,0.100640587,4.1,1737.738,112.6886
Low Fat,Fruits and Vegetables,189.753,Tier 2,Small,Supermarket Type1,0.085757338,4.1,2846.295,164.75
Low Fat,Fruits and Vegetables,192.9846,Tier 2,Small,Supermarket Type1,0.093913607,4.1,6114.7072,93.2146
Low Fat,Fruits and Vegetables,98.4384,Tier 2,Small,Supermarket Type1,0.049496899,4.1,1576.6144,151.505
Low Fat,Hard Drinks,34.9558,Tier 2,Small,Supermarket Type1,0.003612411,4.1,373.5138,154.1998
Low Fat,Hard Drinks,198.5426,Tier 2,Small,Supermarket Type1,0.072252888,4.1,1384.1982,39.6506
Low Fat,Health and Hygiene,156.3946,Tier 2,Small,Supermarket Type1,0.126480422,4.1,473.3838,121.573
Low Fat,Household,194.4452,Tier 2,Small,Supermarket Type1,0.052239735,4.1,4697.8848,141.947
Low Fat,Household,43.7086,Tier 2,Small,Supermarket Type1,0.02981155,4.1,892.172,45.2086
Low Fat,Household,169.379,Tier 2,Small,Supermarket Type1,0.10402738,4.1,2376.906,172.2448
Low Fat,Household,208.3954,Tier 2,High,Supermarket Type1,0,4.1,2709.1402,110.4912
Low Fat,Household,77.896,Tier 2,High,Supermarket Type1,0.035348491,4.1,1997.4,124.673
Low Fat,Household,43.5454,Tier 2,High,Supermarket Type1,0.073080167,4.1,755.0172,228.4668
Low Fat,Household,171.6106,Tier 2,High,Supermarket Type1,0.021447102,4.1,2566.659,76.3328
Low Fat,Meat,72.9696,Tier 2,High,Supermarket Type1,0.007321067,4.1,596.5568,197.7426
Low Fat,Seafood,92.5804,Tier 2,High,Supermarket Type1,0.034049703,4.1,2297.01,112.286
Low Fat,Snack Foods,180.3318,Tier 2,High,Supermarket Type1,0.040144377,4.1,2886.9088,228.9694
Low Fat,Snack Foods,47.2034,Tier 2,High,Supermarket Type1,0.128814669,4.1,340.2238,107.6622
Low Fat,Snack Foods,56.4614,Tier 2,High,Supermarket Type1,0.064728148,4.1,828.921,258.0646
Low Fat,Snack Foods,195.111,Tier 2,High,Supermarket Type1,0.019533098,4.1,3731.809,120.4756
Low Fat,Starchy Foods,55.993,Tier 2,High,Supermarket Type1,0.038123176,4.1,905.488,123.5046
Low Fat,Starchy Foods,140.0496,Tier 2,High,Supermarket Type1,0.060589424,4.1,1411.496,162.5526
Regular,Canned,35.4216,Tier 2,High,Supermarket Type1,0.140292495,4.1,173.108,108.5228
Regular,Canned,78.896,Tier 2,High,Supermarket Type1,0.020823289,4.1,399.48,92.4488
Regular,Canned,195.111,Tier 2,High,Supermarket Type1,0.030150193,4.1,982.055,61.422
Regular,Dairy,239.6222,Tier 2,High,Supermarket Type1,0.008296692,4.1,2390.222,150.6708
Regular,Dairy,257.633,Tier 2,High,Supermarket Type1,0.107274301,4.1,5382.993,221.1772
Regular,Frozen Foods,169.2132,Tier 2,High,Supermarket Type1,0.088025298,4.1,2536.698,158.063
Regular,Frozen Foods,109.0596,Tier 2,High,Supermarket Type1,0,4.1,1941.4728,148.7418
Regular,Fruits and Vegetables,97.141,Tier 2,High,Supermarket Type1,0.041641933,4.1,1448.115,121.1072
Regular,Fruits and Vegetables,178.137,Tier 2,High,Supermarket Type1,0.024454052,4.1,1058.622,197.211
Regular,Fruits and Vegetables,51.3008,Tier 2,High,Supermarket Type1,0.018968743,4.1,759.012,61.9536
Regular,Meat,174.0396,Tier 2,High,Supermarket Type1,0.137645467,4.1,2093.2752,185.2608
Regular,Meat,199.6084,Tier 2,High,Supermarket Type1,0.069728296,4.1,7142.7024,233.9616
Regular,Meat,151.1024,Tier 2,High,Supermarket Type1,0,4.1,2428.8384,37.9532
Regular,Snack Foods,166.15,Tier 2,High,Supermarket Type1,0.123961415,4.1,3828.35,33.2874
Regular,Baking Goods,217.4192,Tier 2,High,Supermarket Type1,0.047152554,4.1,431.4384,110.157
Regular,Baking Goods,125.6388,Tier 2,High,Supermarket Type1,0.051908824,4.1,1733.7432,78.1644
Regular,Canned,48.4692,Tier 2,High,Supermarket Type1,0.042552418,4.1,1034.6532,123.5046
Regular,Canned,100.7042,Tier 2,High,Supermarket Type1,0.041482394,4.1,3174.5344,40.0454
Regular,Frozen Foods,243.1512,Tier 2,High,Supermarket Type1,0.036042939,4.1,4604.6728,244.4486
Regular,Frozen Foods,149.7734,Tier 2,High,Supermarket Type1,0.153011599,4.1,2820.9946,215.2218
Regular,Frozen Foods,194.911,Tier 2,High,Supermarket Type1,0,4.1,196.411,83.2592
Regular,Fruits and Vegetables,196.5768,Tier 2,Medium,Supermarket Type1,0.035350045,4.1,5715.2272,169.7448
Regular,Fruits and Vegetables,141.2154,Tier 2,Medium,Supermarket Type1,0.101335811,4.1,3119.9388,196.5768
Regular,Meat,156.4656,Tier 2,Medium,Supermarket Type1,0.095195306,4.1,2471.4496,213.956
Regular,Snack Foods,238.188,Tier 2,Medium,Supermarket Type1,0.012823829,4.1,3835.008,55.5588
Regular,Soft Drinks,254.0382,Tier 2,Medium,Supermarket Type1,0.061521569,4.1,1261.691,55.8614
low fat,Fruits and Vegetables,191.3188,Tier 2,Medium,Supermarket Type1,0.046578409,4.1,2285.0256,48.6692
low fat,Seafood,101.77,Tier 2,Medium,Supermarket Type1,0.073559521,4.1,798.96,33.9216
low fat,Canned,87.0514,Tier 2,Medium,Supermarket Type1,0,4.1,2125.2336,89.8804
reg,Starchy Foods,253.7356,Tier 2,Medium,Supermarket Type1,0.129077455,4.1,508.6712,95.2068
reg,Baking Goods,151.634,Tier 2,Medium,Supermarket Type1,0.082731751,4.1,1990.742,49.2034
LF,Dairy,170.9422,Tier 2,Small,Supermarket Type1,0.038511676,4.1,3103.9596,57.7272
LF,Fruits and Vegetables,191.4504,Tier 2,Small,Supermarket Type1,0.051970838,4.1,575.2512,79.7986
LF,Household,40.9822,Tier 2,Small,Supermarket Type1,0.093008616,4.1,157.1288,127.8652
LF,Others,194.711,Tier 2,Small,Supermarket Type1,0,4.1,196.411,242.3538
Low Fat,Baking Goods,38.419,Tier 2,Small,Supermarket Type1,0.03748996,4.1,805.618,48.6034
Low Fat,Baking Goods,86.8856,Tier 2,Small,Supermarket Type1,0.034363029,4.1,2548.6824,43.5086
Low Fat,Baking Goods,99.7042,Tier 2,Small,Supermarket Type1,0.032442388,4.1,3868.9638,178.366
Low Fat,Canned,58.0246,Tier 2,Small,Supermarket Type1,0.024159767,4.1,2143.2102,114.715
Low Fat,Canned,233.1642,Tier 2,Small,Supermarket Type1,0.122470805,4.1,697.0926,131.7942
Low Fat,Canned,185.224,Tier 2,Small,Supermarket Type1,0.064909488,4.1,2423.512,88.5198
Low Fat,Dairy,159.2578,Tier 2,Small,Supermarket Type1,0.01601936,4.1,2406.867,248.5092
Low Fat,Dairy,101.3332,Tier 2,Small,Supermarket Type1,0.1017546,4.1,1537.998,55.1956
Low Fat,Frozen Foods,73.6038,Tier 2,Small,Supermarket Type1,0.071244438,4.1,739.038,119.2098
Low Fat,Fruits and Vegetables,101.399,Tier 2,Small,Supermarket Type1,0.122204371,4.1,2063.98,173.5738
Low Fat,Hard Drinks,74.767,Tier 2,Small,Supermarket Type1,0.085075063,4.1,1454.773,189.0872
Low Fat,Hard Drinks,42.7086,Tier 2,Small,Supermarket Type1,0.038729457,4.1,356.8688,127.3362
Low Fat,Health and Hygiene,196.8768,Tier 2,Small,Supermarket Type1,0.032615377,4.1,3350.3056,142.9154
Low Fat,Health and Hygiene,39.548,Tier 2,Small,Supermarket Type1,0.054620504,4.1,1358.232,197.5084
Low Fat,Health and Hygiene,197.111,Tier 2,Small,Supermarket Type1,0.037574137,4.1,3731.809,100.0042
Low Fat,Health and Hygiene,197.0084,Tier 2,Small,Supermarket Type1,0.058725131,4.1,3372.9428,82.3618
Low Fat,Health and Hygiene,257.7304,Tier 2,Small,Supermarket Type1,0.055979703,4.1,774.9912,151.9024
Low Fat,Health and Hygiene,131.3942,Tier 2,Small,Supermarket Type1,0.032580547,4.1,397.4826,192.1162
Low Fat,Health and Hygiene,257.2672,Tier 2,Small,Supermarket Type1,0.075721301,4.1,3068.0064,34.3532
Low Fat,Household,171.6422,Tier 2,Small,Supermarket Type1,0.007455054,4.1,3276.4018,186.9556
Low Fat,Household,143.9128,Tier 2,Small,Supermarket Type1,0.072655379,4.1,143.8128,157.792
Low Fat,Household,44.1428,Tier 2,Small,Supermarket Type1,0,4.1,1362.2268,103.5332
Low Fat,Meat,60.5536,Tier 2,Small,Supermarket Type1,0.079613553,4.1,2143.876,65.0826
Low Fat,Meat,112.2518,Tier 2,Small,Supermarket Type1,0.007278512,4.1,1366.2216,196.7426
Low Fat,Meat,51.335,Tier 2,Small,Supermarket Type1,0.081026811,4.1,1198.44,190.0846
Low Fat,Snack Foods,78.396,Tier 2,Small,Supermarket Type1,0.071971918,4.1,1757.712,121.3098
Low Fat,Snack Foods,236.8564,Tier 2,Small,Supermarket Type1,0.046115083,4.1,4767.128,120.2124
Low Fat,Snack Foods,146.6444,Tier 2,Small,Supermarket Type1,0.116520447,4.1,870.8664,186.0266
Low Fat,Soft Drinks,103.699,Tier 2,Small,Supermarket Type1,0.033373748,4.1,1031.99,74.0696
Regular,Baking Goods,223.0404,Tier 2,Small,Supermarket Type1,0.062839798,4.1,2025.3636,90.883
Regular,Baking Goods,173.2054,Tier 2,Small,Supermarket Type1,0.067490036,4.1,4902.9512,185.224
Regular,Breads,75.0696,Tier 2,Small,Supermarket Type1,0.029366813,4.1,149.1392,187.7556
Regular,Breads,255.7356,Tier 2,Small,Supermarket Type1,0.055548003,4.1,2543.356,225.3088
Regular,Canned,40.948,Tier 2,Small,Supermarket Type1,0.028271345,4.1,479.376,170.5422
Regular,Canned,180.6292,Tier 2,Small,Supermarket Type1,0.00819018,4.1,3101.2964,103.7674
Regular,Canned,90.883,Tier 2,Small,Supermarket Type1,0.026563851,4.1,1707.777,141.247
Regular,Frozen Foods,40.9822,Tier 2,Small,Supermarket Type1,0.030242184,4.1,864.2084,101.799
Regular,Frozen Foods,194.711,Tier 2,Small,Supermarket Type1,0,4.1,4910.275,82.8592
Regular,Fruits and Vegetables,155.2288,Tier 2,Small,Supermarket Type1,0.053765212,4.1,1257.0304,163.1526
Regular,Fruits and Vegetables,48.5034,Tier 2,Small,Supermarket Type1,0.014822802,4.1,243.017,234.0958
Regular,Meat,210.3954,Tier 2,Small,Supermarket Type1,0.033431669,4.1,5001.4896,153.1314
Regular,Snack Foods,217.4192,Tier 2,Small,Supermarket Type1,0.056592115,4.1,4314.384,65.0168
Regular,Snack Foods,121.3098,Tier 2,Small,Supermarket Type1,0.037757166,4.1,843.5686,126.7994
Regular,Snack Foods,115.9834,Tier 2,Small,Supermarket Type1,0.013493914,4.1,2073.3012,143.7154
Regular,Snack Foods,155.0998,Tier 2,Small,Supermarket Type1,0.121231308,4.1,1230.3984,97.5752
Regular,Starchy Foods,107.1622,Tier 2,Small,Supermarket Type1,0.142383847,4.1,1693.7952,172.3448
LF,Soft Drinks,41.048,Tier 3,Medium,Grocery Store,0,4.1,639.168,190.453
Low Fat,Breads,263.9568,Tier 3,Medium,Grocery Store,0.13689554,4.1,4745.8224,176.437
Low Fat,Canned,171.0106,Tier 3,Medium,Grocery Store,0.05346916,4.1,3079.9908,114.1492
Low Fat,Canned,258.7278,Tier 3,Medium,Grocery Store,0.228469522,4.1,5466.8838,93.3094
Low Fat,Dairy,121.1098,Tier 3,Medium,Grocery Store,0.097660814,4.1,2651.2156,141.8128
Low Fat,Frozen Foods,208.9928,Tier 3,Medium,Grocery Store,0.063529046,4.1,2103.928,63.751
Low Fat,Frozen Foods,156.4972,Tier 3,Medium,Grocery Store,0.076755106,4.1,1090.5804,141.618
Low Fat,Frozen Foods,176.4344,Tier 3,Medium,Grocery Store,0.066657791,4.1,2141.2128,32.6558
Low Fat,Frozen Foods,236.3564,Tier 3,Medium,Grocery Store,0.019438042,4.1,2145.2076,95.541
Low Fat,Frozen Foods,208.527,Tier 3,Medium,Grocery Store,0.132596101,4.1,419.454,226.2062
Low Fat,Fruits and Vegetables,84.4566,Tier 3,Medium,Grocery Store,0.059834024,4.1,591.8962,133.5284
Low Fat,Fruits and Vegetables,146.5418,Tier 3,Medium,Grocery Store,0.034393057,4.1,2501.4106,50.8324
Low Fat,Hard Drinks,142.0154,Tier 3,Medium,Grocery Store,0.069745165,4.1,850.8924,190.2872
Low Fat,Household,74.767,Tier 3,Medium,Grocery Store,0.128136346,4.1,2679.845,248.346
Low Fat,Household,149.8708,Tier 3,Medium,Grocery Store,0.08425957,4.1,3611.2992,192.3162
Low Fat,Household,81.9934,Tier 3,High,Grocery Store,0.180820798,4.1,3439.5228,35.9558
Low Fat,Meat,51.0324,Tier 3,High,Grocery Store,0.199935881,4.1,727.0536,188.453
Low Fat,Snack Foods,219.5482,Tier 3,High,Grocery Store,0.044539371,4.1,5695.2532,85.3198
Low Fat,Starchy Foods,208.2638,Tier 3,High,Grocery Store,0.205605116,4.1,4762.4674,207.7638
Regular,Baking Goods,87.2514,Tier 3,High,Grocery Store,0.044139551,4.1,265.6542,143.9128
Regular,Baking Goods,213.756,Tier 3,High,Grocery Store,0.043626605,4.1,852.224,241.4196
Regular,Baking Goods,57.393,Tier 3,High,Grocery Store,0.196438668,4.1,735.709,194.611
Regular,Breads,61.4878,Tier 3,High,Grocery Store,0.136695145,4.1,1151.1682,173.4054
Regular,Breads,105.8622,Tier 3,High,Grocery Store,0.073468631,4.1,2223.1062,110.857
Regular,Dairy,101.299,Tier 3,High,Grocery Store,0.13187274,4.1,1857.582,188.024
Regular,Dairy,223.8404,Tier 3,High,Grocery Store,0.191008614,4.1,675.1212,92.8436
Regular,Frozen Foods,155.1314,Tier 3,High,Grocery Store,0.030166924,4.1,155.1314,179.766
Regular,Fruits and Vegetables,59.1562,Tier 3,High,Grocery Store,0.204713036,4.1,1185.124,101.0016
Regular,Fruits and Vegetables,111.986,Tier 3,High,Grocery Store,0.043304681,4.1,1697.79,147.5418
Regular,Meat,95.2068,Tier 3,High,Grocery Store,0.036921781,4.1,2721.7904,194.2452
Regular,Meat,257.2962,Tier 3,High,Grocery Store,0.127412338,4.1,4920.9278,111.3202
Regular,Meat,88.6856,Tier 3,High,Grocery Store,0.252865979,4.1,351.5424,82.7276
Regular,Seafood,96.6094,Tier 3,High,Grocery Store,0.234733477,4.1,856.8846,173.4764
Regular,Snack Foods,142.0812,Tier 3,High,Grocery Store,0.149895348,4.1,284.9624,152.0708
LF,Breakfast,95.212,Tier 3,High,Supermarket Type1,0.151931742,4.1,838.908,101.1358
Low Fat,Baking Goods,162.5526,Tier 3,High,Supermarket Type1,0.046232445,4.1,5920.2936,99.4384
Low Fat,Canned,73.0038,Tier 3,High,Supermarket Type1,0.097803261,4.1,147.8076,50.5324
Low Fat,Dairy,46.6744,Tier 3,High,Supermarket Type1,0.03187163,4.1,135.8232,179.5344
Low Fat,Dairy,57.5562,Tier 3,High,Supermarket Type1,0.097135675,4.1,651.8182,89.3856
Low Fat,Frozen Foods,264.791,Tier 3,High,Supermarket Type1,0.007342171,4.1,2103.928,59.9536
Low Fat,Frozen Foods,187.9872,Tier 3,High,Supermarket Type1,0.026299797,4.1,2458.1336,79.4302
Low Fat,Frozen Foods,211.8218,Tier 3,High,Supermarket Type1,0.014679558,4.1,6411.654,73.6038
Low Fat,Frozen Foods,74.7354,Tier 3,High,Supermarket Type1,0.026848529,4.1,1655.1788,264.891
Low Fat,Fruits and Vegetables,121.973,Tier 3,High,Supermarket Type1,0.108102606,4.1,2956.152,233.3642
Low Fat,Fruits and Vegetables,107.6596,Tier 3,High,Supermarket Type1,0.099026525,4.1,1833.6132,93.8462
Low Fat,Fruits and Vegetables,74.0696,Tier 3,High,Supermarket Type1,0.048718334,4.1,894.8352,38.7506
Low Fat,Health and Hygiene,160.3604,Tier 3,High,Supermarket Type1,0.030330202,4.1,2852.2872,35.4874
Low Fat,Health and Hygiene,36.3874,Tier 3,High,Supermarket Type1,0,4.1,105.8622,110.2544
Low Fat,Health and Hygiene,131.7942,Tier 3,High,Supermarket Type1,0,4.1,1987.413,149.4734
Low Fat,Household,119.9124,Tier 3,High,Supermarket Type1,0.076791671,4.1,118.5124,116.4492
Low Fat,Household,212.6218,Tier 3,High,Supermarket Type1,0.029619203,4.1,2137.218,43.6086
Low Fat,Household,86.0198,Tier 3,High,Supermarket Type1,0.066625843,4.1,1569.9564,194.2478
Low Fat,Household,177.6028,Tier 3,High,Supermarket Type1,0.024630755,4.1,531.3084,178.2686
Low Fat,Household,169.3106,Tier 3,High,Supermarket Type1,0.060927824,4.1,2224.4378,254.8698
Low Fat,Meat,149.0076,Tier 3,High,Supermarket Type1,0.037864854,4.1,295.6152,63.0826
Low Fat,Meat,191.7846,Tier 3,High,Supermarket Type1,0,4.1,382.1692,189.3846
Low Fat,Snack Foods,54.8298,Tier 3,High,Supermarket Type1,0,4.1,1348.245,98.7042
Low Fat,Snack Foods,256.1356,Tier 3,High,Supermarket Type1,0.0112259,4.1,4578.0408,211.956
Low Fat,Snack Foods,148.8708,Tier 3,High,Supermarket Type1,0.076791671,4.1,3761.77,161.0236
Low Fat,Soft Drinks,174.4396,Tier 3,High,Supermarket Type1,0.038892859,4.1,2616.594,36.119
Low Fat,Soft Drinks,263.7884,Tier 3,High,Supermarket Type1,0.019362306,4.1,3709.8376,154.6972
Low Fat,Starchy Foods,34.3216,Tier 3,High,Supermarket Type1,0.062235983,4.1,34.6216,34.5532
Regular,Baking Goods,140.7812,Tier 3,High,Supermarket Type1,0.133382115,4.1,142.4812,55.0298
Regular,Baking Goods,144.847,Tier 3,High,Supermarket Type1,0.035542581,4.1,572.588,143.3444
Regular,Baking Goods,98.9068,Tier 3,High,Supermarket Type1,0.046848322,4.1,1749.7224,110.557
Regular,Dairy,180.9292,Tier 3,High,Supermarket Type1,0.04745185,4.1,2736.438,214.6876
Regular,Frozen Foods,39.2796,Tier 3,High,Supermarket Type1,0.082333019,4.1,701.7532,58.1588
Regular,Frozen Foods,82.5934,Tier 3,High,Supermarket Type1,0.035997543,4.1,1310.2944,176.9712
Regular,Frozen Foods,149.3708,Tier 3,High,Supermarket Type1,0.080573371,4.1,1203.7664,260.1936
Regular,Frozen Foods,140.1496,Tier 3,High,Supermarket Type1,0.062205112,4.1,1552.6456,148.3418
Regular,Fruits and Vegetables,251.904,Tier 3,High,Supermarket Type1,0.08573655,4.1,4301.068,229.5694
Regular,Fruits and Vegetables,194.6136,Tier 3,High,Supermarket Type1,0,4.1,3110.6176,173.6422
Regular,Fruits and Vegetables,101.4358,Tier 3,High,Supermarket Type1,0.058778429,4.1,1608.5728,187.853
Regular,Fruits and Vegetables,131.4626,Tier 3,High,Supermarket Type1,0.05373063,4.1,1705.1138,165.1526
Regular,Fruits and Vegetables,92.9462,Tier 3,High,Supermarket Type1,0.050043472,4.1,1018.0082,164.6526
Regular,Fruits and Vegetables,147.0076,Tier 3,High,Supermarket Type1,0.109900843,4.1,3103.9596,83.0592
Regular,Fruits and Vegetables,53.3956,Tier 3,High,Supermarket Type1,0.07964724,4.1,982.7208,101.4332
Regular,Fruits and Vegetables,216.7508,Tier 3,High,Supermarket Type1,0.119362812,4.1,1736.4064,180.3976
Regular,Meat,108.2912,Tier 3,High,Supermarket Type1,0.17133418,4.1,2293.0152,48.8376
Regular,Snack Foods,176.9712,Tier 3,High,Supermarket Type1,0.074087369,4.1,3691.1952,264.9568
Regular,Snack Foods,96.4436,Tier 3,High,Supermarket Type1,0.01141595,4.1,378.1744,74.0038
Regular,Snack Foods,235.9906,Tier 3,High,Supermarket Type1,0.039189221,4.1,6893.0274,97.341
Regular,Soft Drinks,91.612,Tier 3,High,Supermarket Type1,0.127821472,4.1,279.636,185.9924
LF,Baking Goods,233.3616,Tier 3,Medium,Supermarket Type2,0.111727876,4.1,6093.4016,33.9874
LF,Fruits and Vegetables,93.5778,Tier 3,Medium,Supermarket Type2,0.0711891,4.1,187.7556,193.3162
LF,Hard Drinks,111.986,Tier 3,Medium,Supermarket Type2,0.048213766,4.1,792.302,159.6946
LF,Health and Hygiene,172.9764,Tier 3,Medium,Supermarket Type2,0.045603215,4.1,2233.0932,149.2392
LF,Household,55.3614,Tier 3,Medium,Supermarket Type2,0.010033871,4.1,497.3526,177.937
Low Fat,Baking Goods,214.4218,Tier 3,Medium,Supermarket Type2,0,4.1,4274.436,149.8024
Low Fat,Baking Goods,177.8028,Tier 3,Medium,Supermarket Type2,0.09384335,4.1,1239.7196,142.3812
Low Fat,Baking Goods,65.6826,Tier 3,Medium,Supermarket Type2,0.119848041,4.1,774.9912,109.4596
Low Fat,Baking Goods,182.4608,Tier 3,Medium,Supermarket Type2,0.032580705,4.1,7534.1928,180.066
Low Fat,Breads,86.054,Tier 3,Medium,Supermarket Type2,0.082120687,4.1,2336.958,177.437
Low Fat,Breads,36.6506,Tier 3,Medium,Supermarket Type2,0.087824967,4.1,607.2096,196.0794
Low Fat,Breakfast,111.5544,Tier 3,Medium,Supermarket Type2,0.143688905,4.1,223.7088,128.1994
Low Fat,Canned,254.804,Tier 3,Medium,Supermarket Type2,0.112681821,4.1,7843.124,119.144
Low Fat,Canned,99.5042,Tier 3,Medium,Supermarket Type2,0.073135768,4.1,1686.4714,77.2986
Low Fat,Fruits and Vegetables,184.595,Tier 3,Medium,Supermarket Type2,0.025512207,4.1,3844.995,159.692
Low Fat,Fruits and Vegetables,232.3326,Tier 3,Medium,Supermarket Type2,0.089069748,4.1,2541.3586,62.751
Low Fat,Fruits and Vegetables,190.8162,Tier 3,Medium,Supermarket Type2,0.040521714,4.1,2886.243,178.5002
Low Fat,Fruits and Vegetables,254.1014,Tier 3,Medium,Supermarket Type2,0.037734334,4.1,3315.0182,173.9054
Low Fat,Fruits and Vegetables,245.2118,Tier 3,Medium,Supermarket Type2,0.030216783,4.1,5681.2714,216.6192
Low Fat,Fruits and Vegetables,141.7154,Tier 3,Medium,Supermarket Type2,0,4.1,2694.4926,109.1912
Low Fat,Fruits and Vegetables,175.037,Tier 3,Medium,Supermarket Type2,0.136286138,4.1,529.311,170.9106
Low Fat,Fruits and Vegetables,175.8028,Tier 3,Medium,Supermarket Type2,0.012499004,4.1,3896.2616,188.0872
Low Fat,Hard Drinks,157.5972,Tier 3,Medium,Supermarket Type2,0.003606726,4.1,3427.5384,154.1998
Low Fat,Health and Hygiene,263.991,Tier 3,Medium,Supermarket Type2,0.055162827,4.1,9467.676,100.3358
Low Fat,Health and Hygiene,126.2046,Tier 3,Medium,Supermarket Type2,0.058975504,4.1,1618.5598,81.7618
Low Fat,Health and Hygiene,108.7912,Tier 3,Medium,Supermarket Type2,0.175898114,4.1,109.1912,183.7608
Low Fat,Health and Hygiene,99.7726,Tier 3,Medium,Supermarket Type2,0.030619301,4.1,978.726,194.0162
Low Fat,Household,42.577,Tier 3,Medium,Supermarket Type2,0.093405156,4.1,952.094,129.3652
Low Fat,Household,166.1158,Tier 3,Medium,Supermarket Type2,0.019586115,4.1,501.3474,170.2474
Low Fat,Household,33.6874,Tier 3,Medium,Supermarket Type2,0.056067524,4.1,70.5748,139.8496
Low Fat,Household,125.7704,Tier 3,Medium,Supermarket Type2,0.061434045,4.1,250.3408,130.9968
Low Fat,Others,122.6046,Tier 3,Medium,Supermarket Type2,0.027157955,4.1,2365.5874,50.2666
Low Fat,Snack Foods,120.5072,Tier 3,Medium,Supermarket Type2,0.108330902,4.1,2695.1584,183.6634
Low Fat,Snack Foods,86.4198,Tier 3,Medium,Supermarket Type2,0.139985583,4.1,87.2198,145.276
Low Fat,Soft Drinks,39.6164,Tier 3,Medium,Supermarket Type2,0.023673342,4.1,1004.0264,189.0846
Low Fat,Starchy Foods,156.2314,Tier 3,Medium,Supermarket Type2,0.017979145,4.1,2947.4966,178.3686
Regular,Baking Goods,148.8076,Tier 3,Medium,Supermarket Type2,0.134037,4.1,3103.9596,53.3298
Regular,Baking Goods,97.3384,Tier 3,Medium,Supermarket Type2,0.041942549,4.1,886.8456,165.4868
Regular,Baking Goods,98.17,Tier 3,Medium,Supermarket Type2,0.162205516,4.1,199.74,36.2848
Regular,Baking Goods,227.801,Tier 3,Medium,Supermarket Type2,0.062477955,4.1,459.402,87.2514
Regular,Breads,83.1934,Tier 3,Medium,Supermarket Type2,0.029492018,4.1,1146.5076,188.0556
Regular,Canned,96.6752,Tier 3,Medium,Supermarket Type2,0.170977155,4.1,479.376,117.0834
Regular,Frozen Foods,109.057,Tier 3,Medium,Supermarket Type2,0.03598621,4.1,2746.425,244.1486
Regular,Frozen Foods,188.1872,Tier 3,Medium,Supermarket Type2,0.04731256,4.1,4159.9184,50.7666
Regular,Fruits and Vegetables,35.919,Tier 3,Medium,Supermarket Type2,0.058663727,4.1,1171.808,164.1552
Regular,Meat,152.6682,Tier 3,Medium,Supermarket Type2,0.037033223,4.1,1829.6184,227.9352
Regular,Meat,180.566,Tier 3,Medium,Supermarket Type2,0.096491904,4.1,3415.554,134.4942
Regular,Snack Foods,199.4426,Tier 3,Medium,Supermarket Type2,0.130031207,4.1,3361.6242,142.4838
Regular,Snack Foods,111.3228,Tier 3,Medium,Supermarket Type2,0.149974858,4.1,663.1368,179.766
Regular,Snack Foods,83.3566,Tier 3,Medium,Supermarket Type2,0,4.1,1437.4622,147.2418
Regular,Snack Foods,155.134,Tier 3,Medium,Supermarket Type2,0.039381633,4.1,2603.278,98.041
Regular,Starchy Foods,106.2306,Tier 3,Medium,Supermarket Type2,0.048883854,4.1,2090.612,185.7898
LF,Fruits and Vegetables,113.3834,Tier 3,Medium,Supermarket Type3,0.048980156,4.1,2073.3012,148.705
LF,Household,190.9162,Tier 3,Medium,Supermarket Type3,0.026058181,4.1,5772.486,121.9098
LF,Meat,182.995,Tier 3,Medium,Supermarket Type3,0.012656359,4.1,3844.995,37.8822
LF,Meat,142.147,Tier 3,Medium,Supermarket Type3,0.057809959,4.1,2147.205,156.2314
Low Fat,Canned,105.6964,Tier 3,Medium,Supermarket Type3,0.013199737,4.1,1577.946,108.9254
Low Fat,Canned,141.8838,Tier 3,Medium,Supermarket Type3,0.02110482,4.1,1966.7732,217.0824
Low Fat,Canned,141.247,Tier 3,Medium,Supermarket Type3,0.031946638,4.1,3292.381,51.6008
Low Fat,Frozen Foods,141.147,Tier 3,Medium,Supermarket Type3,0.085715273,4.1,2719.793,146.6076
Low Fat,Fruits and Vegetables,229.0352,Tier 3,Medium,Supermarket Type3,0.041194986,4.1,5496.8448,39.1164
Low Fat,Fruits and Vegetables,184.9608,Tier 3,Medium,Supermarket Type3,0.031131455,4.1,3858.9768,111.0228
Low Fat,Hard Drinks,208.127,Tier 3,Medium,Supermarket Type3,0.070103425,4.1,2306.997,179.4344
Low Fat,Health and Hygiene,142.3812,Tier 3,Medium,Supermarket Type3,0.081933378,4.1,1139.8496,161.492
Low Fat,Health and Hygiene,109.557,Tier 3,Medium,Supermarket Type3,0.092433518,4.1,1757.712,101.6674
Low Fat,Household,33.9874,Tier 3,Medium,Supermarket Type3,0.089858447,4.1,564.5984,84.5882
Low Fat,Household,88.583,Tier 3,Medium,Supermarket Type3,0.050692386,4.1,808.947,125.6678
Low Fat,Household,197.2768,Tier 3,Medium,Supermarket Type3,0.020388413,4.1,3941.536,44.4112
Low Fat,Household,129.9284,Tier 3,Medium,Supermarket Type3,0.031583053,4.1,1845.5976,260.991
Low Fat,Meat,168.2474,Tier 3,Medium,Supermarket Type3,0.079243005,4.1,2863.6058,65.8826
Low Fat,Others,83.6224,Tier 3,Medium,Supermarket Type3,0.119698523,4.1,852.224,143.047
Low Fat,Others,153.5682,Tier 3,Medium,Supermarket Type3,0.090596378,4.1,457.4046,106.6938
Low Fat,Seafood,37.819,Tier 3,Medium,Supermarket Type3,0.055806016,4.1,256.333,52.4982
Low Fat,Snack Foods,155.663,Tier 3,Medium,Supermarket Type3,0.111554381,4.1,2034.019,59.822
Low Fat,Snack Foods,108.428,Tier 3,Medium,Supermarket Type3,0.038822077,4.1,1278.336,147.7418
Low Fat,Soft Drinks,75.1012,Tier 3,Medium,Supermarket Type3,0,4.1,1366.2216,87.3882
Low Fat,Soft Drinks,183.2608,Tier 3,Medium,Supermarket Type3,0,4.1,2940.1728,89.4146
Low Fat,Soft Drinks,45.506,Tier 3,Medium,Supermarket Type3,0.014484582,4.1,885.514,143.9102
Low Fat,Starchy Foods,232.6984,Tier 3,Medium,Supermarket Type3,0.02573918,4.1,2316.984,120.744
Regular,Baking Goods,192.4478,Tier 3,Medium,Supermarket Type3,0.121043709,4.1,8912.3988,59.422
Regular,Canned,218.3482,Tier 3,Medium,Supermarket Type3,0,4.1,2847.6266,91.8488
Regular,Canned,214.4192,Tier 3,Medium,Supermarket Type3,0.084354713,4.1,1725.7536,215.5218
Regular,Dairy,107.1964,Tier 3,Medium,Supermarket Type3,0.0204702,4.1,420.7856,88.254
Regular,Dairy,262.8568,Tier 3,Medium,Supermarket Type3,0.037516862,4.1,5800.4496,124.3704
Regular,Frozen Foods,171.9422,Tier 3,Medium,Supermarket Type3,0.047570401,4.1,3448.844,125.7362
Regular,Frozen Foods,81.7618,Tier 3,Medium,Supermarket Type3,0.01401884,4.1,2175.1686,178.1344
Regular,Frozen Foods,107.9938,Tier 3,Medium,Supermarket Type3,0.035853059,4.1,2036.6822,176.8712
Regular,Frozen Foods,34.7532,Tier 3,Medium,Supermarket Type3,0.082002559,4.1,683.1108,59.2588
Regular,Fruits and Vegetables,62.151,Tier 3,Medium,Supermarket Type3,0.056713056,4.1,63.251,223.8088
Regular,Fruits and Vegetables,227.9036,Tier 3,Medium,Supermarket Type3,0,4.1,455.4072,188.2556
Regular,Fruits and Vegetables,195.9452,Tier 3,Medium,Supermarket Type3,0.059438787,4.1,2348.9424,130.9968
Regular,Fruits and Vegetables,209.1612,Tier 3,Medium,Supermarket Type3,0.058542509,4.1,2090.612,168.6448
Regular,Snack Foods,215.9876,Tier 3,Medium,Supermarket Type3,0.037388493,4.1,3430.2016,107.8254
Regular,Snack Foods,131.8626,Tier 3,Medium,Supermarket Type3,0.011072421,4.1,2885.5772,85.354
Regular,Soft Drinks,113.4176,Tier 3,Medium,Supermarket Type3,0.076798609,4.1,1488.7288,231.8958
Regular,Starchy Foods,112.1228,Tier 3,Medium,Supermarket Type3,0,4.1,663.1368,59.8904
low fat,Fruits and Vegetables,41.0454,Tier 3,Medium,Supermarket Type3,0.069851683,4.1,251.6724,110.9912
Low Fat,Snack Foods,103.899,Tier 3,Medium,Supermarket Type3,0.127469857,4,2889.572,107.7622
Low Fat,Fruits and Vegetables,83.425,Tier 1,Medium,Supermarket Type1,0,4,1498.05,45.5402
Regular,Breakfast,176.337,Tier 1,Small,Supermarket Type1,0.069088961,4,3528.74,56.3614
low fat,Hard Drinks,194.082,Tier 3,High,Supermarket Type1,0.019356132,4,3861.64,39.1164
Low Fat,Canned,119.5466,Tier 2,Small,Supermarket Type1,0.025879577,4,353.5398,265.2226
Regular,Canned,250.6408,Tier 3,High,Supermarket Type1,0.028696932,4,4756.4752,117.0492
Low Fat,Fruits and Vegetables,56.5588,Tier 2,Small,Supermarket Type1,0.065041581,4,801.6232,196.3794
Regular,Meat,150.6024,Tier 2,Small,Supermarket Type1,0.040071131,4,1821.6288,87.3514
Regular,Frozen Foods,219.2166,Tier 1,Small,Grocery Store,0.15028599,4,1524.0162,51.0692
Regular,Dairy,146.2418,Tier 2,Small,Supermarket Type1,0.078946455,4,4414.254,186.024
Regular,Snack Foods,88.7856,Tier 1,Small,Supermarket Type1,0.105296072,4,1142.5128,170.1764
Low Fat,Frozen Foods,258.0962,Tier 1,Small,Grocery Store,0.009714595,4,1035.9848,120.0414
Regular,Fruits and Vegetables,252.7382,Tier 1,Small,Supermarket Type1,0.074627201,4,3280.3966,187.8556
Low Fat,Soft Drinks,178.3686,Tier 3,High,Supermarket Type1,0.035913805,4,3199.8348,41.4138
Regular,Breads,46.9402,Tier 2,Small,Supermarket Type1,0,4,780.9834,173.2054
Low Fat,Canned,197.611,Tier 2,Small,Supermarket Type1,0.021327477,4,2553.343,216.8824
Low Fat,Others,75.0012,Tier 2,Small,Supermarket Type1,0.019471688,4,834.9132,164.821
Low Fat,Baking Goods,114.7176,Tier 2,Small,Supermarket Type1,0.176573035,4,2748.4224,157.4604
Regular,Baking Goods,195.1452,Tier 3,Small,Grocery Store,0.042464962,4,1761.7068,81.5934
Low Fat,Hard Drinks,253.0698,Tier 3,Medium,Supermarket Type3,0.04357366,4,2283.0282,192.8846
Low Fat,Canned,195.5478,Tier 3,High,Supermarket Type1,0.033946163,4,387.4956,179.3976
Low Fat,Frozen Foods,218.2166,Tier 1,Small,Grocery Store,0.148392623,4,4789.7652,41.5796
Regular,Frozen Foods,117.7466,Tier 1,Small,Supermarket Type1,0.057827101,4,2828.3184,128.831
Low Fat,Frozen Foods,107.228,Tier 1,Small,Grocery Store,0.2047,4,2024.032,76.867
Low Fat,Soft Drinks,147.6102,Tier 1,Small,Supermarket Type1,0.034452949,4,1603.9122,174.0422
Regular,Meat,199.5742,Tier 3,Medium,Supermarket Type3,0.065203103,4,3981.484,166.0816
Regular,Meat,232.2668,Tier 3,High,Supermarket Type1,0.041947547,4,4146.6024,41.2112
Low Fat,Canned,98.97,Tier 3,Medium,Supermarket Type2,0.082888496,4,3395.58,178.6002
Regular,Frozen Foods,254.8014,Tier 2,Small,Supermarket Type1,0.046350909,4,2040.0112,37.4506
reg,Snack Foods,185.3898,Tier 1,Medium,Supermarket Type1,0.056960814,4,3554.7062,230.0984
Low Fat,Health and Hygiene,53.3298,Tier 1,Small,Supermarket Type1,0.017719277,4,539.298,211.0244
LF,Starchy Foods,194.0794,Tier 3,High,Supermarket Type1,0.060797393,4,3901.588,223.8404
Low Fat,Fruits and Vegetables,53.7324,Tier 2,Small,Supermarket Type1,0.027310252,4,311.5944,101.0042
Low Fat,Health and Hygiene,189.753,Tier 3,High,Supermarket Type1,0.044871033,4,189.753,140.3838
Low Fat,Fruits and Vegetables,217.6482,Tier 3,High,Supermarket Type1,0.029760052,4,219.0482,38.7138
Low Fat,Household,91.883,Tier 2,Small,Supermarket Type1,0.119513002,4,2606.607,93.4094
Low Fat,Canned,192.082,Tier 3,Small,Grocery Store,0.115194717,4,6757.87,258.3278
Low Fat,Baking Goods,128.6994,Tier 3,Medium,Supermarket Type3,0.064636203,4,642.497,90.0804
Low Fat,Dairy,183.9582,Tier 3,Medium,Grocery Store,0.228993134,4,5386.9878,263.4568
Regular,Fruits and Vegetables,106.1938,Tier 2,Medium,Supermarket Type1,0.104035148,4,4073.3644,227.772
Low Fat,Fruits and Vegetables,46.3744,Tier 1,Small,Supermarket Type1,0,4,181.0976,173.3738
Low Fat,Frozen Foods,207.1638,Tier 3,High,Supermarket Type1,0.045818773,4,7247.233,138.718
Regular,Meat,81.1618,Tier 1,Medium,Supermarket Type1,0.024579432,4,2255.7304,105.3306
Low Fat,Frozen Foods,214.0902,Tier 3,Medium,Supermarket Type2,0.015523707,4,1486.7314,212.0928
Low Fat,Household,57.3904,Tier 2,Small,Supermarket Type1,0.067141355,4,117.1808,114.586
Regular,Baking Goods,81.3618,Tier 2,Small,Supermarket Type1,0.034404732,4,1530.6742,98.1726
Low Fat,Household,173.9422,Tier 2,Medium,Supermarket Type1,0.0132043,4,2414.1908,143.8154
Regular,Canned,90.2488,Tier 1,Medium,Supermarket Type1,0.134532392,4,814.9392,39.448
Low Fat,Canned,120.7098,Tier 3,Medium,Supermarket Type2,0.188322664,4,2530.7058,148.5418
Regular,Fruits and Vegetables,173.9054,Tier 1,Small,Supermarket Type1,0.053584207,4,3677.2134,224.4088
Regular,Fruits and Vegetables,86.8224,Tier 3,Medium,Supermarket Type2,0.074931201,4,852.224,187.6556
Low Fat,Household,221.5456,Tier 3,Medium,Supermarket Type2,0.041459372,4,2873.5928,89.6514
Regular,Frozen Foods,162.4894,Tier 3,Medium,Supermarket Type2,0.105445801,4,323.5788,214.4218
Regular,Fruits and Vegetables,239.4538,Tier 3,Medium,Supermarket Type2,0.05997133,4,3605.307,132.1968
Regular,Dairy,178.5028,Tier 2,Medium,Supermarket Type1,0.075595405,4,4604.6728,114.7176
Low Fat,Health and Hygiene,248.346,Tier 1,Medium,Supermarket Type1,0.093027718,4,985.384,101.4674
Low Fat,Health and Hygiene,101.2674,Tier 2,Medium,Supermarket Type1,0.019012262,4,1528.011,237.159
Regular,Frozen Foods,150.1366,Tier 1,Small,Supermarket Type1,0,4,1813.6392,127.3678
Regular,Frozen Foods,100.1016,Tier 3,Medium,Supermarket Type3,0.076790922,4,1416.8224,172.1106
Regular,Dairy,147.3734,Tier 2,Medium,Supermarket Type1,0.072541731,4,3266.4148,48.5692
Regular,Meat,117.7492,Tier 3,High,Supermarket Type1,0.017536671,4,1274.3412,45.5718
Low Fat,Household,99.2042,Tier 1,Medium,Supermarket Type1,0.039329257,4,1388.8588,127.6678
Regular,Dairy,153.534,Tier 2,Small,Supermarket Type1,0,4,7503.566,144.2102
Low Fat,Health and Hygiene,63.4826,Tier 2,Medium,Supermarket Type1,0.054751689,4,774.9912,54.793
Regular,Meat,81.6934,Tier 1,Small,Supermarket Type1,0.076121831,4,818.934,111.7202
Regular,Snack Foods,197.411,Tier 3,Medium,Supermarket Type3,0.07252476,4,5892.33,120.3098
Regular,Canned,225.0404,Tier 2,Small,Supermarket Type1,0.03217132,4,4950.8888,184.824
Low Fat,Baking Goods,195.8136,Tier 3,Medium,Supermarket Type3,0.07753654,4,3693.8584,180.866
Regular,Snack Foods,79.3618,Tier 2,Medium,Supermarket Type1,0.149669322,4,805.618,180.266
Regular,Meat,187.5872,Tier 2,Small,Supermarket Type1,0.061165512,4,4349.0056,125.6388
Regular,Fruits and Vegetables,79.496,Tier 1,Medium,Supermarket Type1,0.156286566,4,1597.92,238.9538
Low Fat,Household,49.2034,Tier 3,Medium,Supermarket Type2,0.033735909,4,777.6544,110.9912
Regular,Baking Goods,103.199,Tier 3,Medium,Grocery Store,0.137697119,4,722.393,47.1034
Low Fat,Fruits and Vegetables,210.527,Tier 3,Medium,Supermarket Type2,0,4,6291.81,211.8902
Regular,Frozen Foods,225.3746,Tier 3,Medium,Supermarket Type3,0.061955439,4,3365.619,145.1418
Low Fat,Frozen Foods,48.4692,Tier 3,High,Supermarket Type1,0.016597651,4,49.2692,121.5098
Low Fat,Snack Foods,265.7884,Tier 1,Small,Supermarket Type1,0.108710162,4,3974.826,161.7578
Low Fat,Household,81.896,Tier 3,Medium,Supermarket Type3,0.039055756,4,1677.816,152.3366
Low Fat,Baking Goods,48.8376,Tier 1,Medium,Supermarket Type1,0.032924463,4,671.1264,107.2938
Low Fat,Breakfast,143.9786,Tier 1,Medium,Supermarket Type1,0.072511335,4,2745.0934,177.437
Low Fat,Canned,86.254,Tier 1,Medium,Supermarket Type1,0.010454459,4,519.324,115.6808
Low Fat,Canned,123.473,Tier 1,Medium,Supermarket Type1,0.015295536,4,1231.73,89.7146
Low Fat,Canned,171.1422,Tier 1,Medium,Supermarket Type1,0.187850233,4,2931.5174,146.5418
Low Fat,Dairy,206.9638,Tier 1,Medium,Supermarket Type1,0.058437653,4,7247.233,143.0128
Low Fat,Dairy,115.515,Tier 1,Medium,Supermarket Type1,0.038578846,4,1631.21,56.1272
Low Fat,Dairy,148.1734,Tier 1,Medium,Supermarket Type1,0.132876847,4,890.8404,98.0726
Low Fat,Dairy,140.4154,Tier 1,Medium,Supermarket Type1,0.075056542,4,567.2616,76.0354
Low Fat,Dairy,53.8614,Tier 1,Medium,Supermarket Type1,0.024264569,4,1105.228,46.5718
Low Fat,Frozen Foods,157.5288,Tier 1,Medium,Supermarket Type1,0.071368699,4,942.7728,121.3098
Low Fat,Frozen Foods,74.1038,Tier 1,Medium,Supermarket Type1,0.026912667,4,960.7494,261.291
Low Fat,Frozen Foods,98.141,Tier 1,Medium,Supermarket Type1,0.104840884,4,1544.656,122.1072
Low Fat,Fruits and Vegetables,237.5248,Tier 1,Medium,Supermarket Type1,0.0358031,4,3318.3472,130.3284
Low Fat,Fruits and Vegetables,121.4072,Tier 1,Medium,Supermarket Type1,0.040577878,4,3185.1872,188.224
Low Fat,Fruits and Vegetables,238.7248,Tier 1,Medium,Supermarket Type1,0.022980361,4,1659.1736,117.7492
Low Fat,Fruits and Vegetables,211.556,Tier 1,Medium,Supermarket Type1,0.041429246,4,5752.512,117.2466
Low Fat,Hard Drinks,190.0846,Tier 1,Medium,Supermarket Type1,0.122843005,4,4586.0304,172.4396
Low Fat,Hard Drinks,176.237,Tier 1,Medium,Supermarket Type1,0.030751366,4,2646.555,42.577
Low Fat,Health and Hygiene,156.8288,Tier 1,Medium,Supermarket Type1,0.024515221,4,471.3864,189.2214
Low Fat,Health and Hygiene,126.6336,Tier 1,Medium,Supermarket Type1,0.058827557,4,1150.5024,80.8618
Low Fat,Health and Hygiene,120.3782,Tier 1,Medium,Supermarket Type1,0.055075504,4,119.1782,33.3874
Low Fat,Household,182.4292,Tier 1,Medium,Supermarket Type1,0.032072321,4,4925.5884,102.2016
Low Fat,Household,79.0644,Tier 1,Medium,Supermarket Type1,0.051928034,4,157.1288,151.4024
Low Fat,Household,101.8332,Tier 1,Medium,Supermarket Type1,0.082970667,4,1025.332,60.0194
Low Fat,Household,38.7506,Tier 1,Medium,Supermarket Type1,0.072178679,4,759.012,262.9594
Low Fat,Household,104.5648,Tier 1,Medium,Supermarket Type1,0.074522745,4,207.7296,228.801
Low Fat,Household,199.9084,Tier 1,Medium,Supermarket Type1,0.040434372,4,5753.8436,244.3144
Low Fat,Others,231.9642,Tier 1,Medium,Supermarket Type1,0.01950565,4,2091.2778,163.921
Low Fat,Others,121.8388,Tier 1,Medium,Supermarket Type1,0.013387211,4,3219.8088,105.628
Low Fat,Seafood,252.6382,Tier 1,Medium,Supermarket Type1,0.05410964,4,3532.7348,195.0768
Low Fat,Snack Foods,180.0976,Tier 1,Medium,Supermarket Type1,0.058222587,4,3440.8544,114.8834
Low Fat,Snack Foods,163.3526,Tier 1,Medium,Supermarket Type1,0.069231189,4,3453.5046,112.1228
Low Fat,Snack Foods,58.8562,Tier 1,Medium,Supermarket Type1,0.111613921,4,59.2562,152.6998
Low Fat,Snack Foods,105.9938,Tier 1,Medium,Supermarket Type1,0.099274694,4,428.7752,104.528
Low Fat,Snack Foods,55.8588,Tier 1,Medium,Supermarket Type1,0.067312613,4,801.6232,234.359
Low Fat,Snack Foods,254.9356,Tier 1,Medium,Supermarket Type1,0.043831721,4,8138.7392,184.195
Low Fat,Snack Foods,178.2028,Tier 1,Medium,Supermarket Type1,0.026651184,4,1416.8224,86.6198
Low Fat,Starchy Foods,39.548,Tier 1,Medium,Supermarket Type1,0.062384659,4,759.012,34.6532
Low Fat,Starchy Foods,237.4564,Tier 1,Medium,Supermarket Type1,0.037967687,4,715.0692,125.6046
Low Fat,Starchy Foods,115.2176,Tier 1,Medium,Supermarket Type1,0.060342304,4,3206.4928,165.9526
Regular,Breads,147.0102,Tier 1,Medium,Supermarket Type1,0.055644887,4,2770.3938,224.9088
Regular,Canned,129.1678,Tier 1,Medium,Supermarket Type1,0.184454044,4,1780.3492,211.4902
Regular,Canned,118.1808,Tier 1,Medium,Supermarket Type1,0.026561057,4,234.3616,93.712
Regular,Canned,161.221,Tier 1,Medium,Supermarket Type1,0.025205909,4,1794.331,149.1418
Regular,Canned,61.4852,Tier 1,Medium,Supermarket Type1,0.085082648,4,1314.2892,153.5314
Regular,Canned,40.6164,Tier 1,Medium,Supermarket Type1,0.034753686,4,308.9312,141.5496
Regular,Dairy,242.7512,Tier 1,Medium,Supermarket Type1,0.157075658,4,1938.8096,240.5538
Regular,Frozen Foods,242.1196,Tier 1,Medium,Supermarket Type1,0.024243294,4,4097.3332,116.0176
Regular,Frozen Foods,258.8988,Tier 1,Medium,Supermarket Type1,0.064113698,4,5396.9748,86.5566
Regular,Frozen Foods,93.512,Tier 1,Medium,Supermarket Type1,0.098938169,4,1491.392,195.7768
Regular,Frozen Foods,46.7376,Tier 1,Medium,Supermarket Type1,0.041538713,4,47.9376,93.1804
Regular,Fruits and Vegetables,73.9696,Tier 1,Medium,Supermarket Type1,0.103080901,4,894.8352,131.2968
Regular,Fruits and Vegetables,161.492,Tier 1,Medium,Supermarket Type1,0.046844194,4,3515.424,174.2422
Regular,Fruits and Vegetables,108.457,Tier 1,Medium,Supermarket Type1,0,4,2306.997,208.5638
Regular,Fruits and Vegetables,124.0046,Tier 1,Medium,Supermarket Type1,0.046680961,4,1618.5598,121.9388
Regular,Meat,121.6072,Tier 1,Medium,Supermarket Type1,0.061272194,4,3430.2016,125.6388
Regular,Seafood,171.8422,Tier 1,Medium,Supermarket Type1,0.12953868,4,2069.3064,240.288
Regular,Snack Foods,230.6642,Tier 1,Medium,Supermarket Type1,0,4,4647.284,133.0626
Regular,Snack Foods,121.144,Tier 1,Medium,Supermarket Type1,0.038011783,4,1917.504,89.6856
Regular,Snack Foods,144.3812,Tier 1,Medium,Supermarket Type1,0.017887238,4,284.9624,79.496
Regular,Snack Foods,224.0746,Tier 1,Medium,Supermarket Type1,0.09735225,4,1346.2476,160.7262
LF,Household,132.2942,Tier 1,Small,Grocery Store,0.02746599,4,2252.4014,181.5976
Low Fat,Baking Goods,263.9252,Tier 1,Small,Grocery Store,0.133198355,4,6033.4796,91.083
Low Fat,Breads,233.5958,Tier 1,Small,Grocery Store,0.185306514,4,2336.958,125.6046
Low Fat,Breakfast,100.1384,Tier 1,Small,Grocery Store,0.106907604,4,2956.152,162.8526
Low Fat,Canned,109.7228,Tier 1,Small,Grocery Store,0.212293753,4,1547.3192,92.2778
Low Fat,Dairy,49.5034,Tier 1,Small,Grocery Store,0.031139933,4,291.6204,74.8012
Low Fat,Dairy,125.9678,Tier 1,Small,Grocery Store,0.04461205,4,2797.6916,241.1538
Low Fat,Dairy,126.3046,Tier 1,Small,Grocery Store,0.122832172,4,2614.5966,217.685
Low Fat,Frozen Foods,120.7414,Tier 1,Small,Grocery Store,0.029084548,4,4386.2904,122.0098
Low Fat,Frozen Foods,161.492,Tier 1,Small,Grocery Store,0.079146113,4,6391.68,181.466
Low Fat,Fruits and Vegetables,140.818,Tier 1,Small,Grocery Store,0.237651344,4,3495.45,170.2106
Low Fat,Fruits and Vegetables,252.2724,Tier 1,Small,Grocery Store,0.224837308,4,5033.448,112.7886
Low Fat,Health and Hygiene,254.2356,Tier 1,Small,Grocery Store,0.157190017,4,4578.0408,156.8604
Low Fat,Health and Hygiene,100.37,Tier 1,Small,Grocery Store,0.050535312,4,998.7,130.031
Low Fat,Household,182.595,Tier 1,Small,Grocery Store,0.061470858,4,3478.805,48.6034
Low Fat,Household,112.4544,Tier 1,Small,Grocery Store,0.090778148,4,2013.3792,153.1024
Low Fat,Household,232.23,Tier 1,Small,Grocery Store,0.083547515,4,1398.18,179.166
Low Fat,Others,47.4718,Tier 1,Small,Grocery Store,0.142393355,4,472.718,36.419
Low Fat,Others,125.602,Tier 1,Small,Grocery Store,0.03409886,4,632.51,162.621
Low Fat,Others,83.2276,Tier 1,Small,Grocery Store,0.021184746,4,1543.3244,189.553
Low Fat,Snack Foods,169.379,Tier 1,Small,Grocery Store,0.148764535,4,1528.011,111.1912
Low Fat,Snack Foods,46.3376,Tier 1,Small,Grocery Store,0.091354948,4,2109.2544,122.3072
Low Fat,Soft Drinks,127.2678,Tier 1,Small,Grocery Store,0.043168763,4,1017.3424,82.8592
Regular,Baking Goods,218.4508,Tier 1,Small,Grocery Store,0.212963193,4,2821.6604,59.522
Regular,Baking Goods,207.7638,Tier 1,Small,Grocery Store,0.102830104,4,621.1914,172.6422
Regular,Breads,167.25,Tier 1,Small,Grocery Store,0.118535581,4,2330.3,256.3988
Regular,Canned,152.8366,Tier 1,Small,Grocery Store,0,4,1662.5026,169.879
Regular,Dairy,65.4168,Tier 1,Small,Grocery Store,0.084404264,4,1661.8368,49.5376
Regular,Frozen Foods,39.3138,Tier 1,Small,Grocery Store,0.029157849,4,527.9794,97.0726
Regular,Frozen Foods,59.522,Tier 1,Small,Grocery Store,0.164438907,4,299.61,188.4214
Regular,Fruits and Vegetables,80.6592,Tier 1,Small,Grocery Store,0.095587976,4,1651.184,193.982
Regular,Fruits and Vegetables,122.7072,Tier 1,Small,Grocery Store,0.214139786,4,1470.0864,102.4016
Regular,Fruits and Vegetables,181.5292,Tier 1,Small,Grocery Store,0,4,1277.0044,178.5318
Regular,Snack Foods,122.4072,Tier 1,Small,Grocery Store,0.01251245,4,857.5504,38.748
Regular,Snack Foods,109.1886,Tier 1,Small,Grocery Store,0.04022593,4,1890.2062,210.9928
low fat,Dairy,105.099,Tier 1,Small,Grocery Store,0.10818157,4,103.199,149.605
low fat,Household,210.2612,Tier 1,Small,Grocery Store,0.024992442,4,418.1224,53.6614
low fat,Snack Foods,85.5908,Tier 1,Small,Grocery Store,0.078872251,4,1006.6896,189.5556
reg,Baking Goods,103.1332,Tier 1,Small,Grocery Store,0.066336811,4,3281.0624,154.1656
LF,Meat,194.0162,Tier 1,Small,Supermarket Type1,0.036037952,4,2886.243,58.4562
LF,Soft Drinks,93.3094,Tier 1,Small,Supermarket Type1,0.167831064,4,3046.7008,237.4564
Low Fat,Baking Goods,40.8822,Tier 1,Small,Supermarket Type1,0.015859294,4,628.5152,84.5592
Low Fat,Breads,113.5544,Tier 1,Small,Supermarket Type1,0.020715913,4,223.7088,83.5566
Low Fat,Breakfast,164.7526,Tier 1,Small,Supermarket Type1,0.152058281,4,1315.6208,99.9358
Low Fat,Canned,168.0158,Tier 1,Small,Supermarket Type1,0.018571641,4,1336.9264,187.3214
Low Fat,Canned,119.144,Tier 1,Small,Supermarket Type1,0.064921764,4,2157.192,88.1198
Low Fat,Canned,112.4544,Tier 1,Small,Supermarket Type1,0.068822477,4,2460.7968,258.3278
Low Fat,Dairy,76.2328,Tier 1,Small,Supermarket Type1,0.005235143,4,463.3968,265.8884
Low Fat,Frozen Foods,120.5414,Tier 1,Small,Supermarket Type1,0.021849398,4,1583.9382,262.091
Low Fat,Frozen Foods,87.2224,Tier 1,Small,Supermarket Type1,0.008835694,4,3494.1184,96.5384
Low Fat,Frozen Foods,131.2968,Tier 1,Small,Supermarket Type1,0.026321701,4,913.4776,77.6302
Low Fat,Frozen Foods,125.173,Tier 1,Small,Supermarket Type1,0.124452048,4,3572.017,118.5124
Low Fat,Frozen Foods,129.9284,Tier 1,Small,Supermarket Type1,0.036353098,4,2241.0828,75.8696
Low Fat,Fruits and Vegetables,159.4578,Tier 1,Small,Supermarket Type1,0.087669485,4,3048.6982,127.2678
Low Fat,Hard Drinks,93.6094,Tier 1,Small,Supermarket Type1,0.066069578,4,3713.1666,261.0278
Low Fat,Hard Drinks,60.9562,Tier 1,Small,Supermarket Type1,0.034570357,4,355.5372,117.4492
Low Fat,Health and Hygiene,148.9708,Tier 1,Small,Supermarket Type1,0.089152528,4,2257.062,147.7102
Low Fat,Health and Hygiene,38.448,Tier 1,Small,Supermarket Type1,0.079431643,4,1198.44,38.6506
Low Fat,Health and Hygiene,46.3402,Tier 1,Small,Supermarket Type1,0.046088273,4,275.6412,153.6682
Low Fat,Health and Hygiene,121.844,Tier 1,Small,Supermarket Type1,0.016107549,4,2277.036,129.7626
Low Fat,Household,146.2102,Tier 1,Small,Supermarket Type1,0.02727641,4,4228.4958,171.3106
Low Fat,Household,33.79,Tier 1,Small,Supermarket Type1,0,4,199.74,196.311
Low Fat,Household,156.7972,Tier 1,Small,Supermarket Type1,0.083359391,4,3739.1328,161.9552
Low Fat,Household,175.037,Tier 1,Small,Supermarket Type1,0,4,352.874,228.8668
Low Fat,Household,193.2504,Tier 1,Small,Supermarket Type1,0.047377053,4,2684.5056,171.1422
Low Fat,Household,149.4708,Tier 1,Small,Supermarket Type1,0.177270016,4,1354.2372,174.0422
Low Fat,Household,115.8808,Tier 1,Small,Supermarket Type1,0.094161662,4,1757.712,251.9698
Low Fat,Household,53.2324,Tier 1,Small,Supermarket Type1,0.010602292,4,727.0536,235.3958
Low Fat,Meat,48.8376,Tier 1,Small,Supermarket Type1,0.081042136,4,527.3136,192.4846
Low Fat,Others,139.818,Tier 1,Small,Supermarket Type1,0.066726133,4,838.908,185.8924
Low Fat,Snack Foods,104.9622,Tier 1,Small,Supermarket Type1,0.096212432,4,1164.4842,207.2612
Low Fat,Snack Foods,47.6034,Tier 1,Small,Supermarket Type1,0.03596071,4,1312.2918,186.3924
Low Fat,Snack Foods,37.1506,Tier 1,Small,Supermarket Type1,0,4,834.9132,88.283
Low Fat,Snack Foods,121.9388,Tier 1,Small,Supermarket Type1,0.040945898,4,3962.8416,143.1496
Low Fat,Snack Foods,256.3014,Tier 1,Small,Supermarket Type1,0.035185588,4,4845.0266,181.3318
Low Fat,Snack Foods,100.5016,Tier 1,Small,Supermarket Type1,0.019423232,4,1416.8224,120.8756
Low Fat,Soft Drinks,163.0236,Tier 1,Small,Supermarket Type1,0.01732573,4,1127.8652,197.9768
Low Fat,Soft Drinks,50.1034,Tier 1,Small,Supermarket Type1,0.065436581,4,97.2068,142.9128
Low Fat,Soft Drinks,121.3098,Tier 1,Small,Supermarket Type1,0.115167579,4,120.5098,199.8084
Low Fat,Soft Drinks,140.618,Tier 1,Small,Supermarket Type1,0.073283193,4,2376.906,91.812
Low Fat,Soft Drinks,47.6034,Tier 1,Small,Supermarket Type1,0.019378432,4,1458.102,156.4972
Low Fat,Starchy Foods,189.5872,Tier 1,Small,Supermarket Type1,0.043234574,4,3403.5696,38.3164
Regular,Baking Goods,34.5558,Tier 1,Small,Supermarket Type1,0.03832122,4,441.4254,61.851
Regular,Baking Goods,178.4318,Tier 1,Small,Supermarket Type1,0,4,2526.0452,143.3128
Regular,Baking Goods,122.2756,Tier 1,Small,Supermarket Type1,0,4,2059.9852,96.2068
Regular,Canned,249.6408,Tier 1,Small,Supermarket Type1,0.092771309,4,1001.3632,54.1982
Regular,Canned,47.1718,Tier 1,Small,Supermarket Type1,0.139521931,4,141.8154,266.8884
Regular,Canned,93.3094,Tier 1,Small,Supermarket Type1,0.046808553,4,285.6282,141.4838
Regular,Dairy,183.5924,Tier 1,Small,Supermarket Type1,0.107057186,4,7033.5112,224.1772
Regular,Dairy,106.0938,Tier 1,Small,Supermarket Type1,0.073920438,4,2679.845,255.6356
Regular,Frozen Foods,150.3024,Tier 1,Small,Supermarket Type1,0.01665334,4,2580.6408,97.3726
Regular,Fruits and Vegetables,261.2594,Tier 1,Small,Supermarket Type1,0.122304725,4,2878.2534,99.2016
Regular,Fruits and Vegetables,196.7794,Tier 1,Small,Supermarket Type1,0.035151215,4,6242.5408,171.8448
Regular,Fruits and Vegetables,50.4034,Tier 1,Small,Supermarket Type1,0.030569229,4,340.2238,113.1176
Regular,Fruits and Vegetables,103.3332,Tier 1,Small,Supermarket Type1,0.08175276,4,2050.664,89.0488
Regular,Fruits and Vegetables,215.9192,Tier 1,Small,Supermarket Type1,0.043655155,4,7334.4528,156.7946
Regular,Fruits and Vegetables,35.9558,Tier 1,Small,Supermarket Type1,0.112410046,4,67.9116,192.2478
Regular,Meat,149.905,Tier 1,Small,Supermarket Type1,0.033760862,4,2546.685,196.9426
Regular,Meat,262.091,Tier 1,Small,Supermarket Type1,0.018024769,4,4207.856,104.499
Regular,Seafood,77.5986,Tier 1,Small,Supermarket Type1,0.129337594,4,1947.465,238.188
Regular,Snack Foods,77.9986,Tier 1,Small,Supermarket Type1,0.070704474,4,1168.479,93.412
Regular,Snack Foods,142.147,Tier 1,Small,Supermarket Type1,0.058116758,4,1717.764,57.5562
Regular,Snack Foods,119.0782,Tier 1,Small,Supermarket Type1,0.007146415,4,1549.3166,41.048
Regular,Snack Foods,121.6098,Tier 1,Small,Supermarket Type1,0.023154399,4,1566.6274,43.9428
Regular,Soft Drinks,266.1884,Tier 1,Small,Supermarket Type1,0.019200003,4,3179.8608,47.7692
Regular,Starchy Foods,146.6734,Tier 1,Small,Supermarket Type1,0,4,296.9468,46.006
LF,Snack Foods,43.677,Tier 2,Medium,Supermarket Type1,0,4,562.601,244.1828
LF,Dairy,182.3608,Tier 2,Medium,Supermarket Type1,0.016113019,4,1102.5648,248.8092
Low Fat,Baking Goods,88.5856,Tier 2,Medium,Supermarket Type1,0.009429612,4,1845.5976,71.338
Low Fat,Baking Goods,190.853,Tier 2,Medium,Supermarket Type1,0.060603014,4,2466.789,85.554
Low Fat,Canned,143.1154,Tier 2,Medium,Supermarket Type1,0.015302764,4,1843.6002,89.9146
Low Fat,Dairy,155.2972,Tier 2,Medium,Supermarket Type1,0.050065211,4,5141.3076,157.4288
Low Fat,Dairy,169.2816,Tier 2,Medium,Supermarket Type1,0.132939639,4,1174.4712,98.0726
Low Fat,Dairy,148.8392,Tier 2,Medium,Supermarket Type1,0.036399734,4,2684.5056,219.3482
Low Fat,Fruits and Vegetables,156.4604,Tier 2,Medium,Supermarket Type1,0.012173543,4,2535.3664,36.4848
Low Fat,Fruits and Vegetables,183.9292,Tier 2,Medium,Supermarket Type1,0.11089655,4,2918.8672,191.5846
Low Fat,Fruits and Vegetables,53.2614,Tier 2,Medium,Supermarket Type1,0.040597054,4,552.614,187.324
Low Fat,Fruits and Vegetables,261.291,Tier 2,Medium,Supermarket Type1,0.087630566,4,3418.883,110.0228
Low Fat,Fruits and Vegetables,78.4328,Tier 2,Medium,Supermarket Type1,0.02299122,4,1467.4232,114.9492
Low Fat,Fruits and Vegetables,54.693,Tier 2,Medium,Supermarket Type1,0.01247354,4,679.116,187.5872
Low Fat,Hard Drinks,87.0514,Tier 2,Small,Supermarket Type1,0,4,88.5514,179.866
Low Fat,Health and Hygiene,140.5812,Tier 2,Small,Supermarket Type1,0.021020616,4,427.4436,130.7942
Low Fat,Health and Hygiene,152.8366,Tier 2,Small,Supermarket Type1,0.05610384,4,3778.415,153.5024
Low Fat,Household,186.4556,Tier 2,Small,Supermarket Type1,0.052051256,4,5069.4012,142.247
Low Fat,Household,169.3474,Tier 2,Small,Supermarket Type1,0,4,3874.2902,164.2184
Low Fat,Household,199.7084,Tier 2,Small,Supermarket Type1,0.008811818,4,3571.3512,196.511
Low Fat,Household,141.0154,Tier 2,Small,Supermarket Type1,0.072212787,4,1701.7848,260.9594
Low Fat,Household,80.996,Tier 2,Small,Supermarket Type1,0,4,1757.712,210.4902
Low Fat,Meat,128.3678,Tier 2,Small,Supermarket Type1,0.036111038,4,127.1678,58.1562
Low Fat,Others,122.4388,Tier 2,Small,Supermarket Type1,0.059611153,4,1238.388,238.3538
Low Fat,Seafood,91.712,Tier 2,Small,Supermarket Type1,0.056191301,4,2050.664,53.2982
Low Fat,Snack Foods,47.3376,Tier 2,Small,Supermarket Type1,0.026843265,4,1150.5024,109.757
Low Fat,Snack Foods,87.2172,Tier 2,Small,Supermarket Type1,0.015908485,4,802.9548,161.421
Low Fat,Snack Foods,247.946,Tier 2,Small,Supermarket Type1,0.039572298,4,3202.498,100.9042
Low Fat,Snack Foods,170.8106,Tier 2,Small,Supermarket Type1,0.039723999,4,4619.9862,41.048
Low Fat,Snack Foods,102.6332,Tier 2,Small,Supermarket Type1,0.155694794,4,2153.1972,177.637
Low Fat,Soft Drinks,118.2782,Tier 2,Small,Supermarket Type1,0.039004193,4,715.0692,37.019
Low Fat,Soft Drinks,152.8366,Tier 2,Small,Supermarket Type1,0.113559058,4,1964.7758,184.2924
Low Fat,Soft Drinks,104.5964,Tier 2,Small,Supermarket Type1,0.050279604,4,1262.3568,94.1752
Low Fat,Baking Goods,164.9526,Tier 2,Small,Supermarket Type1,0.009463757,4,2302.3364,73.838
Low Fat,Baking Goods,158.3604,Tier 2,Small,Supermarket Type1,0.076389281,4,1109.2228,111.1544
Low Fat,Breads,196.4768,Tier 2,Small,Supermarket Type1,0.020833091,4,2561.9984,86.5566
Low Fat,Canned,183.5266,Tier 2,Small,Supermarket Type1,0.188619537,4,4426.2384,146.4418
Low Fat,Canned,159.8578,Tier 2,Small,Supermarket Type1,0.102633047,4,2246.4092,180.8292
Low Fat,Dairy,258.3304,Tier 2,Small,Supermarket Type1,0.13169655,4,4133.2864,89.4172
Low Fat,Dairy,157.4262,Tier 2,Small,Supermarket Type1,0.087668236,4,3978.155,94.941
Low Fat,Dairy,229.4668,Tier 2,Small,Supermarket Type1,0.055746931,4,460.7336,220.0114
Low Fat,Dairy,41.048,Tier 2,Small,Supermarket Type1,0.042480566,4,918.804,173.4764
Low Fat,Dairy,243.6802,Tier 2,Small,Supermarket Type1,0.04307908,4,1965.4416,177.8028
Low Fat,Frozen Foods,256.3672,Tier 2,Small,Supermarket Type1,0.042861968,4,1022.6688,196.811
Low Fat,Fruits and Vegetables,159.3578,Tier 2,Small,Supermarket Type1,0.03555434,4,4492.8184,37.4506
Low Fat,Fruits and Vegetables,115.8808,Tier 2,Small,Supermarket Type1,0.122289654,4,1523.3504,46.3402
Low Fat,Fruits and Vegetables,233.6932,Tier 2,Small,Supermarket Type1,0.100322104,4,1414.1592,113.7518
Low Fat,Fruits and Vegetables,187.753,Tier 2,Small,Supermarket Type1,0.031225303,4,1518.024,102.899
Low Fat,Hard Drinks,156.963,Tier 2,Small,Supermarket Type1,0.163902159,4,2816.334,143.3444
Low Fat,Hard Drinks,50.0008,Tier 2,Small,Supermarket Type1,0,4,506.008,188.9872
Low Fat,Hard Drinks,127.7362,Tier 2,Small,Supermarket Type1,0.046848053,4,1761.7068,60.6878
Low Fat,Health and Hygiene,37.4848,Tier 2,Small,Supermarket Type1,0.06478563,4,186.424,123.7704
Low Fat,Household,150.5024,Tier 2,Small,Supermarket Type1,0.035071955,4,3187.8504,163.221
Low Fat,Household,95.8726,Tier 2,Small,Supermarket Type1,0.032203667,4,2153.1972,100.8016
Low Fat,Household,117.5466,Tier 2,Small,Supermarket Type1,0.0420611,4,824.9262,254.1014
Low Fat,Household,97.441,Tier 2,Small,Supermarket Type1,0.024790707,4,772.328,177.5686
Low Fat,Household,125.4362,Tier 2,High,Supermarket Type1,0.135836828,4,755.0172,100.37
Low Fat,Household,230.9984,Tier 2,High,Supermarket Type1,0.047645037,4,4633.968,172.6422
Low Fat,Household,197.6768,Tier 2,High,Supermarket Type1,0.168531813,4,2956.152,192.5136
Low Fat,Household,198.211,Tier 2,High,Supermarket Type1,0.094694278,4,1964.11,254.9698
Low Fat,Snack Foods,120.8756,Tier 2,High,Supermarket Type1,0.104400238,4,3150.5656,113.5544
Low Fat,Snack Foods,39.9506,Tier 2,High,Supermarket Type1,0.099681254,4,645.1602,106.428
Low Fat,Snack Foods,128.931,Tier 2,High,Supermarket Type1,0.029107004,4,1428.141,240.5222
Low Fat,Snack Foods,150.2024,Tier 2,High,Supermarket Type1,0.039231652,4,1821.6288,145.1418
Low Fat,Soft Drinks,162.7894,Tier 2,High,Supermarket Type1,0.014072399,4,5500.8396,127.3652
Low Fat,Soft Drinks,110.6544,Tier 2,High,Supermarket Type1,0.082250143,4,223.7088,118.344
Low Fat,Soft Drinks,153.1024,Tier 2,High,Supermarket Type1,0.061409711,4,303.6048,94.6436
Low Fat,Soft Drinks,50.6666,Tier 2,High,Supermarket Type1,0.168780385,4,666.4658,236.8564
Low Fat,Soft Drinks,191.0846,Tier 2,High,Supermarket Type1,0.036147029,4,1337.5922,39.3138
Low Fat,Starchy Foods,97.741,Tier 2,High,Supermarket Type1,0.030789914,4,1158.492,254.904
Regular,Baking Goods,107.1964,Tier 2,High,Supermarket Type1,0.017096552,4,420.7856,178.137
Regular,Baking Goods,112.7544,Tier 2,High,Supermarket Type1,0.048625599,4,1789.6704,129.2626
Regular,Baking Goods,241.8196,Tier 2,High,Supermarket Type1,0.038398937,4,1687.1372,61.951
Regular,Baking Goods,97.8752,Tier 2,High,Supermarket Type1,0.045358609,4,2109.2544,36.1874
Regular,Breads,150.405,Tier 2,High,Supermarket Type1,0.02455854,4,3894.93,95.6068
Regular,Breads,108.2938,Tier 2,High,Supermarket Type1,0.114085368,4,535.969,141.3838
Regular,Breakfast,247.4092,Tier 2,High,Supermarket Type1,0.069229076,4,6972.2576,55.9614
Regular,Canned,181.4292,Tier 2,High,Supermarket Type1,0.053730029,4,2918.8672,199.0742
Regular,Canned,261.591,Tier 2,High,Supermarket Type1,0.16102755,4,2366.919,254.1014
Regular,Dairy,226.5404,Tier 2,High,Supermarket Type1,0.009641375,4,225.0404,124.173
Regular,Dairy,257.9304,Tier 2,High,Supermarket Type1,0.074070351,4,6458.26,254.2356
Regular,Dairy,110.0228,Tier 2,High,Supermarket Type1,0.019550858,4,3205.1612,263.791
Regular,Dairy,34.3532,Tier 2,High,Supermarket Type1,0.099344826,4,1042.6428,63.6194
Regular,Dairy,246.7144,Tier 2,High,Supermarket Type1,0.030990354,4,5145.3024,256.3672
Regular,Fruits and Vegetables,64.851,Tier 2,High,Supermarket Type1,0.039925235,4,948.765,189.2188
Regular,Fruits and Vegetables,126.2704,Tier 2,High,Supermarket Type1,0.069078149,4,4255.7936,197.7768
Regular,Fruits and Vegetables,227.2352,Tier 2,High,Supermarket Type1,0.022965292,4,4122.6336,181.695
Regular,Meat,153.434,Tier 2,High,Supermarket Type1,0.07821891,4,459.402,107.6596
Regular,Meat,127.0362,Tier 2,High,Supermarket Type1,0.057538034,4,1384.1982,149.8366
Regular,Seafood,143.1786,Tier 2,High,Supermarket Type1,0,4,288.9572,239.988
Regular,Snack Foods,240.4196,Tier 2,High,Supermarket Type1,0.129766301,4,4579.3724,141.6838
Regular,Snack Foods,225.4088,Tier 2,High,Supermarket Type1,0.08125293,4,2460.7968,49.8008
Regular,Snack Foods,173.1396,Tier 2,High,Supermarket Type1,0.097398254,4,348.8792,157.4262
Regular,Snack Foods,86.3882,Tier 2,High,Supermarket Type1,0.018600249,4,85.8882,110.2544
Regular,Baking Goods,128.2994,Tier 2,High,Supermarket Type1,0.049902382,4,3983.4814,225.8062
Regular,Baking Goods,119.844,Tier 2,High,Supermarket Type1,0.045522854,4,599.22,35.0874
Regular,Baking Goods,100.1016,Tier 2,High,Supermarket Type1,0.034605882,4,1113.2176,95.9726
Regular,Baking Goods,116.9808,Tier 2,High,Supermarket Type1,0.063207198,4,3866.9664,89.383
Regular,Breads,192.982,Tier 2,High,Supermarket Type1,0.034800079,4,4633.968,157.5288
Regular,Breakfast,47.306,Tier 2,High,Supermarket Type1,0.061008889,4,1071.938,177.5712
Regular,Canned,176.9054,Tier 2,High,Supermarket Type1,0.1408005,4,4202.5296,111.4228
Regular,Canned,108.057,Tier 2,High,Supermarket Type1,0.025309134,4,2087.283,147.0418
Regular,Dairy,108.557,Tier 2,High,Supermarket Type1,0.038363204,4,1208.427,98.1726
Regular,Dairy,259.2304,Tier 2,High,Supermarket Type1,0,4,4649.9472,43.5744
Regular,Dairy,191.153,Tier 2,High,Supermarket Type1,0.146692433,4,1707.777,194.5794
Regular,Dairy,109.1912,Tier 2,High,Supermarket Type1,0.023454399,4,545.956,181.9608
Regular,Dairy,103.2648,Tier 2,High,Supermarket Type1,0.031102571,4,2388.8904,257.2672
Regular,Frozen Foods,51.2666,Tier 2,High,Supermarket Type1,0.047697859,4,410.1328,244.6144
Regular,Frozen Foods,51.8982,Tier 2,High,Supermarket Type1,0.066551268,4,473.3838,144.676
Regular,Frozen Foods,38.3848,Tier 2,High,Supermarket Type1,0.016747538,4,932.12,98.6726
Regular,Frozen Foods,184.8266,Tier 2,High,Supermarket Type1,0.042716709,4,3872.9586,163.221
Regular,Fruits and Vegetables,164.321,Tier 2,High,Supermarket Type1,0.038976089,4,5546.114,264.2252
Regular,Fruits and Vegetables,124.902,Tier 2,Medium,Supermarket Type1,0.07884393,4,1771.028,257.0646
Regular,Meat,253.4724,Tier 2,Medium,Supermarket Type1,0,4,755.0172,48.1718
Regular,Meat,78.067,Tier 2,Medium,Supermarket Type1,0.027233781,4,2220.443,197.511
Regular,Seafood,76.1986,Tier 2,Medium,Supermarket Type1,0.141033536,4,1090.5804,173.6764
Regular,Snack Foods,189.4556,Tier 2,Medium,Supermarket Type1,0.090456903,4,1877.556,131.2626
Regular,Snack Foods,230.2668,Tier 2,Medium,Supermarket Type1,0.124126756,4,2994.7684,88.9514
Regular,Snack Foods,208.427,Tier 2,Medium,Supermarket Type1,0.094185483,4,5452.902,126.2704
Regular,Snack Foods,106.7254,Tier 2,Medium,Supermarket Type1,0.03079807,4,542.627,252.9724
Regular,Snack Foods,39.2848,Tier 2,Medium,Supermarket Type1,0.080141165,4,857.5504,111.4544
Regular,Snack Foods,122.0388,Tier 2,Medium,Supermarket Type1,0.139087683,4,1238.388,251.7724
Regular,Soft Drinks,55.7614,Tier 2,Medium,Supermarket Type1,0.019308607,4,110.5228,49.0692
Regular,Soft Drinks,157.0946,Tier 2,Medium,Supermarket Type1,0.113302223,4,5522.811,125.1388
Regular,Starchy Foods,241.288,Tier 2,Medium,Supermarket Type1,0.017730951,4,5512.824,239.8538
Regular,Starchy Foods,151.6708,Tier 2,Medium,Supermarket Type1,0.053481818,4,4815.0656,47.806
low fat,Household,230.8642,Tier 2,Medium,Supermarket Type1,0.186445212,4,4414.9198,255.5698
reg,Frozen Foods,186.2266,Tier 2,Medium,Supermarket Type1,0.073060301,4,1106.5596,196.2426
reg,Fruits and Vegetables,129.9284,Tier 2,Medium,Supermarket Type1,0.103129612,4,1054.6272,129.5968
reg,Fruits and Vegetables,129.7994,Tier 2,Medium,Supermarket Type1,0.012229464,4,1284.994,56.8904
reg,Snack Foods,126.8678,Tier 2,Medium,Supermarket Type1,0.017895691,4,1780.3492,79.496
LF,Household,130.9284,Tier 2,Small,Supermarket Type1,0.044652785,4,1977.426,247.0802
Low Fat,Baking Goods,180.766,Tier 2,Small,Supermarket Type1,0.014628382,4,3056.022,82.325
Low Fat,Baking Goods,61.1194,Tier 2,Small,Supermarket Type1,0.035404052,4,2352.9372,230.601
Low Fat,Breads,193.6162,Tier 2,Small,Supermarket Type1,0.128861359,4,5195.2374,86.2856
Low Fat,Canned,122.8414,Tier 2,Small,Supermarket Type1,0.097866209,4,731.0484,51.1324
Low Fat,Canned,175.6054,Tier 2,Small,Supermarket Type1,0.112203445,4,1050.6324,121.144
Low Fat,Frozen Foods,174.0054,Tier 2,Small,Supermarket Type1,0.124428516,4,2101.2648,119.9124
Low Fat,Frozen Foods,100.2674,Tier 2,Small,Supermarket Type1,0.041730507,4,203.7348,109.2912
Low Fat,Fruits and Vegetables,117.2492,Tier 2,Small,Supermarket Type1,0.085258864,4,2432.8332,165.85
Low Fat,Fruits and Vegetables,145.2128,Tier 2,Small,Supermarket Type1,0.088691614,4,3739.1328,61.851
Low Fat,Fruits and Vegetables,41.948,Tier 2,Small,Supermarket Type1,0,4,199.74,185.1898
Low Fat,Fruits and Vegetables,181.366,Tier 2,Small,Supermarket Type1,0.171355643,4,1977.426,47.6692
Low Fat,Fruits and Vegetables,159.7262,Tier 2,Small,Supermarket Type1,0.081304829,4,5728.5432,258.4988
Low Fat,Fruits and Vegetables,125.5678,Tier 2,Small,Supermarket Type1,0.012272797,4,1398.8458,160.2894
Low Fat,Health and Hygiene,58.5588,Tier 2,Small,Supermarket Type1,0.06953231,4,801.6232,266.5884
Low Fat,Health and Hygiene,207.1954,Tier 2,Small,Supermarket Type1,0.089135671,4,1667.1632,146.9102
Low Fat,Health and Hygiene,59.9904,Tier 2,Small,Supermarket Type1,0.032250092,4,644.4944,164.0526
Low Fat,Health and Hygiene,144.8786,Tier 2,Small,Supermarket Type1,0.018845298,4,3323.0078,96.7384
Low Fat,Health and Hygiene,196.5768,Tier 2,Small,Supermarket Type1,0.1630653,4,3350.3056,43.3086
Low Fat,Household,39.3164,Tier 2,Small,Supermarket Type1,0.034868095,4,540.6296,163.821
Low Fat,Household,86.0198,Tier 2,Small,Supermarket Type1,0.005977465,4,2006.0554,163.3526
Low Fat,Household,130.531,Tier 2,Small,Supermarket Type1,0.00676387,4,1298.31,40.8112
Low Fat,Household,190.953,Tier 2,Small,Supermarket Type1,0.13504726,4,2466.789,98.57
Low Fat,Others,151.4708,Tier 2,Small,Supermarket Type1,0.048677482,4,2407.5328,166.1526
Low Fat,Snack Foods,152.3024,Tier 2,Small,Supermarket Type1,0.085938463,4,1518.024,168.6816
Low Fat,Snack Foods,171.179,Tier 2,Small,Supermarket Type1,0.029567218,4,1867.569,160.492
Low Fat,Snack Foods,120.3124,Tier 2,Small,Supermarket Type1,0.074601506,4,2725.7852,90.983
Low Fat,Soft Drinks,190.853,Tier 2,Small,Supermarket Type1,0.115010655,4,4554.072,161.5236
Regular,Baking Goods,257.4672,Tier 2,Small,Supermarket Type1,0.048518008,4,3835.008,132.9626
Regular,Baking Goods,142.0838,Tier 2,Small,Supermarket Type1,0.079312367,4,2528.7084,151.7366
Regular,Baking Goods,43.0086,Tier 2,Small,Supermarket Type1,0.161516894,4,758.3462,37.0848
Regular,Baking Goods,234.4958,Tier 2,Small,Supermarket Type1,0.105287746,4,1402.1748,103.2648
Regular,Baking Goods,112.3544,Tier 2,Small,Supermarket Type1,0.117339056,4,1006.6896,195.011
Regular,Breakfast,59.7536,Tier 2,Small,Supermarket Type1,0.060654268,4,918.804,174.7712
Regular,Canned,218.3166,Tier 2,Small,Supermarket Type1,0.053611144,4,5660.6316,197.7742
Regular,Canned,226.9694,Tier 2,Small,Supermarket Type1,0.170251293,4,6851.082,116.4834
Regular,Canned,86.8224,Tier 2,Small,Supermarket Type1,0.027341529,4,1448.7808,158.292
Regular,Frozen Foods,33.89,Tier 2,Small,Supermarket Type1,0.082386011,4,99.87,56.6588
Regular,Frozen Foods,75.4012,Tier 2,Small,Supermarket Type1,0.047420609,4,986.7156,246.0144
Regular,Frozen Foods,124.5388,Tier 2,Small,Supermarket Type1,0.063162608,4,1733.7432,228.6668
Regular,Frozen Foods,37.8506,Tier 2,Small,Supermarket Type1,0,4,265.6542,229.201
Regular,Fruits and Vegetables,191.553,Tier 2,Small,Supermarket Type1,0.024944396,4,6641.355,95.441
Regular,Fruits and Vegetables,46.0376,Tier 2,Small,Supermarket Type1,0.119439636,4,527.3136,182.1976
Regular,Meat,193.482,Tier 2,Small,Supermarket Type1,0.091560606,4,2510.066,182.3292
Regular,Seafood,216.385,Tier 2,Small,Supermarket Type1,0.140213762,4,3678.545,173.7764
Regular,Snack Foods,175.0054,Tier 2,Small,Supermarket Type1,0.099113429,4,1926.1594,52.8666
Regular,Soft Drinks,241.7512,Tier 2,Small,Supermarket Type1,0.039920687,4,5331.7264,163.3868
Regular,Starchy Foods,130.3994,Tier 2,Small,Supermarket Type1,0,4,2826.9868,183.5924
low fat,Household,173.7422,Tier 2,Small,Supermarket Type1,0.013127548,4,2759.0752,142.0154
LF,Seafood,54.5956,Tier 3,Medium,Grocery Store,0.05226427,4,218.3824,158.4604
LF,Soft Drinks,128.9652,Tier 3,Medium,Grocery Store,0.02316823,4,1808.3128,47.506
Low Fat,Baking Goods,234.4958,Tier 3,Medium,Grocery Store,0.172365428,4,3271.7412,144.847
Low Fat,Baking Goods,96.4068,Tier 3,Medium,Grocery Store,0.294948897,4,2527.3768,159.0604
Low Fat,Baking Goods,65.0142,Tier 3,Medium,Grocery Store,0.186250852,4,856.8846,37.2874
Low Fat,Breakfast,166.0184,Tier 3,Medium,Grocery Store,0.121180705,4,330.2368,177.037
Low Fat,Canned,50.5034,Tier 3,Medium,Grocery Store,0.21332355,4,1458.102,208.527
Low Fat,Canned,193.9478,Tier 3,Medium,Grocery Store,0.208397715,4,4456.1994,265.2884
Low Fat,Canned,235.1958,Tier 3,Medium,Grocery Store,0.187841082,4,4673.916,119.244
Low Fat,Canned,191.2162,Tier 3,Medium,Grocery Store,0.084176826,4,1924.162,118.0124
Low Fat,Canned,62.0878,Tier 3,Medium,Grocery Store,0.108665723,4,302.939,86.4198
Low Fat,Dairy,40.0454,Tier 3,Medium,Grocery Store,0.095064731,4,209.727,232.4642
Low Fat,Dairy,190.7188,Tier 3,Medium,Grocery Store,0.149753132,4,1904.188,259.7594
Low Fat,Frozen Foods,141.947,Tier 3,Medium,Grocery Store,0.044093978,4,2004.058,208.3954
Low Fat,Health and Hygiene,144.047,Tier 3,Medium,Grocery Store,0.028519419,4,3149.234,109.2228
Low Fat,Household,253.8698,Tier 3,Medium,Grocery Store,0.093862362,4,3297.7074,115.9492
Low Fat,Household,115.1176,Tier 3,Medium,Grocery Store,0.025834128,4,1488.7288,165.1526
Low Fat,Household,231.7668,Tier 3,Medium,Grocery Store,0.155105614,4,460.7336,157.2604
Low Fat,Household,168.6448,Tier 3,Medium,Grocery Store,0.056237906,4,2897.5616,110.7912
Low Fat,Meat,50.3692,Tier 3,High,Grocery Store,0.021287234,4,591.2304,38.5822
Low Fat,Snack Foods,45.3402,Tier 3,High,Grocery Store,0.043663452,4,918.804,217.185
Low Fat,Snack Foods,163.8526,Tier 3,High,Grocery Store,0,4,1808.9786,147.2076
Low Fat,Snack Foods,127.1336,Tier 3,High,Grocery Store,0.074422769,4,2812.3392,128.002
Low Fat,Snack Foods,45.806,Tier 3,High,Grocery Store,0.112893408,4,1165.15,131.0626
Low Fat,Snack Foods,58.4562,Tier 3,High,Grocery Store,0.058893461,4,711.0744,178.9318
Low Fat,Soft Drinks,165.9184,Tier 3,High,Grocery Store,0.039463564,4,2972.1312,189.9846
Regular,Breakfast,177.3344,Tier 3,High,Grocery Store,0.094265737,4,1605.9096,233.93
Regular,Dairy,189.9872,Tier 3,High,Grocery Store,0.146701312,4,1323.6104,262.291
Regular,Frozen Foods,117.5808,Tier 3,High,Grocery Store,0.132111921,4,351.5424,82.2276
Regular,Fruits and Vegetables,147.376,Tier 3,High,Grocery Store,0.064441812,4,2197.14,110.957
Regular,Fruits and Vegetables,62.4194,Tier 3,High,Grocery Store,0.083079826,4,804.9522,80.3644
Regular,Meat,122.9388,Tier 3,High,Grocery Store,0.044526443,4,2105.2596,37.9532
Regular,Meat,253.9672,Tier 3,High,Grocery Store,0.160852421,4,3068.0064,131.3942
Regular,Snack Foods,208.8296,Tier 3,High,Grocery Store,0.094741514,4,5400.9696,63.1168
Regular,Snack Foods,181.7608,Tier 3,High,Grocery Store,0.124110349,4,1102.5648,262.3568
Regular,Soft Drinks,195.7768,Tier 3,Small,Grocery Store,0.01179078,4,2956.152,189.053
Regular,Soft Drinks,124.173,Tier 3,Small,Grocery Store,0.041599644,4,1601.249,40.9822
reg,Fruits and Vegetables,254.604,Tier 3,Small,Grocery Store,0.024044279,4,759.012,241.0512
LF,Baking Goods,185.224,Tier 3,High,Supermarket Type1,0.045916788,4,6338.416,198.8084
LF,Canned,50.2034,Tier 3,High,Supermarket Type1,0.03736783,4,1166.4816,86.9224
LF,Canned,156.9604,Tier 3,High,Supermarket Type1,0,4,4595.3516,154.4682
LF,Fruits and Vegetables,193.5794,Tier 3,High,Supermarket Type1,0.022380952,4,390.1588,93.6094
LF,Starchy Foods,84.554,Tier 3,High,Supermarket Type1,0.025842905,4,778.986,119.844
Low Fat,Baking Goods,183.6634,Tier 3,High,Supermarket Type1,0.028498354,4,2544.6876,195.8136
Low Fat,Baking Goods,211.956,Tier 3,High,Supermarket Type1,0.13030659,4,4474.176,75.7328
Low Fat,Breads,127.102,Tier 3,High,Supermarket Type1,0.096306016,4,3289.052,161.9552
Low Fat,Breads,159.3604,Tier 3,High,Supermarket Type1,0,4,2059.9852,218.9166
Low Fat,Breads,120.8414,Tier 3,High,Supermarket Type1,0.021705417,4,852.8898,163.5184
Low Fat,Dairy,162.7868,Tier 3,High,Supermarket Type1,0.159062948,4,4258.4568,208.9296
Low Fat,Dairy,94.9752,Tier 3,High,Supermarket Type1,0.122469209,4,1534.0032,121.973
Low Fat,Frozen Foods,156.6314,Tier 3,High,Supermarket Type1,0.066727717,4,3257.7594,181.6292
Low Fat,Frozen Foods,246.9118,Tier 3,High,Supermarket Type1,0.111830282,4,5681.2714,105.4622
Low Fat,Fruits and Vegetables,161.1578,Tier 3,High,Supermarket Type1,0.081096635,4,1765.0358,148.4734
Low Fat,Fruits and Vegetables,110.3228,Tier 3,High,Supermarket Type1,0.05193741,4,2763.07,77.9986
Low Fat,Fruits and Vegetables,93.0804,Tier 3,High,Supermarket Type1,0.14825809,4,2940.1728,108.428
Low Fat,Fruits and Vegetables,178.2344,Tier 3,High,Supermarket Type1,0.125675936,4,2854.9504,86.9198
Low Fat,Fruits and Vegetables,81.8592,Tier 3,High,Supermarket Type1,0.038531668,4,1238.388,210.6586
Low Fat,Fruits and Vegetables,119.3098,Tier 3,High,Supermarket Type1,0.053178425,4,1928.1568,55.993
Low Fat,Hard Drinks,195.011,Tier 3,High,Supermarket Type1,0.075495088,4,2749.754,55.3614
Low Fat,Hard Drinks,123.5046,Tier 3,High,Supermarket Type1,0.02090277,4,2739.1012,144.5128
Low Fat,Hard Drinks,100.57,Tier 3,High,Supermarket Type1,0.04421348,4,5093.37,173.408
Low Fat,Health and Hygiene,49.6034,Tier 3,High,Supermarket Type1,0.036204764,4,972.068,176.1028
Low Fat,Health and Hygiene,39.1848,Tier 3,High,Supermarket Type1,0.071076672,4,559.272,44.9086
Low Fat,Health and Hygiene,116.7834,Tier 3,High,Supermarket Type1,0.018797945,4,4952.8862,241.288
Low Fat,Health and Hygiene,170.5422,Tier 3,High,Supermarket Type1,0,4,3621.2862,154.663
Low Fat,Health and Hygiene,64.6826,Tier 3,High,Supermarket Type1,0.05489331,4,774.9912,101.9358
Low Fat,Health and Hygiene,88.3856,Tier 3,High,Supermarket Type1,0.162960415,4,1318.284,43.5086
Low Fat,Household,59.3536,Tier 3,High,Supermarket Type1,0.008639333,4,918.804,122.2756
Low Fat,Household,49.0008,Tier 3,High,Supermarket Type1,0.044624064,4,101.2016,245.4802
Low Fat,Household,228.601,Tier 3,High,Supermarket Type1,0.056030907,4,7350.432,115.1492
Low Fat,Household,117.5492,Tier 3,High,Supermarket Type1,0.006759519,4,1390.1904,42.8112
Low Fat,Household,76.3328,Tier 3,High,Supermarket Type1,0.134960397,4,1312.9576,101.37
Low Fat,Household,241.2196,Tier 3,High,Supermarket Type1,0.074345142,4,6507.5292,230.901
Low Fat,Household,105.2938,Tier 3,High,Supermarket Type1,0.01181025,4,2036.6822,154.634
Low Fat,Snack Foods,179.866,Tier 3,High,Supermarket Type1,0.036908933,4,3595.32,115.9834
Low Fat,Snack Foods,174.0712,Tier 3,High,Supermarket Type1,0.077659918,4,2460.7968,260.2962
Low Fat,Soft Drinks,184.2292,Tier 3,High,Supermarket Type1,0.027682047,4,4560.73,85.5198
Low Fat,Soft Drinks,33.1558,Tier 3,High,Supermarket Type1,0.159201868,4,543.2928,226.072
Low Fat,Soft Drinks,263.5884,Tier 3,High,Supermarket Type1,0.014580886,4,2384.8956,50.2324
Regular,Baking Goods,46.4744,Tier 3,High,Supermarket Type1,0.017047751,4,543.2928,174.637
Regular,Baking Goods,105.1306,Tier 3,High,Supermarket Type1,0.105220024,4,3135.918,102.7648
Regular,Baking Goods,124.3072,Tier 3,High,Supermarket Type1,0.106663245,4,2695.1584,179.7634
Regular,Breads,57.3562,Tier 3,High,Supermarket Type1,0.075444922,4,1007.3554,146.0444
Regular,Breads,61.951,Tier 3,High,Supermarket Type1,0.074669288,4,1518.024,76.3986
Regular,Canned,211.656,Tier 3,High,Supermarket Type1,0.101747034,4,2556.672,231.33
Regular,Canned,177.437,Tier 3,High,Supermarket Type1,0,4,3528.74,88.5198
Regular,Canned,54.6956,Tier 3,High,Supermarket Type1,0.083444376,4,163.7868,195.8426
Regular,Canned,194.2478,Tier 3,High,Supermarket Type1,0.027594064,4,2712.4692,171.179
Regular,Dairy,107.8622,Tier 3,High,Supermarket Type1,0.00827301,4,1058.622,150.4708
Regular,Frozen Foods,189.853,Tier 3,High,Supermarket Type1,0.082861686,4,4933.578,32.6558
Regular,Frozen Foods,110.2544,Tier 3,High,Supermarket Type1,0.047081398,4,1454.1072,51.1666
Regular,Frozen Foods,43.7454,Tier 3,High,Supermarket Type1,0.146540889,4,671.1264,141.7838
Regular,Frozen Foods,264.6226,Tier 3,High,Supermarket Type1,0.159722816,4,4757.8068,194.1478
Regular,Fruits and Vegetables,74.338,Tier 3,High,Supermarket Type1,0.068880971,4,146.476,195.3768
Regular,Fruits and Vegetables,185.7582,Tier 3,High,Supermarket Type1,0.043122189,4,3529.4058,197.9742
Regular,Fruits and Vegetables,115.4518,Tier 3,High,Supermarket Type1,0.021951613,4,2390.8878,250.9092
Regular,Fruits and Vegetables,62.5852,Tier 3,High,Supermarket Type1,0.100091576,4,438.0964,125.5388
Regular,Meat,228.401,Tier 3,High,Supermarket Type1,0.06112617,4,229.701,122.5388
Regular,Snack Foods,37.819,Tier 3,High,Supermarket Type1,0.041247932,4,439.428,101.8332
Regular,Snack Foods,87.1198,Tier 3,High,Supermarket Type1,0.079624087,4,2529.3742,111.6544
Regular,Soft Drinks,41.7454,Tier 3,High,Supermarket Type1,0,4,209.727,173.6054
Regular,Soft Drinks,35.1216,Tier 3,High,Supermarket Type1,0.039895009,4,415.4592,162.4868
Regular,Starchy Foods,191.653,Tier 3,High,Supermarket Type1,0.128709014,4,3795.06,96.1068
low fat,Breads,100.4384,Tier 3,High,Supermarket Type1,0.054162439,4,1970.768,85.3566
reg,Starchy Foods,50.4034,Tier 3,High,Supermarket Type1,0.043863865,4,48.6034,59.5904
LF,Breakfast,170.7132,Tier 3,Medium,Supermarket Type2,0.072693696,4,4904.2828,175.937
LF,Household,103.1332,Tier 3,Medium,Supermarket Type2,0.015497337,4,820.2656,165.5526
LF,Soft Drinks,175.137,Tier 3,Medium,Supermarket Type2,0.094603404,4,1235.059,187.0872
Low Fat,Baking Goods,233.9616,Tier 3,Medium,Supermarket Type2,0.028638276,4,4452.8704,195.8136
Low Fat,Baking Goods,57.4246,Tier 3,Medium,Supermarket Type2,0.008575615,4,810.9444,80.2618
Low Fat,Breads,115.1518,Tier 3,Medium,Supermarket Type2,0.015976249,4,683.1108,230.2668
Low Fat,Canned,246.2486,Tier 3,Medium,Supermarket Type2,0.017817285,4,8063.5038,177.0686
Low Fat,Canned,175.5054,Tier 3,Medium,Supermarket Type2,0.04282359,4,2451.4756,254.433
Low Fat,Dairy,100.1016,Tier 3,Medium,Supermarket Type2,0.062038986,4,1619.2256,148.005
Low Fat,Dairy,107.1622,Tier 3,Medium,Supermarket Type2,0.123070513,4,423.4488,121.173
Low Fat,Dairy,180.9318,Tier 3,Medium,Supermarket Type2,0.166513779,4,1984.7498,38.0506
Low Fat,Dairy,266.1884,Tier 3,Medium,Supermarket Type2,0.030559583,4,5299.768,257.4672
Low Fat,Frozen Foods,161.5578,Tier 3,Medium,Supermarket Type2,0.125688044,4,320.9156,100.9042
Low Fat,Frozen Foods,115.7492,Tier 3,Medium,Supermarket Type2,0.021938404,4,2548.6824,264.691
Low Fat,Frozen Foods,193.5794,Tier 3,Medium,Supermarket Type2,0.037556341,4,1950.794,195.3478
Low Fat,Fruits and Vegetables,189.7504,Tier 3,Medium,Supermarket Type2,0.085622362,4,2492.7552,167.25
Low Fat,Fruits and Vegetables,86.054,Tier 3,Medium,Supermarket Type2,0.043740308,4,1038.648,145.3418
Low Fat,Fruits and Vegetables,231.601,Tier 3,Medium,Supermarket Type2,0.031410378,4,7580.133,110.3228
Low Fat,Fruits and Vegetables,154.7998,Tier 3,Medium,Supermarket Type2,0.027426689,4,3383.5956,97.3042
Low Fat,Fruits and Vegetables,123.2072,Tier 3,Medium,Supermarket Type2,0.024069113,4,1837.608,56.2272
Low Fat,Fruits and Vegetables,229.1352,Tier 3,Medium,Supermarket Type2,0.035893143,4,4580.704,131.3284
Low Fat,Fruits and Vegetables,170.4422,Tier 3,Medium,Supermarket Type2,0.022696131,4,5000.8238,179.9318
Low Fat,Fruits and Vegetables,177.9028,Tier 3,Medium,Supermarket Type2,0.098803088,4,4781.7756,169.7474
Low Fat,Fruits and Vegetables,143.7154,Tier 3,Medium,Supermarket Type2,0.012325122,4,4821.7236,162.8894
Low Fat,Fruits and Vegetables,235.6248,Tier 3,Medium,Supermarket Type2,0.045855273,4,1896.1984,127.102
Low Fat,Fruits and Vegetables,97.4042,Tier 3,Medium,Supermarket Type2,0.048957533,4,2281.6966,37.8506
Low Fat,Health and Hygiene,213.756,Tier 3,Medium,Supermarket Type2,0.052421981,4,3408.896,123.773
Low Fat,Household,107.5938,Tier 3,Medium,Supermarket Type2,0.186825823,4,1822.2946,253.5698
Low Fat,Household,87.1882,Tier 3,Medium,Supermarket Type2,0.126758324,4,515.3292,124.5362
Low Fat,Household,44.677,Tier 3,Medium,Supermarket Type2,0,4,173.108,167.0842
Low Fat,Household,190.053,Tier 3,Medium,Supermarket Type2,0.014359584,4,569.259,100.8332
Low Fat,Meat,260.9594,Tier 3,Medium,Supermarket Type2,0.079952983,4,2878.2534,62.7826
Low Fat,Meat,195.3478,Tier 3,Medium,Supermarket Type2,0.032671446,4,1162.4868,165.4842
Low Fat,Others,45.2086,Tier 3,Medium,Supermarket Type2,0.059732844,4,669.129,241.2538
Low Fat,Others,154.4314,Tier 3,Medium,Supermarket Type2,0.118661426,4,2326.971,58.7588
Low Fat,Snack Foods,166.4526,Tier 3,Medium,Supermarket Type2,0.039653081,4,4769.1254,99.5042
Low Fat,Snack Foods,119.1098,Tier 3,Medium,Supermarket Type2,0.065515067,4,964.0784,178.137
Low Fat,Snack Foods,47.8402,Tier 3,Medium,Supermarket Type2,0.175060504,4,91.8804,106.7964
Low Fat,Snack Foods,191.353,Tier 3,Medium,Supermarket Type2,0.011281018,4,2277.036,213.756
Low Fat,Soft Drinks,234.0958,Tier 3,Medium,Supermarket Type2,0.020409765,4,2570.6538,218.3508
Regular,Breads,152.3682,Tier 3,Medium,Supermarket Type2,0.06797671,4,1677.1502,257.4988
Regular,Breads,143.8786,Tier 3,Medium,Supermarket Type2,0.02236923,4,4334.358,104.799
Regular,Breakfast,62.351,Tier 3,Medium,Supermarket Type2,0.094952408,4,822.263,101.1332
Regular,Canned,174.9396,Tier 3,Medium,Supermarket Type2,0.09234651,4,1569.9564,251.8408
Regular,Canned,248.1092,Tier 3,Medium,Supermarket Type2,0.027723342,4,4233.1564,89.6856
Regular,Canned,200.0084,Tier 3,Medium,Supermarket Type2,0.085296625,4,1984.084,153.4314
Regular,Canned,156.463,Tier 3,Medium,Supermarket Type2,0.027458099,4,938.778,158.792
Regular,Dairy,252.7698,Tier 3,Medium,Supermarket Type2,0.038367194,4,761.0094,87.1198
Regular,Dairy,114.486,Tier 3,Medium,Supermarket Type2,0.157470693,4,2490.092,239.1538
Regular,Frozen Foods,102.4358,Tier 3,Medium,Supermarket Type2,0.047622786,4,2010.716,246.2144
Regular,Fruits and Vegetables,123.1756,Tier 3,Medium,Supermarket Type2,0.103340142,4,3998.7948,131.2968
Regular,Fruits and Vegetables,167.879,Tier 3,Medium,Supermarket Type2,0.045165796,4,2886.243,118.4808
Regular,Fruits and Vegetables,126.302,Tier 3,Medium,Supermarket Type2,0.030693756,4,3036.048,114.2176
Regular,Fruits and Vegetables,178.5002,Tier 3,Medium,Supermarket Type2,0.013091186,4,5552.1062,114.8834
Regular,Fruits and Vegetables,200.0742,Tier 3,Medium,Supermarket Type2,0.062665642,4,8958.339,225.6062
Regular,Fruits and Vegetables,169.2816,Tier 3,Medium,Supermarket Type2,0.07436116,4,3523.4136,206.1638
Regular,Meat,141.547,Tier 3,Medium,Supermarket Type2,0.037060755,4,3006.087,176.837
Regular,Snack Foods,147.2418,Tier 3,Medium,Supermarket Type2,0.037918142,4,1324.2762,129.6994
Regular,Snack Foods,122.1388,Tier 3,Medium,Supermarket Type2,0.009802791,4,495.3552,223.0404
Regular,Snack Foods,37.5822,Tier 3,Medium,Supermarket Type2,0.160371305,4,196.411,143.9128
low fat,Hard Drinks,191.3162,Tier 3,Medium,Supermarket Type2,0.010808272,4,1346.9134,150.5392
LF,Breads,38.5822,Tier 3,Medium,Supermarket Type3,0.021618297,4,78.5644,167.1184
LF,Soft Drinks,96.7726,Tier 3,Medium,Supermarket Type3,0.065119701,4,2642.5602,145.7128
Low Fat,Baking Goods,228.8352,Tier 3,Medium,Supermarket Type3,0.007180374,4,5267.8096,47.4034
Low Fat,Baking Goods,98.5358,Tier 3,Medium,Supermarket Type3,0.175362333,4,402.1432,158.9604
Low Fat,Baking Goods,206.8638,Tier 3,Medium,Supermarket Type3,0.110735739,4,207.0638,35.2874
Low Fat,Baking Goods,189.4556,Tier 3,Medium,Supermarket Type3,0.026174636,4,3567.3564,127.102
Low Fat,Breads,173.2422,Tier 3,Medium,Supermarket Type3,0.035414528,4,2069.3064,218.2166
Low Fat,Breads,214.7192,Tier 3,Medium,Supermarket Type3,0.092145264,4,862.8768,120.7098
Low Fat,Breads,58.5562,Tier 3,Medium,Supermarket Type3,0.078831762,4,770.3306,98.97
Low Fat,Breads,89.3514,Tier 3,Medium,Supermarket Type3,0.095919472,4,177.1028,162.6552
Low Fat,Dairy,190.6162,Tier 3,Medium,Supermarket Type3,0.173206192,4,3271.0754,53.3298
Low Fat,Dairy,237.0248,Tier 3,Medium,Supermarket Type3,0.034584356,4,5451.5704,248.375
Low Fat,Frozen Foods,191.0872,Tier 3,Medium,Supermarket Type3,0.033777629,4,4349.0056,222.8456
Low Fat,Frozen Foods,147.476,Tier 3,Medium,Supermarket Type3,0.066459891,4,3368.948,184.2292
Low Fat,Frozen Foods,187.724,Tier 3,Medium,Supermarket Type3,0.056019324,4,2050.664,40.0454
Low Fat,Frozen Foods,150.0734,Tier 3,Medium,Supermarket Type3,0.065313024,4,3563.3616,47.1402
Low Fat,Fruits and Vegetables,178.7028,Tier 3,Medium,Supermarket Type3,0.008722342,4,4604.6728,123.5414
Low Fat,Fruits and Vegetables,156.9288,Tier 3,Medium,Supermarket Type3,0.105085956,4,1571.288,82.3908
Low Fat,Fruits and Vegetables,175.4712,Tier 3,Medium,Supermarket Type3,0,4,2988.1104,253.0356
Low Fat,Health and Hygiene,167.879,Tier 3,Medium,Supermarket Type3,0.046333982,4,4074.696,97.2384
Low Fat,Health and Hygiene,113.1834,Tier 3,Medium,Supermarket Type3,0.063800266,4,3109.9518,123.0414
Low Fat,Household,99.3042,Tier 3,Medium,Supermarket Type3,0.014232071,4,2281.6966,100.9332
Low Fat,Household,173.7396,Tier 3,Medium,Supermarket Type3,0.048703432,4,3663.2316,125.9336
Low Fat,Household,252.4724,Tier 3,Medium,Supermarket Type3,0.107507291,4,3271.7412,34.8558
Low Fat,Meat,116.7492,Tier 3,Medium,Supermarket Type3,0.022351808,4,1621.8888,143.7812
Low Fat,Others,74.7354,Tier 3,Medium,Supermarket Type3,0.09147267,4,1128.531,184.6608
Low Fat,Seafood,177.2712,Tier 3,Medium,Supermarket Type3,0.031073804,4,2109.2544,157.5604
Low Fat,Snack Foods,194.4478,Tier 3,Medium,Supermarket Type3,0,4,968.739,45.7428
Low Fat,Snack Foods,259.2646,Tier 3,Medium,Supermarket Type3,0.067120954,4,3091.9752,132.9626
Low Fat,Snack Foods,239.2196,Tier 3,Medium,Supermarket Type3,0.029793955,4,3133.2548,167.2816
Low Fat,Snack Foods,102.4674,Tier 3,Medium,Supermarket Type3,0,4,2037.348,248.8092
Low Fat,Soft Drinks,188.9556,Tier 3,Medium,Supermarket Type3,0.112349962,4,563.2668,39.1848
Low Fat,Soft Drinks,45.306,Tier 3,Medium,Supermarket Type3,0,4,1304.968,121.044
Regular,Baking Goods,161.0236,Tier 3,Medium,Supermarket Type3,0.034244601,4,483.3708,97.2726
Regular,Baking Goods,256.7014,Tier 3,Medium,Supermarket Type3,0.02624324,4,2805.0154,143.8128
Regular,Breads,118.0466,Tier 3,Medium,Supermarket Type3,0.03443677,4,1060.6194,156.5288
Regular,Canned,120.8098,Tier 3,Medium,Supermarket Type3,0.052473797,4,1325.6078,83.6224
Regular,Canned,195.4452,Tier 3,Medium,Supermarket Type3,0.028139761,4,4502.1396,173.7422
Regular,Dairy,144.6786,Tier 3,Medium,Supermarket Type3,0.022403117,4,2889.572,250.9092
Regular,Dairy,164.1184,Tier 3,Medium,Supermarket Type3,0.074806196,4,3797.7232,112.9176
Regular,Frozen Foods,104.099,Tier 3,Medium,Supermarket Type3,0.087421738,4,2476.776,154.463
Regular,Frozen Foods,199.1084,Tier 3,Medium,Supermarket Type3,0.048426708,4,2182.4924,258.7278
Regular,Frozen Foods,145.8102,Tier 3,Medium,Supermarket Type3,0.149288779,4,1895.5326,158.4288
Regular,Frozen Foods,103.3964,Tier 3,Medium,Supermarket Type3,0.091780142,4,3050.6956,182.5266
Regular,Fruits and Vegetables,244.6144,Tier 3,Medium,Supermarket Type3,0.01871404,4,3185.1872,223.4772
Regular,Fruits and Vegetables,227.5352,Tier 3,Medium,Supermarket Type3,0.102949031,4,916.1408,225.272
Regular,Fruits and Vegetables,123.7414,Tier 3,Medium,Supermarket Type3,0.121712459,4,121.8414,101.2016
Regular,Fruits and Vegetables,106.0596,Tier 3,Medium,Supermarket Type3,0.087936752,4,215.7192,115.9466
Regular,Fruits and Vegetables,164.9184,Tier 3,Medium,Supermarket Type3,0.014295564,4,2972.1312,242.6512
Regular,Fruits and Vegetables,173.4054,Tier 3,Medium,Supermarket Type3,0.057762301,4,875.527,237.3564
Regular,Fruits and Vegetables,265.6884,Tier 3,Medium,Supermarket Type3,0.021863506,4,2649.884,247.0092
Regular,Fruits and Vegetables,52.364,Tier 3,Medium,Supermarket Type3,0.112668963,4,745.696,191.0504
Regular,Meat,55.8614,Tier 3,Medium,Supermarket Type3,0.020312314,4,1436.7964,98.1042
Regular,Meat,221.5772,Tier 3,Medium,Supermarket Type3,0.136701678,4,3558.0352,182.1608
Regular,Meat,163.1184,Tier 3,Medium,Supermarket Type3,0.017466284,4,2807.0128,45.4718
Regular,Meat,183.3924,Tier 3,Medium,Supermarket Type3,0.054288646,4,2776.386,96.6094
Regular,Snack Foods,192.682,Tier 3,Medium,Supermarket Type3,0.127416049,4,2703.148,167.4816
Regular,Snack Foods,97.9042,Tier 3,Medium,Supermarket Type3,0.124668026,4,1686.4714,261.091
Regular,Snack Foods,57.793,Tier 3,Medium,Supermarket Type3,0.037768989,4,1754.383,88.5856
Regular,Snack Foods,154.4682,Tier 3,Medium,Supermarket Type3,0.030476541,4,1524.682,252.2724
Regular,Soft Drinks,64.151,Tier 3,Medium,Supermarket Type3,0.127308434,4,316.255,186.6924
Regular,Starchy Foods,152.8682,Tier 3,Medium,Supermarket Type3,0.005561538,4,5031.4506,224.0062
Regular,Starchy Foods,149.4734,Tier 3,Medium,Supermarket Type3,0.134441765,4,2969.468,183.9924
Low Fat,Dairy,161.5552,Tier 2,Small,Supermarket Type1,0.10249212,3.9,1787.0072,230.5352
Low Fat,Household,91.0488,Tier 2,Small,Supermarket Type1,0.025698134,3.9,1086.5856,196.5084
Low Fat,Baking Goods,178.1344,Tier 1,Small,Grocery Store,0.057556998,3.9,3568.688,107.6938
Low Fat,Soft Drinks,86.9224,Tier 1,Small,Supermarket Type1,0.097904029,3.9,255.6672,174.8738
Regular,Fruits and Vegetables,196.9794,Tier 3,Medium,Supermarket Type3,0.059511812,3.9,1560.6352,128.0678
LF,Dairy,152.234,Tier 3,Small,Grocery Store,0.089498926,3.9,5053.422,178.1002
Low Fat,Health and Hygiene,97.2726,Tier 2,Small,Supermarket Type1,0,3.9,1957.452,153.3024
Low Fat,Household,114.1492,Tier 2,Small,Supermarket Type1,0.048157338,3.9,1158.492,106.1622
Low Fat,Meat,224.5746,Tier 2,Small,Supermarket Type1,0.033082215,3.9,2692.4952,172.5738
Low Fat,Canned,100.9332,Tier 2,Small,Supermarket Type1,0,3.9,1743.0644,222.5456
Low Fat,Snack Foods,104.3332,Tier 1,Small,Supermarket Type1,0.059352241,3.9,1435.4648,101.87
low fat,Snack Foods,56.1272,Tier 3,Medium,Supermarket Type2,0.045230944,3.9,671.1264,187.9556
Low Fat,Frozen Foods,57.3904,Tier 2,Small,Supermarket Type1,0.01161096,3.9,703.0848,95.041
Low Fat,Fruits and Vegetables,143.2154,Tier 2,Small,Supermarket Type1,0.043209581,3.9,1559.9694,90.8172
Low Fat,Household,98.7384,Tier 1,Medium,Supermarket Type1,0.027622076,3.9,1773.6912,177.6344
Regular,Fruits and Vegetables,230.901,Tier 3,High,Supermarket Type1,0.044155597,3.9,4364.319,178.8318
Low Fat,Meat,123.1046,Tier 2,Small,Supermarket Type1,0.007294652,3.9,249.0092,198.1426
LF,Soft Drinks,62.2168,Tier 2,Small,Supermarket Type1,0.023625114,3.9,383.5008,189.3846
Low Fat,Snack Foods,177.0054,Tier 3,Medium,Supermarket Type3,0.044248175,3.9,2101.2648,126.202
Low Fat,Baking Goods,130.9968,Tier 2,Small,Supermarket Type1,0.00721395,3.9,2348.9424,47.9034
Regular,Fruits and Vegetables,109.5228,Tier 1,Small,Grocery Store,0.104704537,3.9,1657.842,125.2678
Low Fat,Health and Hygiene,248.8434,Tier 2,Small,Supermarket Type1,0.035264298,3.9,6705.2718,86.1224
Regular,Fruits and Vegetables,53.6982,Tier 2,Small,Supermarket Type1,0.142978223,3.9,1525.3478,87.4514
Low Fat,Health and Hygiene,148.076,Tier 1,Small,Supermarket Type1,0.054630834,3.9,1464.76,200.2084
Low Fat,Frozen Foods,224.0062,Tier 1,Small,Supermarket Type1,0,3.9,3837.0054,196.8452
Low Fat,Fruits and Vegetables,84.1592,Tier 2,Small,Supermarket Type1,0.087652908,3.9,1073.2696,128.8678
Low Fat,Frozen Foods,100.6358,Tier 3,Medium,Supermarket Type2,0,3.9,2010.716,123.2414
Regular,Canned,180.4292,Tier 2,Medium,Supermarket Type1,0.18454121,3.9,2189.1504,211.5902
Low Fat,Household,147.876,Tier 2,Medium,Supermarket Type1,0.114160573,3.9,4540.756,253.1724
Low Fat,Canned,184.295,Tier 1,Medium,Supermarket Type1,0.027212058,3.9,2014.045,152.734
Regular,Snack Foods,112.4544,Tier 3,Medium,Grocery Store,0.079113947,3.9,1230.3984,99.2068
Low Fat,Dairy,55.8272,Tier 3,Medium,Grocery Store,0.162462044,3.9,1454.1072,55.893
Low Fat,Breads,37.6164,Tier 2,Medium,Supermarket Type1,0.092781435,3.9,308.9312,119.7098
Low Fat,Others,65.6168,Tier 3,High,Supermarket Type1,0.020542737,3.9,639.168,80.5618
Regular,Snack Foods,241.9512,Tier 1,Small,Supermarket Type1,0.062044506,3.9,2908.2144,57.4562
LF,Dairy,155.5998,Tier 3,Medium,Grocery Store,0.146973462,3.9,1691.7978,184.1292
Low Fat,Dairy,253.4698,Tier 3,Medium,Supermarket Type2,0.032028115,3.9,6849.0846,178.3344
Regular,Fruits and Vegetables,60.2194,Tier 1,Medium,Supermarket Type1,0.122657336,3.9,1733.7432,110.1544
Regular,Meat,173.7712,Tier 2,Medium,Supermarket Type1,0.096644015,3.9,175.7712,131.9942
Regular,Meat,152.6024,Tier 1,Medium,Supermarket Type1,0.04975339,3.9,6072.096,210.3586
Regular,Fruits and Vegetables,231.23,Tier 3,Medium,Grocery Store,0.098464979,3.9,2330.3,188.653
Low Fat,Frozen Foods,230.3326,Tier 3,High,Supermarket Type1,0.037372847,3.9,1386.1956,192.7478
Low Fat,Soft Drinks,262.6226,Tier 2,Small,Supermarket Type1,0.053362086,3.9,7136.7102,41.577
Low Fat,Dairy,61.0562,Tier 2,Medium,Supermarket Type1,0.038597077,3.9,296.281,57.9272
Low Fat,Breads,58.3588,Tier 1,Medium,Supermarket Type1,0.021757269,3.9,1545.9876,165.0184
Low Fat,Frozen Foods,171.8448,Tier 1,Medium,Supermarket Type1,0.045274134,3.9,2556.672,177.966
Low Fat,Fruits and Vegetables,182.4266,Tier 1,Medium,Supermarket Type1,0.035967107,3.9,2028.6926,260.3278
Low Fat,Hard Drinks,123.7072,Tier 1,Medium,Supermarket Type1,0.042357203,3.9,2450.144,123.2388
Low Fat,Health and Hygiene,117.4782,Tier 1,Medium,Supermarket Type1,0.11411658,3.9,1906.8512,158.8604
Low Fat,Household,180.766,Tier 1,Medium,Supermarket Type1,0.019901356,3.9,5033.448,157.5972
Low Fat,Household,120.4124,Tier 1,Medium,Supermarket Type1,0,3.9,1777.686,197.111
Low Fat,Household,177.0054,Tier 1,Medium,Supermarket Type1,0.148163564,3.9,3677.2134,232.7616
Low Fat,Others,94.3436,Tier 1,Medium,Supermarket Type1,0.009791467,3.9,945.436,213.256
Low Fat,Snack Foods,89.7146,Tier 1,Medium,Supermarket Type1,0.01532563,3.9,182.4292,153.434
Low Fat,Snack Foods,100.5384,Tier 1,Medium,Supermarket Type1,0.045340279,3.9,1675.1528,85.025
Low Fat,Snack Foods,182.5608,Tier 1,Medium,Supermarket Type1,0.116723677,3.9,3307.6944,182.4266
Low Fat,Soft Drinks,223.0772,Tier 1,Medium,Supermarket Type1,0.081914677,3.9,1779.0176,120.344
Low Fat,Soft Drinks,103.3648,Tier 1,Medium,Supermarket Type1,0.037289996,3.9,311.5944,182.7634
Regular,Baking Goods,58.1588,Tier 1,Medium,Supermarket Type1,0.117543713,3.9,343.5528,197.311
Regular,Breads,165.0184,Tier 1,Medium,Supermarket Type1,0.075625152,3.9,3302.368,145.7444
Regular,Canned,176.4028,Tier 1,Medium,Supermarket Type1,0.028765486,3.9,4250.4672,115.3492
Regular,Canned,36.9506,Tier 1,Medium,Supermarket Type1,0.046881328,3.9,759.012,141.3838
Regular,Fruits and Vegetables,245.7802,Tier 1,Medium,Supermarket Type1,0.024442501,3.9,245.6802,196.411
Regular,Fruits and Vegetables,262.3278,Tier 1,Medium,Supermarket Type1,0.119647957,3.9,1561.9668,180.9976
Regular,Seafood,114.686,Tier 1,Medium,Supermarket Type1,0.146527359,3.9,1358.232,147.905
Regular,Snack Foods,217.9508,Tier 1,Medium,Supermarket Type1,0.009954237,3.9,2821.6604,158.263
LF,Fruits and Vegetables,256.3304,Tier 1,Small,Grocery Store,0.052691046,3.9,6199.9296,216.3192
LF,Soft Drinks,255.2356,Tier 1,Small,Grocery Store,0.168780127,3.9,6867.0612,197.8768
Low Fat,Baking Goods,61.3536,Tier 1,Small,Grocery Store,0.041556697,3.9,183.7608,104.4332
Low Fat,Canned,125.6046,Tier 1,Small,Grocery Store,0.061753511,3.9,622.523,253.3014
Low Fat,Frozen Foods,122.6072,Tier 1,Small,Grocery Store,0.145669556,3.9,122.5072,247.2776
Low Fat,Fruits and Vegetables,194.811,Tier 1,Small,Grocery Store,0,3.9,2749.754,126.6994
Low Fat,Fruits and Vegetables,49.2376,Tier 1,Small,Grocery Store,0.305305397,3.9,958.752,116.6834
Low Fat,Hard Drinks,161.9578,Tier 1,Small,Grocery Store,0.298205272,3.9,1444.1202,55.7614
Low Fat,Health and Hygiene,52.2666,Tier 1,Small,Grocery Store,0.053148497,3.9,615.1992,36.3874
Low Fat,Health and Hygiene,107.0964,Tier 1,Small,Grocery Store,0.028382853,3.9,1472.7496,109.4596
Low Fat,Health and Hygiene,237.5222,Tier 1,Small,Grocery Store,0.253947823,3.9,7170.666,223.8404
Low Fat,Household,163.921,Tier 1,Small,Grocery Store,0.050790917,3.9,2446.815,142.7786
Low Fat,Household,37.9506,Tier 1,Small,Grocery Store,0.028207784,3.9,569.259,195.5478
Low Fat,Household,252.3382,Tier 1,Small,Grocery Store,0.19875618,3.9,4794.4258,250.7724
Low Fat,Others,79.496,Tier 1,Small,Grocery Store,0.159394437,3.9,1438.128,105.6938
Regular,Breads,94.712,Tier 1,Small,Grocery Store,0.028062401,3.9,1304.968,44.0402
Regular,Dairy,130.4994,Tier 1,Small,Grocery Store,0.014497036,3.9,2184.4898,150.8708
Regular,Dairy,117.4492,Tier 1,Small,Grocery Store,0.173587926,3.9,1621.8888,60.0194
Regular,Dairy,253.6724,Tier 1,Small,Grocery Store,0.03941584,3.9,5033.448,247.8092
Regular,Fruits and Vegetables,254.904,Tier 1,Small,Grocery Store,0.072762086,3.9,3036.048,120.9072
Regular,Fruits and Vegetables,216.6192,Tier 1,Small,Grocery Store,0.150238656,3.9,3020.0688,229.3694
Regular,Snack Foods,86.3882,Tier 1,Small,Grocery Store,0.123089128,3.9,1545.9876,63.6484
LF,Canned,210.9928,Tier 1,Small,Supermarket Type1,0,3.9,210.3928,118.8124
LF,Fruits and Vegetables,33.6874,Tier 1,Small,Supermarket Type1,0.057792343,3.9,1023.3346,61.4536
LF,Household,257.633,Tier 1,Small,Supermarket Type1,0.112321218,3.9,4613.994,123.6046
LF,Seafood,108.6912,Tier 1,Small,Supermarket Type1,0.033858187,3.9,1201.1032,113.386
Low Fat,Baking Goods,88.2514,Tier 1,Small,Supermarket Type1,0.095158081,3.9,1505.3738,159.2604
Low Fat,Canned,57.6904,Tier 1,Small,Supermarket Type1,0.015271793,3.9,585.904,89.9146
Low Fat,Canned,241.3854,Tier 1,Small,Supermarket Type1,0.187558629,3.9,2900.2248,148.0418
Low Fat,Canned,192.5162,Tier 1,Small,Supermarket Type1,0.021207519,3.9,3078.6592,219.4824
Low Fat,Dairy,191.053,Tier 1,Small,Supermarket Type1,0,3.9,3415.554,77.6012
Low Fat,Fruits and Vegetables,238.0248,Tier 1,Small,Supermarket Type1,0.172596885,3.9,1896.1984,114.8518
Low Fat,Hard Drinks,141.218,Tier 1,Small,Supermarket Type1,0.044250304,3.9,2936.178,174.708
Low Fat,Health and Hygiene,154.034,Tier 1,Small,Supermarket Type1,0.025286583,3.9,2450.144,151.8024
Low Fat,Health and Hygiene,183.6924,Tier 1,Small,Supermarket Type1,0.05848134,3.9,1295.6468,113.3544
Low Fat,Household,52.7324,Tier 1,Small,Supermarket Type1,0.092782895,3.9,2492.7552,252.6066
Low Fat,Household,154.534,Tier 1,Small,Supermarket Type1,0.021425341,3.9,2603.278,250.175
Low Fat,Household,225.8062,Tier 1,Small,Supermarket Type1,0.042211119,3.9,3159.8868,108.6938
Low Fat,Meat,190.7162,Tier 1,Small,Supermarket Type1,0.032180494,3.9,1154.4972,61.2194
Low Fat,Snack Foods,57.7588,Tier 1,Small,Supermarket Type1,0.054056927,3.9,1145.176,116.8466
Low Fat,Soft Drinks,77.0644,Tier 1,Small,Supermarket Type1,0.03723211,3.9,2278.3676,183.1634
Regular,Baking Goods,160.2604,Tier 1,Small,Supermarket Type1,0.128283243,3.9,1901.5248,226.1404
Regular,Canned,185.0608,Tier 1,Small,Supermarket Type1,0,3.9,551.2824,79.596
Regular,Snack Foods,87.6198,Tier 1,Small,Supermarket Type1,0.075849167,3.9,1133.8574,85.1908
Regular,Snack Foods,146.8076,Tier 1,Small,Supermarket Type1,0.093655728,3.9,1330.2684,127.1704
LF,Snack Foods,107.4622,Tier 2,Medium,Supermarket Type1,0.141542481,3.9,3705.177,153.1998
LF,Soft Drinks,165.3526,Tier 2,Medium,Supermarket Type1,0.176070535,3.9,1151.1682,144.0102
Low Fat,Dairy,42.2138,Tier 2,Medium,Supermarket Type1,0,3.9,40.6138,97.9042
Low Fat,Frozen Foods,234.0958,Tier 2,Medium,Supermarket Type1,0.017822936,3.9,467.3916,161.3578
Low Fat,Frozen Foods,183.5634,Tier 2,Medium,Supermarket Type1,0.086307051,3.9,4725.8484,146.8076
Low Fat,Fruits and Vegetables,158.0604,Tier 2,Medium,Supermarket Type1,0.099309997,3.9,3327.6684,91.4462
Low Fat,Fruits and Vegetables,121.7072,Tier 2,Medium,Supermarket Type1,0.053330653,3.9,1347.5792,56.793
Low Fat,Household,115.9466,Tier 2,Small,Supermarket Type1,0.008664064,3.9,4124.631,119.3756
Low Fat,Household,232.8642,Tier 2,Small,Supermarket Type1,0.118915034,3.9,3485.463,264.791
Low Fat,Household,144.0102,Tier 2,Small,Supermarket Type1,0.02575512,3.9,1749.7224,199.6084
Low Fat,Household,43.9428,Tier 2,Small,Supermarket Type1,0.083528446,3.9,131.8284,162.4552
Low Fat,Household,35.3558,Tier 2,Small,Supermarket Type1,0.047473135,3.9,237.6906,170.5422
Low Fat,Meat,230.2326,Tier 2,Small,Supermarket Type1,0.016767995,3.9,693.0978,141.418
Low Fat,Others,227.1062,Tier 2,Small,Supermarket Type1,0.023190134,3.9,225.7062,153.434
Low Fat,Snack Foods,146.9102,Tier 2,Small,Supermarket Type1,0.051571772,3.9,1895.5326,258.462
Low Fat,Snack Foods,157.792,Tier 2,Small,Supermarket Type1,0.026139404,3.9,3994.8,216.785
Low Fat,Snack Foods,190.8162,Tier 2,Small,Supermarket Type1,0.036033639,3.9,2693.8268,183.7924
Low Fat,Snack Foods,173.1422,Tier 2,Small,Supermarket Type1,0.039090105,3.9,2931.5174,148.4418
Low Fat,Snack Foods,188.1872,Tier 2,Small,Supermarket Type1,0.118342285,3.9,3214.4824,222.6088
Low Fat,Soft Drinks,83.025,Tier 2,Small,Supermarket Type1,0.079132212,3.9,1414.825,112.686
Low Fat,Soft Drinks,158.7578,Tier 2,Small,Supermarket Type1,0.027114238,3.9,2085.9514,151.9682
Low Fat,Soft Drinks,186.6214,Tier 2,Small,Supermarket Type1,0.150872868,3.9,3203.1638,47.5692
Low Fat,Soft Drinks,160.2236,Tier 2,Small,Supermarket Type1,0.098102581,3.9,322.2472,172.9738
Low Fat,Baking Goods,197.9768,Tier 2,Small,Supermarket Type1,0.085434195,3.9,1182.4608,105.028
Low Fat,Breads,185.9924,Tier 2,Small,Supermarket Type1,0.087963415,3.9,555.2772,193.3794
Low Fat,Canned,197.111,Tier 2,Small,Supermarket Type1,0.032125561,3.9,785.644,115.7492
Low Fat,Dairy,129.531,Tier 2,Small,Supermarket Type1,0.093913607,3.9,2077.296,198.7426
Low Fat,Dairy,36.8532,Tier 2,Small,Supermarket Type1,0.024331586,3.9,755.0172,34.9874
Low Fat,Fruits and Vegetables,125.8046,Tier 2,Small,Supermarket Type1,0.121225455,3.9,747.0276,45.906
Low Fat,Fruits and Vegetables,219.6166,Tier 2,Small,Supermarket Type1,0.149360698,3.9,3483.4656,243.4854
Low Fat,Household,186.5924,Tier 2,Small,Supermarket Type1,0.069809115,3.9,5182.5872,90.5146
Low Fat,Household,145.1444,Tier 2,High,Supermarket Type1,0.126958147,3.9,1886.8772,125.8362
Low Fat,Others,88.054,Tier 2,High,Supermarket Type1,0.01125332,3.9,1211.756,57.0614
Low Fat,Snack Foods,102.4674,Tier 2,High,Supermarket Type1,0.12241394,3.9,203.7348,42.9428
Low Fat,Starchy Foods,147.2102,Tier 2,High,Supermarket Type1,0,3.9,1895.5326,127.102
Low Fat,Starchy Foods,55.2614,Tier 2,High,Supermarket Type1,0.154860353,3.9,552.614,106.1938
Regular,Canned,241.0538,Tier 2,High,Supermarket Type1,0.102038294,3.9,1201.769,231.93
Regular,Canned,98.7042,Tier 2,High,Supermarket Type1,0.083683243,3.9,892.8378,198.5426
Regular,Dairy,62.5536,Tier 2,High,Supermarket Type1,0.03822479,3.9,1592.5936,99.8726
Regular,Frozen Foods,253.004,Tier 2,High,Supermarket Type1,0.014115626,3.9,3795.06,178.5344
Regular,Frozen Foods,51.5324,Tier 2,High,Supermarket Type1,0.110254143,3.9,882.8508,37.3506
Regular,Frozen Foods,216.9192,Tier 2,High,Supermarket Type1,0.097510482,3.9,6471.576,48.1718
Regular,Fruits and Vegetables,123.7388,Tier 2,High,Supermarket Type1,0.085981978,3.9,1609.9044,228.4694
Regular,Meat,58.7904,Tier 2,High,Supermarket Type1,0.151159243,3.9,585.904,156.6314
Regular,Snack Foods,193.7504,Tier 2,High,Supermarket Type1,0.015997687,3.9,4602.0096,229.1352
Regular,Starchy Foods,117.415,Tier 2,High,Supermarket Type1,0.053288857,3.9,466.06,47.306
Regular,Baking Goods,85.3566,Tier 2,High,Supermarket Type1,0,3.9,591.8962,40.7138
Regular,Baking Goods,224.3404,Tier 2,High,Supermarket Type1,0.059063036,3.9,4500.808,172.0422
Regular,Canned,113.1544,Tier 2,High,Supermarket Type1,0.068511103,3.9,4250.4672,103.699
Regular,Frozen Foods,82.3908,Tier 2,High,Supermarket Type1,0.03623131,3.9,1342.2528,175.0712
Regular,Frozen Foods,128.9336,Tier 2,High,Supermarket Type1,0.063054947,3.9,1278.336,102.399
Regular,Frozen Foods,230.2694,Tier 2,High,Supermarket Type1,0.026042966,3.9,3197.1716,161.221
Regular,Fruits and Vegetables,143.8128,Tier 2,Medium,Supermarket Type1,0.058756205,3.9,3020.0688,161.0552
Regular,Fruits and Vegetables,121.1072,Tier 2,Medium,Supermarket Type1,0.104365283,3.9,980.0576,177.1054
Regular,Fruits and Vegetables,157.6972,Tier 2,Medium,Supermarket Type1,0.029821648,3.9,2960.1468,139.9838
Regular,Fruits and Vegetables,263.1884,Tier 2,Medium,Supermarket Type1,0.066672058,3.9,529.9768,248.1092
Regular,Snack Foods,154.463,Tier 2,Medium,Supermarket Type1,0.03874616,3.9,2972.797,143.8102
Regular,Snack Foods,239.3564,Tier 2,Medium,Supermarket Type1,0.047533568,3.9,3098.6332,96.9068
Regular,Soft Drinks,109.6228,Tier 2,Medium,Supermarket Type1,0.045239326,3.9,110.5228,174.1054
low fat,Baking Goods,48.4692,Tier 2,Medium,Supermarket Type1,0.113908117,3.9,591.2304,53.3956
Low Fat,Baking Goods,107.7622,Tier 2,Small,Supermarket Type1,0.056424146,3.9,529.311,247.8118
Low Fat,Baking Goods,210.8586,Tier 2,Small,Supermarket Type1,0.064938448,3.9,6331.758,90.0804
Low Fat,Baking Goods,42.9428,Tier 2,Small,Supermarket Type1,0.008539208,3.9,703.0848,81.2618
Low Fat,Breakfast,165.6526,Tier 2,Small,Supermarket Type1,0.021372636,3.9,1315.6208,231.7326
Low Fat,Dairy,216.785,Tier 2,Small,Supermarket Type1,0.049954435,3.9,1947.465,156.5288
Low Fat,Dairy,114.086,Tier 2,Small,Supermarket Type1,0.034746076,3.9,1810.976,248.275
Low Fat,Frozen Foods,172.108,Tier 2,Small,Supermarket Type1,0.125154452,3.9,4327.7,99.2042
Low Fat,Fruits and Vegetables,181.2976,Tier 2,Small,Supermarket Type1,0.116226984,3.9,5070.7328,95.9436
Low Fat,Fruits and Vegetables,240.9538,Tier 2,Small,Supermarket Type1,0.025962714,3.9,480.7076,120.9414
Low Fat,Fruits and Vegetables,144.6102,Tier 2,Small,Supermarket Type1,0.174340475,3.9,3353.6346,116.6834
Low Fat,Health and Hygiene,148.7392,Tier 2,Small,Supermarket Type1,0.058121214,3.9,1640.5312,104.499
Low Fat,Health and Hygiene,91.083,Tier 2,Small,Supermarket Type1,0.054928641,3.9,89.883,101.7358
Low Fat,Household,143.9102,Tier 2,Small,Supermarket Type1,0.060055757,3.9,1749.7224,234.2642
Low Fat,Household,120.8098,Tier 2,Small,Supermarket Type1,0.035143024,3.9,3374.2744,124.373
Low Fat,Household,178.9318,Tier 2,Small,Supermarket Type1,0,3.9,180.4318,198.211
Low Fat,Household,150.9024,Tier 2,Small,Supermarket Type1,0.010600287,3.9,4857.6768,233.9958
Low Fat,Meat,142.0154,Tier 2,Small,Supermarket Type1,0.008944844,3.9,2269.0464,122.3756
Low Fat,Meat,86.1856,Tier 2,Small,Supermarket Type1,0.123007534,3.9,1406.1696,106.0938
Low Fat,Meat,150.2392,Tier 2,Small,Supermarket Type1,0.009996872,3.9,596.5568,185.5608
Low Fat,Others,61.422,Tier 2,Small,Supermarket Type1,0.073354286,3.9,539.298,66.8142
Low Fat,Soft Drinks,129.4968,Tier 2,Small,Supermarket Type1,0.019374768,3.9,3392.9168,155.8972
Low Fat,Starchy Foods,61.9194,Tier 2,Small,Supermarket Type1,0,3.9,123.8388,119.244
Low Fat,Starchy Foods,119.8782,Tier 2,Small,Supermarket Type1,0.06227604,3.9,238.3564,37.9532
Low Fat,Starchy Foods,231.93,Tier 2,Small,Supermarket Type1,0.041283361,3.9,2563.33,182.4634
Regular,Breads,47.2402,Tier 2,Small,Supermarket Type1,0.081652352,3.9,918.804,177.0054
Regular,Canned,163.4868,Tier 2,Small,Supermarket Type1,0.073721115,3.9,4586.0304,85.6198
Regular,Canned,33.5874,Tier 2,Small,Supermarket Type1,0.160671255,3.9,635.1732,254.7014
Regular,Frozen Foods,212.6902,Tier 2,Small,Supermarket Type1,0.128397995,3.9,637.1706,178.337
Regular,Frozen Foods,159.8236,Tier 2,Small,Supermarket Type1,0.054445198,3.9,322.2472,151.7366
Regular,Fruits and Vegetables,256.7672,Tier 2,Small,Supermarket Type1,0.107036943,3.9,4346.3424,144.2786
Regular,Fruits and Vegetables,217.6482,Tier 2,Small,Supermarket Type1,0.109971578,3.9,3285.723,82.7592
Regular,Fruits and Vegetables,185.7898,Tier 2,Small,Supermarket Type1,0.013035609,3.9,2619.2572,114.7834
Regular,Fruits and Vegetables,131.3284,Tier 2,Small,Supermarket Type1,0.099839365,3.9,1318.284,143.3786
Regular,Fruits and Vegetables,72.4038,Tier 2,Small,Supermarket Type1,0.113195815,3.9,221.7114,190.8504
Regular,Snack Foods,163.1184,Tier 2,Small,Supermarket Type1,0,3.9,4623.3152,159.3262
low fat,Snack Foods,127.102,Tier 2,Small,Supermarket Type1,0.052434201,3.9,1771.028,103.999
low fat,Soft Drinks,109.1596,Tier 2,Small,Supermarket Type1,0.084316691,3.9,107.8596,263.391
Low Fat,Canned,38.7164,Tier 3,Medium,Grocery Store,0.053732324,3.9,579.246,49.8008
Low Fat,Dairy,155.463,Tier 3,Medium,Grocery Store,0.092711708,3.9,4068.038,197.7768
Low Fat,Frozen Foods,163.221,Tier 3,Medium,Grocery Store,0.141860161,3.9,1794.331,41.0796
Low Fat,Fruits and Vegetables,173.6054,Tier 3,Medium,Grocery Store,0.037492325,3.9,700.4216,95.5094
Low Fat,Health and Hygiene,176.0028,Tier 3,Medium,Grocery Store,0.126765903,3.9,1239.7196,35.7532
Low Fat,Household,127.902,Tier 3,Medium,Grocery Store,0.014472516,3.9,2150.534,122.0756
Low Fat,Snack Foods,75.2038,Tier 3,High,Grocery Store,0.130095044,3.9,517.3266,257.2962
Low Fat,Soft Drinks,117.2466,Tier 3,High,Grocery Store,0.192540665,3.9,2239.0854,160.2236
Low Fat,Soft Drinks,173.8738,Tier 3,High,Grocery Store,0.035568147,3.9,347.5476,151.8024
Regular,Meat,170.8764,Tier 3,High,Grocery Store,0,3.9,2233.0932,102.4674
Regular,Meat,194.982,Tier 3,High,Grocery Store,0.102262138,3.9,3089.312,47.1744
Regular,Meat,160.792,Tier 3,High,Grocery Store,0.109667698,3.9,3675.216,166.0816
Regular,Snack Foods,94.312,Tier 3,Small,Grocery Store,0.065649353,3.9,2516.724,94.841
LF,Health and Hygiene,106.1306,Tier 3,High,Supermarket Type1,0.022824491,3.9,2090.612,177.0686
Low Fat,Baking Goods,153.4314,Tier 3,High,Supermarket Type1,0.080527065,3.9,1861.5768,79.296
Low Fat,Canned,189.9846,Tier 3,High,Supermarket Type1,0,3.9,6114.7072,145.6418
Low Fat,Dairy,219.4456,Tier 3,High,Supermarket Type1,0.00799436,3.9,3094.6384,171.6422
Low Fat,Frozen Foods,194.4452,Tier 3,High,Supermarket Type1,0.036641589,3.9,5089.3752,180.7976
Low Fat,Fruits and Vegetables,103.899,Tier 3,High,Supermarket Type1,0.093307668,3.9,1960.781,92.7146
Low Fat,Fruits and Vegetables,185.2608,Tier 3,High,Supermarket Type1,0.036110222,3.9,183.7608,120.1756
Low Fat,Hard Drinks,99.67,Tier 3,High,Supermarket Type1,0.083768522,3.9,2596.62,109.8596
Low Fat,Health and Hygiene,195.5136,Tier 3,High,Supermarket Type1,0.058083831,3.9,1749.7224,103.199
Low Fat,Health and Hygiene,120.6782,Tier 3,High,Supermarket Type1,0.03786331,3.9,1310.9602,40.948
Low Fat,Health and Hygiene,150.1708,Tier 3,High,Supermarket Type1,0.037549969,3.9,2708.4744,101.2042
Low Fat,Household,64.6826,Tier 3,High,Supermarket Type1,0.044771473,3.9,1097.9042,58.2562
Low Fat,Household,222.3746,Tier 3,High,Supermarket Type1,0.124610886,3.9,5609.365,113.1544
Low Fat,Seafood,108.1938,Tier 3,High,Supermarket Type1,0.073349552,3.9,428.7752,34.2216
Low Fat,Snack Foods,47.5034,Tier 3,High,Supermarket Type1,0.015863075,3.9,534.6374,161.821
Low Fat,Snack Foods,133.7942,Tier 3,High,Supermarket Type1,0.103356186,3.9,1722.4246,142.847
Low Fat,Soft Drinks,220.3456,Tier 3,High,Supermarket Type1,0.030769458,3.9,1989.4104,141.7154
Regular,Baking Goods,167.6816,Tier 3,High,Supermarket Type1,0,3.9,1845.5976,94.012
Regular,Baking Goods,144.6444,Tier 3,High,Supermarket Type1,0.075688032,3.9,2467.4548,262.9568
Regular,Breakfast,96.9752,Tier 3,High,Supermarket Type1,0.060615254,3.9,1725.7536,174.0712
Regular,Canned,98.0726,Tier 3,High,Supermarket Type1,0.012002075,3.9,1761.7068,165.3184
Regular,Canned,152.8366,Tier 3,High,Supermarket Type1,0.10399676,3.9,2871.5954,107.4622
Regular,Dairy,177.737,Tier 3,High,Supermarket Type1,0.096387053,3.9,2117.244,45.6086
Regular,Frozen Foods,255.1356,Tier 3,High,Supermarket Type1,0.066674465,3.9,3815.034,259.1962
Regular,Frozen Foods,246.346,Tier 3,High,Supermarket Type1,0.018008071,3.9,739.038,180.466
Regular,Fruits and Vegetables,155.263,Tier 3,High,Supermarket Type1,0,3.9,625.852,112.4544
Regular,Meat,261.691,Tier 3,High,Supermarket Type1,0.150947728,3.9,4207.856,81.0276
low fat,Canned,172.0422,Tier 3,High,Supermarket Type1,0.045614252,3.9,4828.3816,221.5456
reg,Baking Goods,75.867,Tier 3,High,Supermarket Type1,0.034382602,3.9,2450.144,96.5726
reg,Fruits and Vegetables,103.799,Tier 3,High,Supermarket Type1,0.028958563,3.9,1135.189,78.396
Low Fat,Baking Goods,119.8124,Tier 3,Medium,Supermarket Type2,0.046142232,3.9,1659.1736,199.1084
Low Fat,Baking Goods,233.6642,Tier 3,Medium,Supermarket Type2,0.08276363,3.9,3950.1914,146.5076
Low Fat,Frozen Foods,161.3578,Tier 3,Medium,Supermarket Type2,0.065898197,3.9,1123.2046,46.1402
Low Fat,Fruits and Vegetables,175.9686,Tier 3,Medium,Supermarket Type2,0.093765794,3.9,5866.3638,90.3146
Low Fat,Fruits and Vegetables,97.2042,Tier 3,Medium,Supermarket Type2,0.116722514,3.9,1686.4714,95.4436
Low Fat,Hard Drinks,173.5738,Tier 3,Medium,Supermarket Type2,0,3.9,1216.4166,154.0682
Low Fat,Hard Drinks,252.6356,Tier 3,Medium,Supermarket Type2,0.021005399,3.9,2543.356,144.5128
Low Fat,Household,161.921,Tier 3,Medium,Supermarket Type2,0.096806008,3.9,2120.573,56.2588
Low Fat,Household,131.031,Tier 3,Medium,Supermarket Type2,0.021512619,3.9,1038.648,247.775
Low Fat,Household,228.4668,Tier 3,Medium,Supermarket Type2,0,3.9,3916.2356,118.515
Low Fat,Meat,101.5674,Tier 3,Medium,Supermarket Type2,0.119937231,3.9,1629.8784,189.153
Low Fat,Snack Foods,116.8834,Tier 3,Medium,Supermarket Type2,0.015364173,3.9,2649.2182,154.334
Low Fat,Soft Drinks,111.0228,Tier 3,Medium,Supermarket Type2,0.115636723,3.9,221.0456,199.7084
Low Fat,Soft Drinks,167.6474,Tier 3,Medium,Supermarket Type2,0.096790497,3.9,3874.2902,197.2768
Low Fat,Starchy Foods,162.8894,Tier 3,Medium,Supermarket Type2,0.142370445,3.9,647.1576,90.6172
Regular,Baking Goods,89.7172,Tier 3,Medium,Supermarket Type2,0.14118383,3.9,1605.9096,50.5008
Regular,Baking Goods,262.7594,Tier 3,Medium,Supermarket Type2,0.076059648,3.9,7064.8038,265.1568
Regular,Dairy,162.5526,Tier 3,Medium,Supermarket Type2,0,3.9,986.7156,62.4194
Regular,Frozen Foods,179.3318,Tier 3,Medium,Supermarket Type2,0.052625179,3.9,1263.0226,113.4176
Regular,Frozen Foods,111.9886,Tier 3,Medium,Supermarket Type2,0.097709541,3.9,1445.4518,48.6718
Regular,Fruits and Vegetables,196.8768,Tier 3,Medium,Supermarket Type2,0.101176316,3.9,1182.4608,198.9768
Regular,Snack Foods,120.8414,Tier 3,Medium,Supermarket Type2,0.105725004,3.9,2071.3038,169.9764
Regular,Soft Drinks,196.6426,Tier 3,Medium,Supermarket Type2,0.061424738,3.9,5141.3076,56.7614
reg,Fruits and Vegetables,190.6504,Tier 3,Medium,Supermarket Type2,0.057221177,3.9,575.2512,225.4088
Low Fat,Baking Goods,157.7946,Tier 3,Medium,Supermarket Type3,0.027644732,3.9,1104.5622,149.4708
Low Fat,Canned,87.2514,Tier 3,Medium,Supermarket Type3,0.011206632,3.9,1505.3738,191.4188
Low Fat,Dairy,106.3596,Tier 3,Medium,Supermarket Type3,0.061686402,3.9,2912.2092,153.9998
Low Fat,Dairy,261.291,Tier 3,Medium,Supermarket Type3,0.049623924,3.9,5522.811,83.225
Low Fat,Dairy,252.9382,Tier 3,Medium,Supermarket Type3,0.06981517,3.9,2775.7202,214.385
Low Fat,Frozen Foods,101.999,Tier 3,Medium,Supermarket Type3,0.036494521,3.9,619.194,179.0976
Low Fat,Fruits and Vegetables,126.6994,Tier 3,Medium,Supermarket Type3,0,3.9,256.9988,45.9402
Low Fat,Household,154.634,Tier 3,Medium,Supermarket Type3,0.096411426,3.9,2297.01,192.982
Low Fat,Household,118.1782,Tier 3,Medium,Supermarket Type3,0.013066448,3.9,2621.9204,140.9154
Low Fat,Household,42.7428,Tier 3,Medium,Supermarket Type3,0.034938717,3.9,790.9704,49.0034
Low Fat,Household,197.5084,Tier 3,Medium,Supermarket Type3,0.02286663,3.9,2976.126,102.8332
Low Fat,Household,44.1086,Tier 3,Medium,Supermarket Type3,0.163148041,3.9,1115.215,116.6124
Low Fat,Household,103.099,Tier 3,Medium,Supermarket Type3,0.134418705,3.9,309.597,99.67
Low Fat,Meat,65.7168,Tier 3,Medium,Supermarket Type3,0.145464606,3.9,2237.088,105.7648
Low Fat,Snack Foods,141.0154,Tier 3,Medium,Supermarket Type3,0.117530851,3.9,2694.4926,222.7088
Low Fat,Soft Drinks,116.0808,Tier 3,Medium,Supermarket Type3,0,3.9,234.3616,153.8024
Regular,Baking Goods,236.6906,Tier 3,Medium,Supermarket Type3,0.048292189,3.9,3089.9778,133.1626
Regular,Breads,37.219,Tier 3,Medium,Supermarket Type3,0.054220618,3.9,476.047,129.131
Regular,Frozen Foods,51.3666,Tier 3,Medium,Supermarket Type3,0.037681359,3.9,1076.5986,125.1046
Regular,Frozen Foods,90.9488,Tier 3,Medium,Supermarket Type3,0.019837655,3.9,633.8416,128.131
Regular,Fruits and Vegetables,127.3652,Tier 3,Medium,Supermarket Type3,0.022807826,3.9,1549.9824,183.495
Regular,Fruits and Vegetables,144.2102,Tier 3,Medium,Supermarket Type3,0.062109174,3.9,4082.6856,223.7062
Regular,Meat,122.873,Tier 3,Medium,Supermarket Type3,0.094201477,3.9,3448.844,213.356
Regular,Seafood,89.7172,Tier 3,Medium,Supermarket Type3,0.145591438,3.9,1159.8236,148.705
Regular,Snack Foods,63.8168,Tier 3,Medium,Supermarket Type3,0.093202196,3.9,958.752,125.5704
Regular,Soft Drinks,99.47,Tier 3,Medium,Supermarket Type3,0.039734882,3.9,299.61,165.7868
low fat,Health and Hygiene,150.6024,Tier 3,Medium,Supermarket Type3,0.075368868,3.9,2428.8384,35.2532
Regular,Snack Foods,229.201,Tier 1,Small,Supermarket Type1,0.047257328,3.8,3215.814,119.6782
Low Fat,Household,163.8868,Tier 2,Small,Supermarket Type1,0.035307322,3.8,327.5736,47.5034
Low Fat,Others,79.3986,Tier 3,Small,Grocery Store,0.151420934,3.8,856.8846,194.3478
Regular,Meat,159.4604,Tier 2,Small,Supermarket Type1,0.078502143,3.8,3169.208,108.7596
Regular,Snack Foods,233.9616,Tier 3,Medium,Supermarket Type2,0.011026594,3.8,1406.1696,166.4842
Regular,Snack Foods,56.9588,Tier 3,Medium,Supermarket Type3,0.035334201,3.8,744.3644,115.3518
Low Fat,Dairy,189.253,Tier 3,High,Supermarket Type1,0.022047313,3.8,3605.307,110.2886
Low Fat,Baking Goods,264.091,Tier 1,Small,Supermarket Type1,0.027779254,3.8,262.991,150.1708
Regular,Fruits and Vegetables,110.657,Tier 1,Medium,Supermarket Type1,0.062508438,3.8,2966.139,227.1062
Low Fat,Baking Goods,46.1376,Tier 1,Small,Grocery Store,0.143592939,3.8,383.5008,37.3164
Low Fat,Baking Goods,50.9692,Tier 2,Small,Supermarket Type1,0.09344495,3.8,394.1536,141.0812
Regular,Snack Foods,48.7034,Tier 3,High,Supermarket Type1,0.010907967,3.8,534.6374,182.3608
Low Fat,Household,173.1422,Tier 2,Small,Supermarket Type1,0.016201845,3.8,5000.8238,195.2478
Low Fat,Meat,111.8886,Tier 2,Medium,Supermarket Type1,0.0268952,3.8,1667.829,128.402
Low Fat,Fruits and Vegetables,152.4682,Tier 3,Medium,Grocery Store,0.089083914,3.8,2439.4912,54.593
Low Fat,Household,265.1884,Tier 3,Medium,Supermarket Type2,0.074541867,3.8,5034.7796,94.1462
Regular,Snack Foods,259.6936,Tier 3,High,Supermarket Type1,0.029471408,3.8,2087.9488,105.4622
Low Fat,Meat,120.844,Tier 3,Medium,Grocery Store,0.133281968,3.8,2157.192,63.2826
Low Fat,Breads,185.1898,Tier 2,Small,Supermarket Type1,0.024521191,3.8,374.1796,100.6332
Low Fat,Breakfast,64.551,Tier 3,High,Supermarket Type1,0.06100886,3.8,1201.769,166.0526
Low Fat,Soft Drinks,63.2168,Tier 2,Small,Supermarket Type1,0.167799329,3.8,1725.7536,239.4564
Low Fat,Health and Hygiene,240.4512,Tier 3,Medium,Supermarket Type3,0.037711338,3.8,7028.1848,41.548
Low Fat,Fruits and Vegetables,195.0768,Tier 1,Medium,Supermarket Type1,0.04929502,3.8,1970.768,150.505
low fat,Snack Foods,153.6314,Tier 2,Medium,Supermarket Type1,0.054362695,3.8,5274.4676,117.9466
Low Fat,Health and Hygiene,224.4062,Tier 3,Medium,Grocery Store,0.03616416,3.8,225.7062,150.1708
reg,Snack Foods,128.831,Tier 3,Medium,Supermarket Type2,0.070588037,3.8,1817.634,65.9484
Regular,Fruits and Vegetables,230.6352,Tier 3,High,Supermarket Type1,0.159587755,3.8,5725.88,145.3102
Low Fat,Fruits and Vegetables,186.5898,Tier 1,Small,Supermarket Type1,0.040357315,3.8,5238.5144,177.8002
Low Fat,Health and Hygiene,179.2344,Tier 2,Small,Supermarket Type1,0,3.8,2141.2128,120.644
LF,Snack Foods,40.3454,Tier 1,Medium,Supermarket Type1,0.064464147,3.8,796.9626,255.7646
Low Fat,Baking Goods,266.6884,Tier 1,Medium,Supermarket Type1,0,3.8,264.9884,148.705
Low Fat,Baking Goods,147.6392,Tier 1,Medium,Supermarket Type1,0.060794097,3.8,1938.8096,233.6616
Low Fat,Breakfast,158.4578,Tier 1,Medium,Supermarket Type1,0.061154604,3.8,1444.1202,165.3526
Low Fat,Canned,102.999,Tier 1,Medium,Supermarket Type1,0.078290271,3.8,2992.771,93.1804
Low Fat,Dairy,95.3752,Tier 1,Medium,Supermarket Type1,0.089608321,3.8,1150.5024,262.1594
Low Fat,Dairy,149.9392,Tier 1,Medium,Supermarket Type1,0.092834313,3.8,1491.392,77.667
Low Fat,Fruits and Vegetables,95.641,Tier 1,Medium,Supermarket Type1,0.012167793,3.8,1737.738,37.4848
Low Fat,Fruits and Vegetables,94.4094,Tier 1,Medium,Supermarket Type1,0.036341539,3.8,1904.188,142.9154
Low Fat,Fruits and Vegetables,127.3678,Tier 1,Medium,Supermarket Type1,0.148612263,3.8,508.6712,104.528
Low Fat,Health and Hygiene,170.4132,Tier 1,Medium,Supermarket Type1,0.017065268,3.8,4396.9432,109.5228
Low Fat,Snack Foods,161.7578,Tier 1,Medium,Supermarket Type1,0.099804623,3.8,1604.578,113.7544
Low Fat,Soft Drinks,113.5544,Tier 1,Medium,Supermarket Type1,0.150801606,3.8,894.8352,48.7692
Regular,Baking Goods,190.8162,Tier 1,Medium,Supermarket Type1,0.105471384,3.8,3271.0754,105.8648
Regular,Baking Goods,182.5976,Tier 1,Medium,Supermarket Type1,0.025409912,3.8,1629.8784,83.2934
Regular,Snack Foods,54.6956,Tier 1,Medium,Supermarket Type1,0.047330801,3.8,764.3384,120.8782
low fat,Household,64.751,Tier 1,Medium,Supermarket Type1,0.080765853,3.8,126.502,169.179
reg,Meat,228.1694,Tier 1,Medium,Supermarket Type1,0.033489979,3.8,228.3694,156.6314
LF,Snack Foods,94.4778,Tier 1,Small,Grocery Store,0.248301532,3.8,2628.5784,124.1072
LF,Snack Foods,186.0924,Tier 1,Small,Grocery Store,0.30374337,3.8,3516.7556,196.011
LF,Soft Drinks,217.5166,Tier 1,Small,Grocery Store,0.033929133,3.8,653.1498,154.3972
Low Fat,Baking Goods,160.3578,Tier 1,Small,Grocery Store,0.132275338,3.8,2406.867,123.8388
Low Fat,Baking Goods,46.8034,Tier 1,Small,Grocery Store,0,3.8,1069.2748,81.8618
Low Fat,Canned,141.5496,Tier 1,Small,Grocery Store,0.019716846,3.8,1976.0944,191.9188
Low Fat,Fruits and Vegetables,91.0146,Tier 1,Small,Grocery Store,0.308145448,3.8,1368.219,222.0772
Low Fat,Hard Drinks,57.8562,Tier 1,Small,Grocery Store,0.060237465,3.8,355.5372,115.9834
Low Fat,Health and Hygiene,250.9408,Tier 1,Small,Grocery Store,0.021214364,3.8,1001.3632,48.2034
Low Fat,Household,164.5526,Tier 1,Small,Grocery Store,0.207783483,3.8,1644.526,262.291
Low Fat,Others,84.7224,Tier 1,Small,Grocery Store,0.011835436,3.8,1619.2256,121.373
Regular,Baking Goods,88.9514,Tier 1,Small,Grocery Store,0,3.8,3453.5046,121.3098
Regular,Baking Goods,178.337,Tier 1,Small,Grocery Store,0.205484395,3.8,1411.496,198.011
Regular,Fruits and Vegetables,169.7448,Tier 1,Small,Grocery Store,0.066765523,3.8,3238.4512,107.1964
LF,Household,116.4492,Tier 1,Small,Supermarket Type1,0.021666335,3.8,2316.984,33.3874
Low Fat,Baking Goods,55.1298,Tier 1,Small,Supermarket Type1,0.043238822,3.8,1240.3854,92.5436
Low Fat,Baking Goods,88.8514,Tier 1,Small,Supermarket Type1,0.054930533,3.8,265.6542,194.4452
Low Fat,Canned,113.286,Tier 1,Small,Supermarket Type1,0.044607161,3.8,2716.464,164.2842
Low Fat,Dairy,52.564,Tier 1,Small,Supermarket Type1,0.056795923,3.8,639.168,232.8642
Low Fat,Frozen Foods,265.8884,Tier 1,Small,Supermarket Type1,0.026880159,3.8,2649.884,106.428
Low Fat,Fruits and Vegetables,106.328,Tier 1,Small,Supermarket Type1,0.021329793,3.8,852.224,105.5306
Low Fat,Health and Hygiene,148.205,Tier 1,Small,Supermarket Type1,0.071371458,3.8,449.415,125.2362
Low Fat,Household,229.3668,Tier 1,Small,Supermarket Type1,0.020198354,3.8,2303.668,257.9962
Low Fat,Household,88.283,Tier 1,Small,Supermarket Type1,0.059405152,3.8,89.883,179.6976
Low Fat,Meat,178.7318,Tier 1,Small,Supermarket Type1,0.081134826,3.8,1263.0226,220.0798
Low Fat,Others,208.5638,Tier 1,Small,Supermarket Type1,0.027047774,3.8,2277.7018,50.6666
Low Fat,Snack Foods,63.0826,Tier 1,Small,Supermarket Type1,0.01530184,3.8,322.913,154.434
Low Fat,Snack Foods,186.3924,Tier 1,Small,Supermarket Type1,0.137227848,3.8,1295.6468,155.563
Low Fat,Snack Foods,240.288,Tier 1,Small,Supermarket Type1,0.128090139,3.8,2396.88,107.0622
Low Fat,Soft Drinks,210.6586,Tier 1,Small,Supermarket Type1,0.070780558,3.8,5487.5236,114.586
Regular,Baking Goods,171.5764,Tier 1,Small,Supermarket Type1,0.026064486,3.8,4637.9628,241.8196
Regular,Dairy,123.0388,Tier 1,Small,Supermarket Type1,0.047491371,3.8,1981.4208,213.9876
Regular,Fruits and Vegetables,45.9402,Tier 1,Small,Supermarket Type1,0.022425236,3.8,872.8638,226.3036
Regular,Meat,43.8428,Tier 1,Small,Supermarket Type1,0.057421582,3.8,175.7712,149.9366
Regular,Snack Foods,176.6344,Tier 1,Small,Supermarket Type1,0.08819473,3.8,1962.7784,119.6756
Regular,Snack Foods,111.8202,Tier 1,Small,Supermarket Type1,0.018562604,3.8,2025.3636,110.5544
reg,Frozen Foods,117.1808,Tier 1,Small,Supermarket Type1,0.070691729,3.8,1874.8928,230.201
LF,Health and Hygiene,261.1936,Tier 2,Medium,Supermarket Type1,0.075889215,3.8,2348.9424,37.6532
LF,Household,231.9642,Tier 2,Medium,Supermarket Type1,0.013146636,3.8,3020.7346,214.5192
LF,Baking Goods,243.9144,Tier 2,Medium,Supermarket Type1,0.014713909,3.8,4655.2736,83.125
LF,Household,219.4824,Tier 2,Medium,Supermarket Type1,0.015521768,3.8,1747.0592,165.8526
Low Fat,Breads,232.9616,Tier 2,Medium,Supermarket Type1,0.011111714,3.8,2812.3392,43.8454
Low Fat,Breads,187.0924,Tier 2,Medium,Supermarket Type1,0.015943701,3.8,1850.924,231.9668
Low Fat,Dairy,45.1402,Tier 2,Medium,Supermarket Type1,0.031962866,3.8,45.9402,178.0344
Low Fat,Dairy,157.5288,Tier 2,Medium,Supermarket Type1,0.1027194,3.8,1571.288,228.8352
Low Fat,Health and Hygiene,144.976,Tier 2,Small,Supermarket Type1,0.042838514,3.8,2783.044,163.7842
Low Fat,Health and Hygiene,168.2474,Tier 2,Small,Supermarket Type1,0.071516201,3.8,3200.5006,127.7362
Low Fat,Household,116.9492,Tier 2,Small,Supermarket Type1,0.164274416,3.8,2316.984,119.8124
Low Fat,Household,55.1956,Tier 2,Small,Supermarket Type1,0.092854963,3.8,491.3604,158.7604
Low Fat,Household,233.93,Tier 2,Small,Supermarket Type1,0.024705597,3.8,233.03,145.1102
Low Fat,Others,93.6094,Tier 2,Small,Supermarket Type1,0.015708023,3.8,476.047,143.447
Low Fat,Snack Foods,153.1366,Tier 2,Small,Supermarket Type1,0.029632784,3.8,3173.8686,159.692
Low Fat,Snack Foods,196.3426,Tier 2,Small,Supermarket Type1,0.046217345,3.8,790.9704,120.3124
Low Fat,Snack Foods,77.367,Tier 2,Small,Supermarket Type1,0.038604817,3.8,153.134,236.3564
Low Fat,Snack Foods,158.6578,Tier 2,Small,Supermarket Type1,0.076125668,3.8,3369.6138,214.0218
Low Fat,Baking Goods,197.2452,Tier 2,Small,Supermarket Type1,0.075975642,3.8,2348.9424,124.1388
Low Fat,Baking Goods,63.4826,Tier 2,Small,Supermarket Type1,0.055671582,3.8,2002.0606,133.3284
Low Fat,Breakfast,177.0054,Tier 2,Small,Supermarket Type1,0.063532672,3.8,2101.2648,133.0626
Low Fat,Canned,188.2556,Tier 2,Small,Supermarket Type1,0.12475207,3.8,3379.6008,90.9488
Low Fat,Canned,34.4874,Tier 2,Small,Supermarket Type1,0.083019163,3.8,494.0236,180.2002
Low Fat,Dairy,230.2668,Tier 2,Small,Supermarket Type1,0.090480206,3.8,5759.17,142.4154
Low Fat,Fruits and Vegetables,73.2038,Tier 2,Small,Supermarket Type1,0.034501016,3.8,1404.1722,255.7356
Low Fat,Fruits and Vegetables,55.393,Tier 2,Small,Supermarket Type1,0.070588621,3.8,1018.674,107.9912
Low Fat,Health and Hygiene,43.6086,Tier 2,Small,Supermarket Type1,0.018955479,3.8,624.5204,100.1384
Low Fat,Household,189.253,Tier 2,Small,Supermarket Type1,0.093191195,3.8,1518.024,158.1604
Low Fat,Household,47.5692,Tier 2,High,Supermarket Type1,0.178272728,3.8,1379.5376,172.4422
Low Fat,Meat,130.5626,Tier 2,High,Supermarket Type1,0.025907416,3.8,1180.4634,87.7172
Low Fat,Others,59.4536,Tier 2,High,Supermarket Type1,0.059827007,3.8,857.5504,239.2538
Low Fat,Others,107.7912,Tier 2,High,Supermarket Type1,0.013442036,3.8,982.7208,104.528
Low Fat,Snack Foods,97.3752,Tier 2,High,Supermarket Type1,0.030981392,3.8,958.752,51.9008
Low Fat,Snack Foods,107.4622,Tier 2,High,Supermarket Type1,0.0463847,3.8,1693.7952,118.9124
Low Fat,Snack Foods,232.7616,Tier 2,High,Supermarket Type1,0.142618182,3.8,1874.8928,123.2072
Low Fat,Starchy Foods,90.2146,Tier 2,High,Supermarket Type1,0.014944614,3.8,3648.584,171.808
Low Fat,Starchy Foods,156.0314,Tier 2,High,Supermarket Type1,0.062640143,3.8,2016.7082,36.6532
Regular,Baking Goods,92.4488,Tier 2,High,Supermarket Type1,0.046982429,3.8,1358.232,108.157
Regular,Baking Goods,104.499,Tier 2,High,Supermarket Type1,0.100602552,3.8,1031.99,88.3856
Regular,Baking Goods,194.5478,Tier 2,High,Supermarket Type1,0.128543405,3.8,774.9912,226.5404
Regular,Baking Goods,89.0488,Tier 2,High,Supermarket Type1,0,3.8,1267.6832,197.911
Regular,Breads,166.0816,Tier 2,High,Supermarket Type1,0.043982464,3.8,671.1264,110.657
Regular,Breakfast,34.5532,Tier 2,High,Supermarket Type1,0.157149885,3.8,323.5788,168.2474
Regular,Canned,182.7608,Tier 2,High,Supermarket Type1,0.161762835,3.8,1837.608,185.9266
Regular,Fruits and Vegetables,96.2094,Tier 2,High,Supermarket Type1,0.132351411,3.8,190.4188,190.3872
Regular,Meat,179.2002,Tier 2,High,Supermarket Type1,0.018061324,3.8,2865.6032,102.599
Regular,Snack Foods,146.4444,Tier 2,High,Supermarket Type1,0.090130537,3.8,1596.5884,131.4626
Regular,Snack Foods,88.9514,Tier 2,High,Supermarket Type1,0.088373591,3.8,2125.2336,119.3756
Regular,Snack Foods,74.838,Tier 2,High,Supermarket Type1,0.014047825,3.8,1537.998,196.5084
Regular,Baking Goods,97.841,Tier 2,High,Supermarket Type1,0.026520107,3.8,1255.033,144.8128
Regular,Dairy,155.8314,Tier 2,High,Supermarket Type1,0.06358394,3.8,310.2628,89.4856
Regular,Frozen Foods,80.6618,Tier 2,High,Supermarket Type1,0.044151435,3.8,1208.427,61.5194
Regular,Frozen Foods,35.219,Tier 2,High,Supermarket Type1,0.04224015,3.8,36.619,194.982
Regular,Fruits and Vegetables,86.4224,Tier 2,High,Supermarket Type1,0.103503049,3.8,1022.6688,129.6968
Regular,Fruits and Vegetables,178.2686,Tier 2,Medium,Supermarket Type1,0,3.8,2666.529,129.0678
Regular,Meat,55.6614,Tier 2,Medium,Supermarket Type1,0.04021623,3.8,718.3982,90.4514
Regular,Snack Foods,238.1248,Tier 2,Medium,Supermarket Type1,0.085617517,3.8,4266.4464,229.3668
LF,Snack Foods,132.9626,Tier 2,Small,Supermarket Type1,0.007551665,3.8,2360.9268,107.1622
Low Fat,Baking Goods,34.2216,Tier 2,Small,Supermarket Type1,0.046262201,3.8,934.7832,97.8384
Low Fat,Baking Goods,100.3016,Tier 2,Small,Supermarket Type1,0.028516696,3.8,2833.6448,194.6136
Low Fat,Canned,92.7146,Tier 2,Small,Supermarket Type1,0.034880143,3.8,1733.0774,177.9344
Low Fat,Canned,196.0794,Tier 2,Small,Supermarket Type1,0.139202085,3.8,1755.7146,46.1376
Low Fat,Canned,142.4838,Tier 2,Small,Supermarket Type1,0.030121709,3.8,561.9352,78.067
Low Fat,Dairy,87.0882,Tier 2,Small,Supermarket Type1,0.024190156,3.8,1803.6522,34.4874
Low Fat,Household,57.8588,Tier 2,Small,Supermarket Type1,0.028592842,3.8,1145.176,151.0708
Low Fat,Household,218.6482,Tier 2,Small,Supermarket Type1,0.00879232,3.8,3723.8194,195.011
Low Fat,Household,146.9102,Tier 2,Small,Supermarket Type1,0.099893424,3.8,1895.5326,187.6898
Low Fat,Starchy Foods,37.6506,Tier 2,Small,Supermarket Type1,0.037901581,3.8,37.9506,126.3046
Regular,Baking Goods,258.362,Tier 2,Small,Supermarket Type1,0.046878474,3.8,259.662,109.857
Regular,Baking Goods,190.3846,Tier 2,Small,Supermarket Type1,0.069903773,3.8,3630.6074,188.6214
Regular,Canned,127.4678,Tier 2,Small,Supermarket Type1,0.031261583,3.8,3560.6984,52.564
Regular,Fruits and Vegetables,182.295,Tier 2,Small,Supermarket Type1,0.063805139,3.8,549.285,117.3492
Regular,Fruits and Vegetables,56.4614,Tier 2,Small,Supermarket Type1,0.02498633,3.8,773.6596,216.7508
Regular,Snack Foods,88.5856,Tier 2,Small,Supermarket Type1,0.010937229,3.8,878.856,55.8588
Regular,Snack Foods,117.5782,Tier 2,Small,Supermarket Type1,0.021002641,3.8,2741.0986,161.1578
Regular,Soft Drinks,132.2626,Tier 2,Small,Supermarket Type1,0.151925271,3.8,2098.6016,46.6086
low fat,Household,262.5226,Tier 2,Small,Supermarket Type1,0.069403341,3.8,9779.9362,91.2146
Low Fat,Breads,103.7674,Tier 3,Medium,Grocery Store,0.036360676,3.8,203.7348,166.0184
Low Fat,Canned,172.1422,Tier 3,Medium,Grocery Store,0.040446145,3.8,517.3266,118.115
Low Fat,Fruits and Vegetables,166.4526,Tier 3,Medium,Grocery Store,0.108253944,3.8,3782.4098,194.8794
Low Fat,Health and Hygiene,48.8718,Tier 3,Medium,Grocery Store,0.020280476,3.8,425.4462,49.1034
Low Fat,Household,129.831,Tier 3,Medium,Grocery Store,0.043828293,3.8,1947.465,121.4098
Low Fat,Household,91.312,Tier 3,Medium,Grocery Store,0.112402118,3.8,3075.996,112.986
Low Fat,Snack Foods,95.7752,Tier 3,High,Grocery Store,0.090480214,3.8,3930.8832,119.5466
Regular,Frozen Foods,41.4454,Tier 3,High,Grocery Store,0,3.8,41.9454,152.2366
Regular,Fruits and Vegetables,98.5384,Tier 3,High,Grocery Store,0.031685529,3.8,591.2304,63.1536
Regular,Fruits and Vegetables,188.024,Tier 3,High,Grocery Store,0.10985775,3.8,2796.36,188.8214
Regular,Snack Foods,160.6578,Tier 3,High,Grocery Store,0.143831787,3.8,1765.0358,169.979
Regular,Snack Foods,99.67,Tier 3,Small,Grocery Store,0.077029195,3.8,3295.71,177.2344
reg,Snack Foods,196.811,Tier 3,Small,Grocery Store,0.034942397,3.8,3338.987,61.9194
LF,Canned,147.5102,Tier 3,High,Supermarket Type1,0.082483516,3.8,1166.4816,179.2002
Low Fat,Breads,32.49,Tier 3,High,Supermarket Type1,0.048741487,3.8,865.54,60.4194
Low Fat,Dairy,264.9568,Tier 3,High,Supermarket Type1,0.058298384,3.8,6855.0768,145.8128
Low Fat,Fruits and Vegetables,257.5646,Tier 3,High,Supermarket Type1,0.059797172,3.8,5153.292,151.8366
Low Fat,Fruits and Vegetables,95.6752,Tier 3,High,Supermarket Type1,0.174228338,3.8,1246.3776,117.1834
Low Fat,Hard Drinks,173.3422,Tier 3,High,Supermarket Type1,0.07191675,3.8,4138.6128,254.804
Low Fat,Health and Hygiene,141.9154,Tier 3,High,Supermarket Type1,0.152429537,3.8,2694.4926,85.5224
Low Fat,Health and Hygiene,197.211,Tier 3,High,Supermarket Type1,0.077169841,3.8,196.411,55.593
Low Fat,Household,112.9544,Tier 3,High,Supermarket Type1,0.014262413,3.8,1342.2528,57.1614
Low Fat,Others,192.0478,Tier 3,High,Supermarket Type1,0.012089479,3.8,3099.9648,189.853
Low Fat,Others,240.5222,Tier 3,High,Supermarket Type1,0.013355306,3.8,4541.4218,105.528
Regular,Baking Goods,194.411,Tier 3,High,Supermarket Type1,0.065729039,3.8,5106.686,188.324
Regular,Baking Goods,113.1886,Tier 3,High,Supermarket Type1,0.024875871,3.8,111.1886,173.0422
Regular,Baking Goods,164.121,Tier 3,High,Supermarket Type1,0,3.8,1794.331,197.211
Regular,Canned,114.3492,Tier 3,High,Supermarket Type1,0.040172077,3.8,1853.5872,188.553
Regular,Canned,146.5076,Tier 3,High,Supermarket Type1,0.008184912,3.8,1625.8836,101.2674
Regular,Dairy,119.4756,Tier 3,High,Supermarket Type1,0.014781046,3.8,1090.5804,193.8162
Regular,Frozen Foods,122.1098,Tier 3,High,Supermarket Type1,0.066121873,3.8,2892.2352,145.676
Regular,Meat,170.2448,Tier 3,High,Supermarket Type1,0.076058484,3.8,170.4448,111.8202
Regular,Snack Foods,183.5608,Tier 3,High,Supermarket Type1,0.125170423,3.8,551.2824,261.491
Regular,Snack Foods,47.406,Tier 3,High,Supermarket Type1,0.009930514,3.8,978.726,157.463
LF,Breads,101.699,Tier 3,Medium,Supermarket Type2,0.011134397,3.8,2992.771,42.8454
Low Fat,Baking Goods,79.6986,Tier 3,Medium,Supermarket Type2,0.021518435,3.8,1480.0734,157.5288
Low Fat,Dairy,113.0176,Tier 3,Medium,Supermarket Type2,0.025583714,3.8,2862.94,239.1538
Low Fat,Dairy,83.4224,Tier 3,Medium,Supermarket Type2,0.038610722,3.8,681.7792,61.4852
Low Fat,Dairy,172.3422,Tier 3,Medium,Supermarket Type2,0.060792265,3.8,5690.5926,170.4106
Low Fat,Dairy,62.2194,Tier 3,Medium,Supermarket Type2,0.074931201,3.8,185.7582,108.9228
Low Fat,Dairy,176.7028,Tier 3,Medium,Supermarket Type2,0.043011277,3.8,1416.8224,177.2028
Low Fat,Frozen Foods,192.6162,Tier 3,Medium,Supermarket Type2,0.013869039,3.8,5580.0698,62.5168
Low Fat,Frozen Foods,46.8744,Tier 3,Medium,Supermarket Type2,0.105104552,3.8,905.488,121.7072
Low Fat,Health and Hygiene,96.3094,Tier 3,Medium,Supermarket Type2,0.073678663,3.8,2856.282,120.944
Low Fat,Health and Hygiene,117.6492,Tier 3,Medium,Supermarket Type2,0.037734334,3.8,347.5476,98.1042
Low Fat,Health and Hygiene,164.7184,Tier 3,Medium,Supermarket Type2,0.041907648,3.8,3962.8416,36.2216
Low Fat,Health and Hygiene,222.6088,Tier 3,Medium,Supermarket Type2,0.012689327,3.8,6040.1376,39.7506
Low Fat,Health and Hygiene,45.4718,Tier 3,Medium,Supermarket Type2,0.114066204,3.8,1323.6104,233.03
Low Fat,Household,157.5604,Tier 3,Medium,Supermarket Type2,0.044991294,3.8,5704.5744,59.2562
Low Fat,Household,125.1388,Tier 3,Medium,Supermarket Type2,0.064022881,3.8,1114.5492,36.0848
Low Fat,Meat,49.5376,Tier 3,Medium,Supermarket Type2,0.098814721,3.8,1006.6896,100.5042
Low Fat,Others,38.8138,Tier 3,Medium,Supermarket Type2,0.047290068,3.8,690.4346,100.5016
Low Fat,Snack Foods,125.8362,Tier 3,Medium,Supermarket Type2,0.162903525,3.8,2516.724,104.9622
Low Fat,Snack Foods,102.0648,Tier 3,Medium,Supermarket Type2,0.015341139,3.8,1038.648,200.0084
Low Fat,Soft Drinks,110.757,Tier 3,Medium,Supermarket Type2,0.041112694,3.8,1208.427,142.0154
Low Fat,Soft Drinks,103.3306,Tier 3,Medium,Supermarket Type2,0.024756031,3.8,522.653,83.8592
Regular,Baking Goods,255.7988,Tier 3,Medium,Supermarket Type2,0.066051758,3.8,9251.9568,187.724
Regular,Baking Goods,263.291,Tier 3,Medium,Supermarket Type2,0.030274175,3.8,525.982,98.5384
Regular,Canned,122.0098,Tier 3,Medium,Supermarket Type2,0.030819397,3.8,2048.6666,86.054
Regular,Dairy,254.2672,Tier 3,Medium,Supermarket Type2,0.114581955,3.8,10993.6896,94.3436
Regular,Fruits and Vegetables,40.348,Tier 3,Medium,Supermarket Type2,0.054066567,3.8,39.948,87.0856
Regular,Fruits and Vegetables,153.4314,Tier 3,Medium,Supermarket Type2,0.166032929,3.8,2482.1024,170.8764
Regular,Fruits and Vegetables,78.8986,Tier 3,Medium,Supermarket Type2,0.016664252,3.8,1635.8706,47.9034
LF,Fruits and Vegetables,153.1998,Tier 3,Medium,Supermarket Type3,0.038377013,3.8,3383.5956,211.5586
Low Fat,Baking Goods,101.6674,Tier 3,Medium,Supermarket Type3,0.013861607,3.8,1426.1436,94.4462
Low Fat,Canned,217.585,Tier 3,Medium,Supermarket Type3,0.077790204,3.8,4327.7,93.0804
Low Fat,Canned,127.1336,Tier 3,Medium,Supermarket Type3,0.025702129,3.8,3579.3408,262.6226
Low Fat,Frozen Foods,158.2604,Tier 3,Medium,Supermarket Type3,0.018321361,3.8,2693.8268,255.3698
Low Fat,Fruits and Vegetables,138.118,Tier 3,Medium,Supermarket Type3,0.021498768,3.8,1957.452,111.5228
Low Fat,Fruits and Vegetables,172.9422,Tier 3,Medium,Supermarket Type3,0.057512481,3.8,2931.5174,62.5536
Low Fat,Fruits and Vegetables,259.6962,Tier 3,Medium,Supermarket Type3,0.015485016,3.8,5438.9202,185.6266
Low Fat,Fruits and Vegetables,170.579,Tier 3,Medium,Supermarket Type3,0.025612348,3.8,509.337,168.2474
Low Fat,Hard Drinks,62.151,Tier 3,Medium,Supermarket Type3,0.136532569,3.8,1201.769,159.6578
Low Fat,Hard Drinks,214.0218,Tier 3,Medium,Supermarket Type3,0.038549197,3.8,2564.6616,127.5362
Low Fat,Household,178.337,Tier 3,Medium,Supermarket Type3,0.077132215,3.8,1411.496,197.411
Low Fat,Household,127.1652,Tier 3,Medium,Supermarket Type3,0.166572501,3.8,1291.652,176.1712
Low Fat,Household,184.4608,Tier 3,Medium,Supermarket Type3,0.008604657,3.8,4042.7376,123.1756
Low Fat,Others,169.0816,Tier 3,Medium,Supermarket Type3,0.03976832,3.8,5201.2296,83.9908
Low Fat,Others,124.6046,Tier 3,Medium,Supermarket Type3,0.073012871,3.8,2863.6058,67.5142
Low Fat,Seafood,177.866,Tier 3,Medium,Supermarket Type3,0.053764023,3.8,1078.596,195.7768
Low Fat,Snack Foods,97.0068,Tier 3,Medium,Supermarket Type3,0.015693328,3.8,1846.9292,150.7366
Regular,Baking Goods,38.419,Tier 3,Medium,Supermarket Type3,0.127638966,3.8,476.047,104.5332
Regular,Canned,151.805,Tier 3,Medium,Supermarket Type3,0.027214272,3.8,2696.49,159.692
Regular,Canned,49.1034,Tier 3,Medium,Supermarket Type3,0.071806046,3.8,194.4136,186.5924
Regular,Canned,178.0344,Tier 3,Medium,Supermarket Type3,0.05336162,3.8,535.3032,200.1742
Regular,Canned,56.293,Tier 3,Medium,Supermarket Type3,0.138846289,3.8,2546.685,263.7884
Regular,Meat,97.2726,Tier 3,Medium,Supermarket Type3,0.015016891,3.8,195.7452,248.6408
Regular,Meat,110.1544,Tier 3,Medium,Supermarket Type3,0.095635061,3.8,111.8544,130.7942
Regular,Meat,183.9924,Tier 3,Medium,Supermarket Type3,0.096046304,3.8,6478.234,178.7028
Regular,Meat,44.777,Tier 3,Medium,Supermarket Type3,0.049435598,3.8,605.878,209.7586
Regular,Snack Foods,177.0054,Tier 3,Medium,Supermarket Type3,0.012203915,3.8,2976.7918,133.2284
low fat,Fruits and Vegetables,182.1608,Tier 3,Medium,Supermarket Type3,0.029640604,3.8,5880.3456,40.8138
Regular,Fruits and Vegetables,222.0772,Tier 3,Small,Grocery Store,0,3.7,889.5088,182.095
Low Fat,Breads,112.9176,Tier 2,Small,Supermarket Type1,0,3.7,3435.528,93.1436
Regular,Snack Foods,93.0462,Tier 3,Medium,Supermarket Type3,0.123111453,3.7,1110.5544,36.9874
Regular,Baking Goods,122.173,Tier 1,Small,Supermarket Type1,0.121632721,3.7,2586.633,60.622
Low Fat,Snack Foods,238.7564,Tier 1,Small,Supermarket Type1,0.173481304,3.7,1906.8512,194.511
Low Fat,Household,122.373,Tier 3,Medium,Supermarket Type3,0.028459761,3.7,2586.633,149.9708
Regular,Soft Drinks,93.1804,Tier 3,High,Supermarket Type1,0.024832806,3.7,1378.206,38.7822
Low Fat,Household,88.383,Tier 1,Small,Supermarket Type1,0.076855628,3.7,89.883,116.0492
Low Fat,Snack Foods,115.0518,Tier 2,Small,Supermarket Type1,0.155350299,3.7,683.1108,178.237
Low Fat,Fruits and Vegetables,54.1298,Tier 3,Medium,Supermarket Type3,0.077367431,3.7,1348.245,97.0094
Low Fat,Household,55.4272,Tier 3,Medium,Supermarket Type3,0.025578526,3.7,111.8544,198.8084
reg,Canned,226.9062,Tier 3,Medium,Supermarket Type3,0.101338651,3.7,4514.124,232.63
Regular,Snack Foods,233.8616,Tier 1,Small,Grocery Store,0.051643608,3.7,937.4464,107.3622
Low Fat,Baking Goods,188.1872,Tier 1,Medium,Supermarket Type1,0.031452265,3.7,2458.1336,94.3462
Regular,Fruits and Vegetables,264.3568,Tier 1,Medium,Supermarket Type1,0.022460102,3.7,4745.8224,226.8036
Low Fat,Others,91.0146,Tier 2,Small,Supermarket Type1,0.039954281,3.7,3466.1548,82.4908
Low Fat,Others,154.463,Tier 3,Medium,Grocery Store,0.111685868,3.7,2503.408,184.7924
Regular,Fruits and Vegetables,148.2418,Tier 1,Medium,Supermarket Type1,0.041622264,3.7,3089.9778,124.0072
Low Fat,Hard Drinks,111.3544,Tier 3,Medium,Supermarket Type2,0.07226985,3.7,1342.2528,254.104
Regular,Snack Foods,114.0492,Tier 3,Medium,Supermarket Type3,0.116915909,3.7,3938.8728,159.4578
Regular,Dairy,184.0608,Tier 2,Medium,Supermarket Type1,0,3.7,2021.3688,264.791
Low Fat,Canned,84.1224,Tier 1,Small,Supermarket Type1,0.141642219,3.7,170.4448,168.1132
Low Fat,Snack Foods,128.7994,Tier 3,High,Supermarket Type1,0.038494623,3.7,1927.491,240.2564
Regular,Starchy Foods,110.2912,Tier 3,Medium,Grocery Store,0.073480266,3.7,873.5296,58.8904
Regular,Snack Foods,142.2838,Tier 3,Medium,Supermarket Type2,0.020961192,3.7,421.4514,62.0194
Low Fat,Fruits and Vegetables,98.1726,Tier 2,Small,Supermarket Type1,0.105577348,3.7,587.2356,85.6908
Low Fat,Snack Foods,141.8838,Tier 3,High,Supermarket Type1,0.049263979,3.7,280.9676,195.0478
Low Fat,Dairy,87.3856,Tier 2,Medium,Supermarket Type1,0.175033524,3.7,878.856,55.5298
Low Fat,Breakfast,236.0248,Tier 2,Medium,Supermarket Type1,0.061405051,3.7,6636.6944,166.3526
Low Fat,Fruits and Vegetables,162.4894,Tier 3,High,Supermarket Type1,0.025715562,3.7,1779.6834,168.1474
LF,Frozen Foods,98.7384,Tier 1,Medium,Supermarket Type1,0.021883368,3.7,492.692,263.791
LF,Frozen Foods,145.5786,Tier 1,Medium,Supermarket Type1,0.041803291,3.7,3900.9222,110.3912
LF,Fruits and Vegetables,228.6352,Tier 1,Medium,Supermarket Type1,0.04363058,3.7,3435.528,148.2418
Low Fat,Baking Goods,185.424,Tier 1,Medium,Supermarket Type1,0.057021156,3.7,5219.872,106.8622
Low Fat,Dairy,165.7868,Tier 1,Medium,Supermarket Type1,0.122761775,3.7,4913.604,124.373
Low Fat,Frozen Foods,180.3318,Tier 1,Medium,Supermarket Type1,0.117095014,3.7,4149.9314,78.067
Low Fat,Hard Drinks,119.0098,Tier 1,Medium,Supermarket Type1,0.064241345,3.7,2530.7058,45.206
Low Fat,Health and Hygiene,151.934,Tier 1,Medium,Supermarket Type1,0.014482153,3.7,1837.608,182.295
Low Fat,Health and Hygiene,192.7478,Tier 1,Medium,Supermarket Type1,0.089917769,3.7,2131.2258,160.3604
Low Fat,Household,192.5136,Tier 1,Medium,Supermarket Type1,0.055514919,3.7,2916.204,112.5518
Low Fat,Household,218.4824,Tier 1,Medium,Supermarket Type1,0.023988387,3.7,1528.6768,104.5964
Low Fat,Snack Foods,152.4656,Tier 1,Medium,Supermarket Type1,0.031143591,3.7,2934.8464,183.9582
Low Fat,Snack Foods,262.7226,Tier 1,Medium,Supermarket Type1,0,3.7,3171.8712,220.7482
Low Fat,Snack Foods,100.27,Tier 1,Medium,Supermarket Type1,0.103603094,3.7,998.7,143.547
Low Fat,Snack Foods,99.7358,Tier 1,Medium,Supermarket Type1,0.015302653,3.7,1105.8938,198.0084
Regular,Baking Goods,61.5536,Tier 1,Medium,Supermarket Type1,0.094010215,3.7,918.804,95.2068
Regular,Breakfast,48.6376,Tier 1,Medium,Supermarket Type1,0.020750867,3.7,575.2512,128.7994
Regular,Fruits and Vegetables,234.2958,Tier 1,Medium,Supermarket Type1,0,3.7,3739.1328,227.5694
Regular,Fruits and Vegetables,112.6544,Tier 1,Medium,Supermarket Type1,0.065735977,3.7,2684.5056,189.6214
Regular,Soft Drinks,193.8478,Tier 1,Medium,Supermarket Type1,0.007055292,3.7,2712.4692,188.653
Low Fat,Baking Goods,230.2694,Tier 1,Small,Grocery Store,0.198316649,3.7,4567.388,54.3956
Low Fat,Fruits and Vegetables,228.4694,Tier 1,Small,Grocery Store,0.100493148,3.7,5480.8656,123.1046
Low Fat,Household,186.224,Tier 1,Small,Grocery Store,0.162856593,3.7,5033.448,54.5956
Low Fat,Household,185.9266,Tier 1,Small,Grocery Store,0.050901814,3.7,2581.9724,120.5414
Low Fat,Meat,164.8868,Tier 1,Small,Grocery Store,0.015664229,3.7,2456.802,122.2756
Low Fat,Meat,77.8012,Tier 1,Small,Grocery Store,0.121554149,3.7,227.7036,53.7324
Low Fat,Others,163.821,Tier 1,Small,Grocery Store,0.05486977,3.7,2120.573,40.548
Low Fat,Snack Foods,43.5744,Tier 1,Small,Grocery Store,0.13064231,3.7,407.4696,88.383
Low Fat,Snack Foods,113.6834,Tier 1,Small,Grocery Store,0.022074764,3.7,230.3668,141.418
Low Fat,Soft Drinks,89.8804,Tier 1,Small,Grocery Store,0.041821227,3.7,1286.3256,107.628
Regular,Canned,93.1146,Tier 1,Small,Grocery Store,0.093883945,3.7,2189.1504,200.4742
Regular,Canned,89.6514,Tier 1,Small,Grocery Store,0.021002171,3.7,1859.5794,185.1924
Regular,Fruits and Vegetables,85.5198,Tier 1,Small,Grocery Store,0.135375727,3.7,1744.396,256.133
Low Fat,Baking Goods,158.7578,Tier 1,Small,Supermarket Type1,0.080594133,3.7,2246.4092,80.996
Low Fat,Frozen Foods,171.0106,Tier 1,Small,Supermarket Type1,0.089816808,3.7,4106.6544,217.3192
Low Fat,Fruits and Vegetables,47.506,Tier 1,Small,Supermarket Type1,0.01742908,3.7,186.424,229.601
Low Fat,Fruits and Vegetables,44.7744,Tier 1,Small,Supermarket Type1,0.037622954,3.7,181.0976,110.7886
Low Fat,Fruits and Vegetables,84.854,Tier 1,Small,Supermarket Type1,0.03856376,3.7,778.986,209.2586
Low Fat,Fruits and Vegetables,156.2314,Tier 1,Small,Supermarket Type1,0.020605032,3.7,2947.4966,91.083
Low Fat,Health and Hygiene,86.4198,Tier 1,Small,Supermarket Type1,0.018813601,3.7,1918.8356,237.988
Low Fat,Household,177.037,Tier 1,Small,Supermarket Type1,0.041227831,3.7,3705.177,129.831
Low Fat,Others,159.5578,Tier 1,Small,Supermarket Type1,0.009776268,3.7,1283.6624,213.756
Low Fat,Soft Drinks,261.3252,Tier 1,Small,Supermarket Type1,0.020326962,3.7,3410.2276,216.7508
Regular,Baking Goods,126.7994,Tier 1,Small,Supermarket Type1,0.062343432,3.7,1284.994,199.7426
Regular,Frozen Foods,40.5822,Tier 1,Small,Supermarket Type1,0.077164595,3.7,785.644,172.5106
Regular,Fruits and Vegetables,49.3008,Tier 1,Small,Supermarket Type1,0.119462225,3.7,1518.024,182.7976
LF,Health and Hygiene,187.7898,Tier 2,Medium,Supermarket Type1,0.008578539,3.7,2245.0776,117.6492
LF,Fruits and Vegetables,175.2028,Tier 2,Medium,Supermarket Type1,0.022924552,3.7,4427.57,157.892
LF,Fruits and Vegetables,100.7332,Tier 2,Medium,Supermarket Type1,0,3.7,1230.3984,216.9192
Low Fat,Canned,195.5452,Tier 2,Medium,Supermarket Type1,0.050853901,3.7,1174.4712,121.7072
Low Fat,Canned,162.8526,Tier 2,Medium,Supermarket Type1,0.089186275,3.7,493.3578,145.3786
Low Fat,Frozen Foods,196.2426,Tier 2,Medium,Supermarket Type1,0.089998959,3.7,2570.6538,215.1192
Low Fat,Fruits and Vegetables,60.6536,Tier 2,Medium,Supermarket Type1,0.120788077,3.7,980.0576,45.706
Low Fat,Fruits and Vegetables,259.7936,Tier 2,Medium,Supermarket Type1,0.038641968,3.7,2609.936,212.1586
Low Fat,Hard Drinks,176.3396,Tier 2,Small,Supermarket Type1,0.030765898,3.7,1395.5168,43.277
Low Fat,Health and Hygiene,109.5228,Tier 2,Small,Supermarket Type1,0.036308404,3.7,3426.2068,175.4028
Low Fat,Household,258.3278,Tier 2,Small,Supermarket Type1,0.061102235,3.7,7028.8506,253.2698
Low Fat,Others,76.3986,Tier 2,Small,Supermarket Type1,0.030568919,3.7,1402.1748,177.866
Low Fat,Snack Foods,165.1526,Tier 2,Small,Supermarket Type1,0.056945936,3.7,164.4526,214.6218
Low Fat,Baking Goods,159.5578,Tier 2,Small,Supermarket Type1,0.046214971,3.7,2085.9514,199.8084
Low Fat,Canned,120.5414,Tier 2,Small,Supermarket Type1,0.026832182,3.7,365.5242,57.3246
Low Fat,Frozen Foods,231.3668,Tier 2,Small,Supermarket Type1,0,3.7,4607.336,54.6614
Low Fat,Frozen Foods,97.3042,Tier 2,Small,Supermarket Type1,0.05661033,3.7,1091.2462,41.7454
Low Fat,Health and Hygiene,225.172,Tier 2,Small,Supermarket Type1,0.073794811,3.7,3395.58,121.444
Low Fat,Household,89.583,Tier 2,Small,Supermarket Type1,0,3.7,1797.66,119.1098
Low Fat,Meat,257.2962,Tier 2,High,Supermarket Type1,0.008997141,3.7,517.9924,119.9756
Low Fat,Soft Drinks,140.2496,Tier 2,High,Supermarket Type1,0.05674821,3.7,4093.3384,144.3812
Regular,Fruits and Vegetables,214.5192,Tier 2,High,Supermarket Type1,0.107274301,3.7,2804.3496,145.5786
Regular,Fruits and Vegetables,164.6184,Tier 2,High,Supermarket Type1,0.013623294,3.7,3797.7232,109.3596
Regular,Fruits and Vegetables,172.0422,Tier 2,High,Supermarket Type1,0.021501067,3.7,5690.5926,122.2098
Regular,Snack Foods,217.1192,Tier 2,High,Supermarket Type1,0.027399064,3.7,3235.788,258.3304
Regular,Snack Foods,225.6062,Tier 2,High,Supermarket Type1,0.138585859,3.7,1579.9434,252.4724
Regular,Starchy Foods,158.1604,Tier 2,High,Supermarket Type1,0,3.7,1901.5248,223.8062
Regular,Breads,177.8686,Tier 2,High,Supermarket Type1,0.081916124,3.7,4621.9836,167.6816
Regular,Canned,98.6726,Tier 2,High,Supermarket Type1,0.008238064,3.7,782.9808,101.9674
Regular,Frozen Foods,36.6532,Tier 2,High,Supermarket Type1,0.126313413,3.7,755.0172,100.6358
Regular,Frozen Foods,86.2856,Tier 2,High,Supermarket Type1,0.052708138,3.7,1406.1696,114.7176
Regular,Snack Foods,93.1804,Tier 2,Medium,Supermarket Type1,0.040587146,3.7,1194.4452,180.366
Regular,Snack Foods,81.2618,Tier 2,Medium,Supermarket Type1,0.012332667,3.7,402.809,130.0284
Low Fat,Baking Goods,125.2678,Tier 2,Small,Supermarket Type1,0.054920146,3.7,127.1678,195.8452
Low Fat,Breads,121.5414,Tier 2,Small,Supermarket Type1,0.021719387,3.7,2436.828,163.1184
Low Fat,Canned,122.9072,Tier 2,Small,Supermarket Type1,0.021581922,3.7,4532.7664,53.3982
Low Fat,Dairy,193.5478,Tier 2,Small,Supermarket Type1,0.057049301,3.7,4649.9472,225.9404
Low Fat,Dairy,241.6828,Tier 2,Small,Supermarket Type1,0.024222321,3.7,4873.656,45.5718
Low Fat,Frozen Foods,77.2986,Tier 2,Small,Supermarket Type1,0.115307979,3.7,1246.3776,97.0094
Low Fat,Frozen Foods,262.9594,Tier 2,Small,Supermarket Type1,0.006061565,3.7,5233.188,188.9898
Low Fat,Frozen Foods,153.9998,Tier 2,Small,Supermarket Type1,0.139426044,3.7,5229.1932,148.3392
Low Fat,Health and Hygiene,152.2998,Tier 2,Small,Supermarket Type1,0.019382568,3.7,3075.996,129.3994
Low Fat,Health and Hygiene,57.3246,Tier 2,Small,Supermarket Type1,0.025281802,3.7,1332.2658,152.0024
Low Fat,Household,169.6474,Tier 2,Small,Supermarket Type1,0.024882614,3.7,2526.711,149.4392
Low Fat,Household,158.4604,Tier 2,Small,Supermarket Type1,0.080277707,3.7,158.4604,47.2718
Low Fat,Household,111.786,Tier 2,Small,Supermarket Type1,0.021421289,3.7,1697.79,248.375
Low Fat,Snack Foods,115.7518,Tier 2,Small,Supermarket Type1,0,3.7,5351.0346,197.2452
Low Fat,Snack Foods,158.9604,Tier 2,Small,Supermarket Type1,0.064351908,3.7,1743.0644,259.4646
Regular,Breads,48.8034,Tier 2,Small,Supermarket Type1,0.168154574,3.7,340.2238,33.7874
Regular,Breakfast,146.6102,Tier 2,Small,Supermarket Type1,0.125200788,3.7,2770.3938,41.648
Regular,Dairy,128.4678,Tier 2,Small,Supermarket Type1,0.09644909,3.7,508.6712,43.8086
Regular,Dairy,103.7964,Tier 2,Small,Supermarket Type1,0.143990173,3.7,210.3928,239.6222
Regular,Frozen Foods,180.266,Tier 2,Small,Supermarket Type1,0.036020711,3.7,1617.894,177.2712
Regular,Frozen Foods,198.8742,Tier 2,Small,Supermarket Type1,0.125579201,3.7,5773.1518,99.7358
Regular,Frozen Foods,65.6168,Tier 2,Small,Supermarket Type1,0.049579883,3.7,383.5008,110.0912
Regular,Fruits and Vegetables,79.8986,Tier 2,Small,Supermarket Type1,0.03525037,3.7,1090.5804,160.9578
Regular,Snack Foods,162.1578,Tier 2,Small,Supermarket Type1,0.056861638,3.7,1283.6624,231.5984
reg,Canned,166.5474,Tier 2,Small,Supermarket Type1,0.032152786,3.7,4379.6324,157.3972
Low Fat,Dairy,125.7046,Tier 3,Medium,Grocery Store,0.156307983,3.7,3237.1196,196.3426
Low Fat,Frozen Foods,163.9842,Tier 3,Medium,Grocery Store,0.03830192,3.7,331.5684,261.2594
Low Fat,Frozen Foods,208.3954,Tier 3,Medium,Grocery Store,0.036590807,3.7,1041.977,193.3162
Low Fat,Frozen Foods,195.311,Tier 3,Medium,Grocery Store,0.02346559,3.7,3338.987,35.219
Low Fat,Fruits and Vegetables,120.0756,Tier 3,Medium,Grocery Store,0.036159635,3.7,2302.3364,110.7228
Low Fat,Health and Hygiene,165.2868,Tier 3,Medium,Grocery Store,0.162462044,3.7,3111.9492,117.6492
Low Fat,Household,106.8622,Tier 3,Medium,Grocery Store,0.061330521,3.7,2011.3818,178.7318
Low Fat,Household,121.9098,Tier 3,High,Grocery Store,0.129731747,3.7,3374.2744,196.211
Low Fat,Snack Foods,167.2816,Tier 3,High,Grocery Store,0.086145867,3.7,2013.3792,258.362
Low Fat,Snack Foods,147.7102,Tier 3,High,Grocery Store,0.034427577,3.7,1895.5326,146.6734
Regular,Dairy,114.2492,Tier 3,High,Grocery Store,0.121174241,3.7,1853.5872,47.8692
Regular,Dairy,159.7604,Tier 3,High,Grocery Store,0.071335395,3.7,2693.8268,120.3782
Regular,Fruits and Vegetables,125.2362,Tier 3,High,Grocery Store,0.075291577,3.7,1384.1982,119.1808
Regular,Meat,179.9318,Tier 3,High,Grocery Store,0.071440118,3.7,2706.477,182.295
low fat,Baking Goods,194.1478,Tier 3,Small,Grocery Store,0.04774013,3.7,1162.4868,195.0136
Low Fat,Baking Goods,44.477,Tier 3,High,Supermarket Type1,0.077849003,3.7,865.54,179.166
Low Fat,Canned,41.048,Tier 3,High,Supermarket Type1,0.050708743,3.7,479.376,123.4072
Low Fat,Canned,174.837,Tier 3,High,Supermarket Type1,0,3.7,5469.547,46.5376
Low Fat,Frozen Foods,148.3392,Tier 3,High,Supermarket Type1,0.119285634,3.7,3877.6192,247.4434
Low Fat,Frozen Foods,46.6086,Tier 3,High,Supermarket Type1,0.104591027,3.7,624.5204,121.4072
Low Fat,Fruits and Vegetables,44.906,Tier 3,High,Supermarket Type1,0.042930789,3.7,652.484,88.5172
Low Fat,Fruits and Vegetables,118.9124,Tier 3,High,Supermarket Type1,0.072238195,3.7,2844.2976,47.5034
Low Fat,Health and Hygiene,266.5884,Tier 3,High,Supermarket Type1,0.050011058,3.7,1324.942,126.7336
Low Fat,Health and Hygiene,115.6808,Tier 3,High,Supermarket Type1,0.054585372,3.7,1406.1696,196.5084
Low Fat,Household,195.111,Tier 3,High,Supermarket Type1,0.092589917,3.7,5303.097,159.5604
Low Fat,Household,124.6388,Tier 3,High,Supermarket Type1,0.040338009,3.7,2105.2596,246.7144
Low Fat,Household,120.344,Tier 3,High,Supermarket Type1,0.015711807,3.7,3835.008,181.8608
Low Fat,Household,190.9162,Tier 3,High,Supermarket Type1,0.023931217,3.7,5195.2374,103.1964
Low Fat,Seafood,48.6034,Tier 3,High,Supermarket Type1,0.033830011,3.7,194.4136,111.686
Low Fat,Snack Foods,263.0226,Tier 3,High,Supermarket Type1,0.096132367,3.7,6079.4198,208.9612
Low Fat,Snack Foods,76.2012,Tier 3,High,Supermarket Type1,0.127983545,3.7,1669.8264,107.6622
Low Fat,Soft Drinks,114.715,Tier 3,High,Supermarket Type1,0.070721656,3.7,815.605,113.286
Low Fat,Soft Drinks,64.251,Tier 3,High,Supermarket Type1,0,3.7,1328.271,129.9652
Regular,Breads,54.893,Tier 3,High,Supermarket Type1,0.034575546,3.7,679.116,156.5288
Regular,Dairy,81.7618,Tier 3,High,Supermarket Type1,0.045425939,3.7,966.7416,144.9102
Regular,Soft Drinks,171.1106,Tier 3,High,Supermarket Type1,0.151827552,3.7,3593.3226,43.0086
Regular,Starchy Foods,58.7588,Tier 3,High,Supermarket Type1,0.142292265,3.7,400.8116,171.3448
low fat,Household,124.2362,Tier 3,High,Supermarket Type1,0.099242622,3.7,1887.543,46.306
reg,Dairy,98.441,Tier 3,High,Supermarket Type1,0.143897558,3.7,96.541,240.6222
LF,Fruits and Vegetables,167.1184,Tier 3,Medium,Supermarket Type2,0.053439522,3.7,2476.776,55.093
Low Fat,Dairy,134.4942,Tier 3,Medium,Supermarket Type2,0.057771828,3.7,1854.9188,85.3566
Low Fat,Frozen Foods,74.9696,Tier 3,Medium,Supermarket Type2,0,3.7,2162.5184,40.8822
Low Fat,Frozen Foods,96.3094,Tier 3,Medium,Supermarket Type2,0,3.7,666.4658,224.1062
Low Fat,Fruits and Vegetables,175.7712,Tier 3,Medium,Supermarket Type2,0.100164204,3.7,351.5424,113.6518
Low Fat,Fruits and Vegetables,180.1976,Tier 3,Medium,Supermarket Type2,0,3.7,181.0976,196.3426
Low Fat,Health and Hygiene,108.6912,Tier 3,Medium,Supermarket Type2,0.017108186,3.7,2183.824,110.3228
Low Fat,Household,188.0556,Tier 3,Medium,Supermarket Type2,0.072965144,3.7,2065.3116,160.692
Low Fat,Meat,223.5088,Tier 3,Medium,Supermarket Type2,0.014482278,3.7,4697.8848,118.115
Low Fat,Meat,96.1068,Tier 3,Medium,Supermarket Type2,0.046824729,3.7,1846.9292,153.6682
Low Fat,Others,186.3924,Tier 3,Medium,Supermarket Type2,0.040124625,3.7,1665.8316,85.1908
Low Fat,Seafood,97.7384,Tier 3,Medium,Supermarket Type2,0.054245722,3.7,591.2304,196.0768
Low Fat,Snack Foods,144.747,Tier 3,Medium,Supermarket Type2,0.142393712,3.7,143.147,122.7072
Low Fat,Snack Foods,231.201,Tier 3,Medium,Supermarket Type2,0.054277132,3.7,6201.927,117.3466
Low Fat,Starchy Foods,47.5034,Tier 3,Medium,Supermarket Type2,0.123338082,3.7,972.068,206.1638
Regular,Baking Goods,211.9218,Tier 3,Medium,Supermarket Type2,0.062597392,3.7,3419.5488,196.9426
Regular,Dairy,45.2744,Tier 3,Medium,Supermarket Type2,0.037852995,3.7,679.116,126.2704
Regular,Frozen Foods,54.2982,Tier 3,Medium,Supermarket Type2,0.051702257,3.7,1104.5622,125.8678
Regular,Fruits and Vegetables,60.4562,Tier 3,Medium,Supermarket Type2,0,3.7,1777.686,89.8856
low fat,Canned,116.7834,Tier 3,Medium,Supermarket Type2,0.025932408,3.7,2303.668,264.7226
reg,Fruits and Vegetables,110.0912,Tier 3,Medium,Supermarket Type2,0.046962004,3.7,1965.4416,173.8422
Low Fat,Frozen Foods,178.2686,Tier 3,Medium,Supermarket Type3,0.099589909,3.7,1955.4546,109.1886
Low Fat,Household,43.6744,Tier 3,Medium,Supermarket Type3,0.028410335,3.7,407.4696,158.0604
Low Fat,Household,105.628,Tier 3,Medium,Supermarket Type3,0.034141213,3.7,1384.864,211.9218
Low Fat,Meat,168.4158,Tier 3,Medium,Supermarket Type3,0.035863436,3.7,1504.0422,58.3562
Low Fat,Snack Foods,197.7426,Tier 3,Medium,Supermarket Type3,0.009534758,3.7,2570.6538,64.551
Low Fat,Snack Foods,73.838,Tier 3,Medium,Supermarket Type3,0.030944666,3.7,1245.046,186.6582
Low Fat,Snack Foods,248.175,Tier 3,Medium,Supermarket Type3,0.079904068,3.7,3495.45,120.044
Low Fat,Snack Foods,247.2776,Tier 3,Medium,Supermarket Type3,0.075603699,3.7,743.0328,215.1218
Low Fat,Snack Foods,82.4934,Tier 3,Medium,Supermarket Type3,0.029595637,3.7,982.7208,40.9822
Low Fat,Soft Drinks,107.0622,Tier 3,Medium,Supermarket Type3,0.034286109,3.7,1376.2086,173.1422
Regular,Baking Goods,172.5106,Tier 3,Medium,Supermarket Type3,0,3.7,2053.3272,75.9328
Regular,Breads,152.3708,Tier 3,Medium,Supermarket Type3,0.02439015,3.7,3159.8868,95.9068
Regular,Dairy,49.4376,Tier 3,Medium,Supermarket Type3,0.014721719,3.7,191.7504,193.6162
Regular,Fruits and Vegetables,40.8138,Tier 3,Medium,Supermarket Type3,0.071106549,3.7,1543.3244,60.5536
Regular,Snack Foods,146.9418,Tier 3,Medium,Supermarket Type3,0.010864186,3.7,1029.9926,185.3608
Regular,Soft Drinks,224.4404,Tier 3,Medium,Supermarket Type3,0.019107027,3.7,1800.3232,48.4692
Regular,Starchy Foods,40.048,Tier 3,Medium,Supermarket Type3,0.065860323,3.7,399.48,81.896
Regular,Snack Foods,144.6102,Tier 3,High,Supermarket Type1,0.012741089,3.6,2916.204,57.6588
Low Fat,Canned,175.3028,Tier 2,Small,Supermarket Type1,0.011324862,3.6,3719.1588,189.6188
Regular,Canned,262.2568,Tier 3,High,Supermarket Type1,0.0467696,3.6,5273.136,141.1838
Regular,Baking Goods,151.9682,Tier 2,Small,Supermarket Type1,0,3.6,3354.3004,121.3098
Low Fat,Household,180.3318,Tier 2,Small,Supermarket Type1,0.019866705,3.6,3428.2042,154.5972
Low Fat,Breads,240.1564,Tier 3,Medium,Supermarket Type2,0.0489808,3.6,7150.692,61.9194
Regular,Dairy,81.8618,Tier 3,Medium,Supermarket Type3,0.098663652,3.6,161.1236,62.9194
Regular,Seafood,147.7734,Tier 3,Medium,Supermarket Type3,0.13956116,3.6,4602.6754,170.4764
Low Fat,Snack Foods,245.646,Tier 2,Small,Supermarket Type1,0.033968647,3.6,3695.19,148.0076
LF,Dairy,39.9454,Tier 2,Small,Supermarket Type1,0.178975721,3.6,377.5086,155.5288
Regular,Soft Drinks,81.6276,Tier 1,Small,Supermarket Type1,0,3.6,1787.0072,39.3822
low fat,Baking Goods,88.9198,Tier 1,Small,Supermarket Type1,0,3.6,3139.9128,76.8354
reg,Fruits and Vegetables,189.7188,Tier 2,Small,Supermarket Type1,0.105646853,3.6,2285.0256,42.8796
Regular,Snack Foods,231.33,Tier 1,Medium,Supermarket Type1,0.03033748,3.6,4660.6,222.9114
Regular,Meat,47.2744,Tier 3,Medium,Supermarket Type2,0.179806961,3.6,679.116,95.2752
Regular,Snack Foods,145.8444,Tier 3,Medium,Supermarket Type3,0.122830885,3.6,3773.7544,86.9514
Low Fat,Household,56.7614,Tier 3,High,Supermarket Type1,0.094083303,3.6,1049.9666,252.2698
Regular,Frozen Foods,187.324,Tier 2,Medium,Supermarket Type1,0.128682722,3.6,1864.24,178.437
Regular,Baking Goods,104.4332,Tier 3,Medium,Supermarket Type2,0.048339408,3.6,307.5996,41.5138
Regular,Snack Foods,262.1568,Tier 3,Medium,Grocery Store,0.021343732,3.6,527.3136,58.3588
LF,Baking Goods,158.5578,Tier 1,Medium,Supermarket Type1,0.021306635,3.6,2406.867,119.8124
Low Fat,Dairy,43.2796,Tier 1,Medium,Supermarket Type1,0.102670882,3.6,123.8388,228.6352
Low Fat,Fruits and Vegetables,140.3838,Tier 1,Medium,Supermarket Type1,0.031151714,3.6,1826.2894,158.7578
Low Fat,Hard Drinks,142.5786,Tier 1,Medium,Supermarket Type1,0.135944247,3.6,3323.0078,172.0422
Low Fat,Household,165.3526,Tier 1,Medium,Supermarket Type1,0.01545846,3.6,3453.5046,166.0526
Regular,Canned,263.791,Tier 1,Medium,Supermarket Type1,0.083643716,3.6,2103.928,196.0426
Regular,Fruits and Vegetables,121.8414,Tier 1,Medium,Supermarket Type1,0,3.6,243.6828,156.4946
Low Fat,Frozen Foods,39.1164,Tier 1,Small,Grocery Store,0.294939214,3.6,1235.7248,47.106
Low Fat,Hard Drinks,232.3668,Tier 1,Small,Grocery Store,0.018847114,3.6,3685.8688,148.0392
Low Fat,Others,114.2492,Tier 1,Small,Grocery Store,0.040520754,3.6,463.3968,153.934
Low Fat,Snack Foods,173.408,Tier 1,Small,Grocery Store,0.160665697,3.6,1038.648,227.5352
Low Fat,Snack Foods,62.0168,Tier 1,Small,Grocery Store,0.053939315,3.6,1534.0032,52.1008
Regular,Canned,251.8698,Tier 1,Small,Grocery Store,0.235183205,3.6,3551.3772,41.548
Regular,Meat,144.247,Tier 1,Small,Grocery Store,0.064577332,3.6,3149.234,230.5352
Regular,Snack Foods,190.2872,Tier 1,Small,Grocery Store,0,3.6,4727.18,262.891
LF,Frozen Foods,173.5422,Tier 1,Small,Supermarket Type1,0.032626952,3.6,5000.8238,235.9906
LF,Fruits and Vegetables,150.3392,Tier 1,Small,Supermarket Type1,0.023971463,3.6,447.4176,54.0272
LF,Household,60.2878,Tier 1,Small,Supermarket Type1,0.014024028,3.6,1151.1682,224.5746
Low Fat,Canned,258.8988,Tier 1,Small,Supermarket Type1,0.097884718,3.6,3083.9856,52.5324
Low Fat,Dairy,183.8292,Tier 1,Small,Supermarket Type1,0.087175137,3.6,2554.0088,98.341
Low Fat,Fruits and Vegetables,177.2028,Tier 1,Small,Supermarket Type1,0.020547951,3.6,3364.9532,51.2324
Low Fat,Fruits and Vegetables,216.6192,Tier 1,Small,Supermarket Type1,0.022399592,3.6,215.7192,96.0094
Low Fat,Hard Drinks,209.627,Tier 1,Small,Supermarket Type1,0,3.6,3984.813,108.9596
Low Fat,Household,144.6102,Tier 1,Small,Supermarket Type1,0.025702994,3.6,2187.153,199.9084
Low Fat,Household,92.312,Tier 1,Small,Supermarket Type1,0.011820087,3.6,372.848,151.634
Low Fat,Snack Foods,40.1164,Tier 1,Small,Supermarket Type1,0.084966021,3.6,540.6296,111.1912
Low Fat,Snack Foods,186.924,Tier 1,Small,Supermarket Type1,0.044823438,3.6,3169.208,174.2054
Low Fat,Snack Foods,229.0036,Tier 1,Small,Supermarket Type1,0,3.6,4326.3684,156.163
Regular,Breads,94.1462,Tier 1,Small,Supermarket Type1,0.075507758,3.6,2221.1088,146.4444
Regular,Frozen Foods,63.0536,Tier 1,Small,Supermarket Type1,0.12152072,3.6,1225.072,118.0466
Regular,Fruits and Vegetables,143.3128,Tier 1,Small,Supermarket Type1,0.087406863,3.6,1438.128,221.8456
Regular,Fruits and Vegetables,119.144,Tier 1,Small,Supermarket Type1,0.074059474,3.6,3235.788,209.0638
low fat,Household,45.4744,Tier 1,Small,Supermarket Type1,0.103442268,3.6,1041.3112,170.8448
LF,Household,150.4734,Tier 2,Medium,Supermarket Type1,0,3.6,890.8404,115.4518
Low Fat,Canned,93.0436,Tier 2,Medium,Supermarket Type1,0.047879864,3.6,2363.59,250.2092
Low Fat,Dairy,179.066,Tier 2,Medium,Supermarket Type1,0.042923652,3.6,2696.49,178.3028
Low Fat,Frozen Foods,163.2894,Tier 2,Medium,Supermarket Type1,0.016645164,3.6,4530.1032,120.9098
Low Fat,Fruits and Vegetables,175.237,Tier 2,Medium,Supermarket Type1,0.029845243,3.6,2117.244,41.6138
Low Fat,Health and Hygiene,121.8098,Tier 2,Small,Supermarket Type1,0.032687702,3.6,2048.6666,140.9154
Low Fat,Others,106.7938,Tier 2,Small,Supermarket Type1,0.011212719,3.6,3215.814,55.6614
Low Fat,Snack Foods,62.4536,Tier 2,Small,Supermarket Type1,0.074496043,3.6,1225.072,251.9724
Low Fat,Snack Foods,154.434,Tier 2,Small,Supermarket Type1,0.028476451,3.6,1378.206,91.0146
Low Fat,Soft Drinks,46.1718,Tier 2,Small,Supermarket Type1,0.021293097,3.6,94.5436,151.9024
Low Fat,Canned,146.576,Tier 2,Small,Supermarket Type1,0.104058452,3.6,439.428,102.499
Low Fat,Health and Hygiene,94.4094,Tier 2,Small,Supermarket Type1,0.025429614,3.6,1047.3034,151.7024
Low Fat,Household,43.4744,Tier 2,Small,Supermarket Type1,0.011072173,3.6,543.2928,257.8962
Low Fat,Household,172.3422,Tier 2,Small,Supermarket Type1,0.083221904,3.6,2586.633,174.5054
Low Fat,Household,105.4622,Tier 2,High,Supermarket Type1,0.168329848,3.6,952.7598,176.7712
Low Fat,Household,84.654,Tier 2,High,Supermarket Type1,0.032954044,3.6,1211.756,39.3822
Low Fat,Others,99.8674,Tier 2,High,Supermarket Type1,0.047364617,3.6,2342.9502,100.0016
Low Fat,Snack Foods,95.9068,Tier 2,High,Supermarket Type1,0.117201696,3.6,3207.8244,184.0266
Regular,Breakfast,85.9566,Tier 2,High,Supermarket Type1,0.056432784,3.6,1691.132,234.93
Regular,Frozen Foods,173.8738,Tier 2,High,Supermarket Type1,0.064143995,3.6,2432.8332,85.9566
Regular,Meat,224.1772,Tier 2,High,Supermarket Type1,0.096295326,3.6,2890.9036,133.4942
Regular,Snack Foods,40.6454,Tier 2,High,Supermarket Type1,0.007160908,3.6,167.7816,39.348
Regular,Baking Goods,115.5834,Tier 2,High,Supermarket Type1,0.066155883,3.6,1382.2008,184.424
Regular,Baking Goods,158.263,Tier 2,High,Supermarket Type1,0.035773394,3.6,2659.871,144.3444
Regular,Breakfast,48.2034,Tier 2,High,Supermarket Type1,0.157718931,3.6,97.2068,168.3474
Regular,Fruits and Vegetables,60.1562,Tier 2,Medium,Supermarket Type1,0.113045883,3.6,1599.9174,194.1478
Regular,Meat,150.005,Tier 2,Medium,Supermarket Type1,0.057746382,3.6,1797.66,152.4366
low fat,Soft Drinks,92.4146,Tier 2,Medium,Supermarket Type1,0.052174319,3.6,1459.4336,240.3564
low fat,Snack Foods,177.0712,Tier 2,Medium,Supermarket Type1,0.044011225,3.6,351.5424,181.295
Low Fat,Breads,51.9008,Tier 2,Small,Supermarket Type1,0.069087481,3.6,708.4112,218.7166
Low Fat,Dairy,153.8024,Tier 2,Small,Supermarket Type1,0.097043739,3.6,7741.9224,57.493
Low Fat,Frozen Foods,109.3596,Tier 2,Small,Supermarket Type1,0.013634468,3.6,1186.4556,256.4304
Low Fat,Fruits and Vegetables,80.9276,Tier 2,Small,Supermarket Type1,0.043554614,3.6,487.3656,148.2418
Low Fat,Fruits and Vegetables,188.853,Tier 2,Small,Supermarket Type1,0.161458973,3.6,3225.801,37.819
Low Fat,Household,96.5726,Tier 2,Small,Supermarket Type1,0.027573983,3.6,2251.0698,176.6344
Low Fat,Snack Foods,244.317,Tier 2,Small,Supermarket Type1,0.033172957,3.6,8262.578,172.0422
Low Fat,Snack Foods,114.3176,Tier 2,Small,Supermarket Type1,0.036383293,3.6,1946.7992,91.0488
Low Fat,Soft Drinks,264.5568,Tier 2,Small,Supermarket Type1,0.03717912,3.6,6327.7632,162.5526
Regular,Frozen Foods,91.8462,Tier 2,Small,Supermarket Type1,0.0471117,3.6,2313.655,52.0666
Regular,Frozen Foods,184.824,Tier 2,Small,Supermarket Type1,0.066717378,3.6,3355.632,260.8962
Low Fat,Canned,102.3016,Tier 3,Medium,Grocery Store,0.14897741,3.6,1619.2256,143.0786
Low Fat,Fruits and Vegetables,246.646,Tier 3,Medium,Grocery Store,0.092272132,3.6,2463.46,128.7994
Low Fat,Household,230.5352,Tier 3,Medium,Grocery Store,0.134975628,3.6,687.1056,170.579
Low Fat,Household,252.3356,Tier 3,Medium,Grocery Store,0.148938624,3.6,3815.034,191.9504
Low Fat,Soft Drinks,89.7856,Tier 3,High,Grocery Store,0.068535039,3.6,966.7416,143.0154
Regular,Meat,113.2202,Tier 3,High,Grocery Store,0.025257508,3.6,2025.3636,248.5408
Regular,Snack Foods,148.4418,Tier 3,Small,Grocery Store,0.016635488,3.6,4119.9704,157.563
LF,Health and Hygiene,99.0384,Tier 3,High,Supermarket Type1,0.045380404,3.6,197.0768,148.4392
Low Fat,Canned,94.4094,Tier 3,High,Supermarket Type1,0.032075379,3.6,2856.282,50.9008
Low Fat,Canned,195.5478,Tier 3,High,Supermarket Type1,0.141524348,3.6,4262.4516,168.4132
Low Fat,Dairy,228.4668,Tier 3,High,Supermarket Type1,0.087102593,3.6,2534.0348,96.041
Low Fat,Fruits and Vegetables,181.6292,Tier 3,High,Supermarket Type1,0.042524835,3.6,2371.5796,228.372
Low Fat,Fruits and Vegetables,37.9848,Tier 3,High,Supermarket Type1,0.008757492,3.6,782.9808,120.8414
Low Fat,Fruits and Vegetables,226.6036,Tier 3,High,Supermarket Type1,0.014568036,3.6,6831.108,158.1262
Low Fat,Fruits and Vegetables,170.5422,Tier 3,High,Supermarket Type1,0.012264903,3.6,2759.0752,162.8894
Low Fat,Hard Drinks,95.141,Tier 3,High,Supermarket Type1,0.170176516,3.6,2220.443,55.2614
Low Fat,Health and Hygiene,150.4708,Tier 3,High,Supermarket Type1,0.12566436,3.6,2106.5912,123.473
Low Fat,Others,159.5604,Tier 3,High,Supermarket Type1,0.006754117,3.6,1901.5248,122.173
Low Fat,Others,117.615,Tier 3,High,Supermarket Type1,0.047197936,3.6,1514.695,114.1202
Low Fat,Snack Foods,41.8454,Tier 3,High,Supermarket Type1,0.118791698,3.6,41.9454,229.9694
Low Fat,Snack Foods,197.5452,Tier 3,High,Supermarket Type1,0.010031539,3.6,4306.3944,161.5552
Regular,Baking Goods,247.2092,Tier 3,High,Supermarket Type1,0.091096531,3.6,3486.1288,52.3008
Regular,Frozen Foods,36.6506,Tier 3,High,Supermarket Type1,0.072851756,3.6,455.4072,197.1426
Regular,Frozen Foods,120.1098,Tier 3,High,Supermarket Type1,0.058226609,3.6,2892.2352,85.2908
Regular,Fruits and Vegetables,216.4166,Tier 3,High,Supermarket Type1,0.0713931,3.6,2830.3158,61.0536
Regular,Fruits and Vegetables,130.7942,Tier 3,High,Supermarket Type1,0.065153295,3.6,2782.3782,88.4856
LF,Household,105.4622,Tier 3,Medium,Supermarket Type2,0.051146565,3.6,1905.5196,127.3678
LF,Snack Foods,120.2098,Tier 3,Medium,Supermarket Type2,0.171779865,3.6,602.549,126.0704
Low Fat,Baking Goods,210.6612,Tier 3,Medium,Supermarket Type2,0.174827835,3.6,2508.7344,127.2362
Low Fat,Frozen Foods,264.1884,Tier 3,Medium,Supermarket Type2,0,3.6,264.9884,148.005
Low Fat,Fruits and Vegetables,160.4262,Tier 3,Medium,Supermarket Type2,0.020688969,3.6,3182.524,88.183
Low Fat,Household,39.8506,Tier 3,Medium,Supermarket Type2,0.076036381,3.6,37.9506,153.9656
Low Fat,Household,242.1538,Tier 3,Medium,Supermarket Type2,0.125222705,3.6,4326.3684,113.3544
Low Fat,Household,123.373,Tier 3,Medium,Supermarket Type2,0.032152981,3.6,2093.941,102.0016
Low Fat,Household,60.6562,Tier 3,Medium,Supermarket Type2,0.100319317,3.6,592.562,188.6898
Low Fat,Meat,55.5588,Tier 3,Medium,Supermarket Type2,0.146767897,3.6,1145.176,102.3648
Low Fat,Snack Foods,40.248,Tier 3,Medium,Supermarket Type2,0.072278769,3.6,319.584,120.6098
Low Fat,Soft Drinks,191.1504,Tier 3,Medium,Supermarket Type2,0.113790879,3.6,1725.7536,185.3924
Regular,Dairy,177.3002,Tier 3,Medium,Supermarket Type2,0.128247408,3.6,3044.7034,121.844
Regular,Fruits and Vegetables,118.515,Tier 3,Medium,Supermarket Type2,0.145631695,3.6,1398.18,172.808
Regular,Snack Foods,74.8012,Tier 3,Medium,Supermarket Type2,0.085482761,3.6,303.6048,231.4668
Low Fat,Dairy,106.128,Tier 3,Medium,Supermarket Type3,0,3.6,1917.504,89.1856
Low Fat,Dairy,160.1578,Tier 3,Medium,Supermarket Type3,0.082150145,3.6,3048.6982,192.9504
Low Fat,Fruits and Vegetables,111.8518,Tier 3,Medium,Supermarket Type3,0.023339367,3.6,2277.036,94.8778
Low Fat,Fruits and Vegetables,246.9802,Tier 3,Medium,Supermarket Type3,0.056685383,3.6,5896.3248,178.437
Low Fat,Hard Drinks,240.3538,Tier 3,Medium,Supermarket Type3,0.086360962,3.6,4086.0146,151.2682
Low Fat,Household,65.7826,Tier 3,Medium,Supermarket Type3,0.006665667,3.6,968.739,164.1184
Low Fat,Household,125.6046,Tier 3,Medium,Supermarket Type3,0.024766802,3.6,1618.5598,151.0392
Low Fat,Household,164.5526,Tier 3,Medium,Supermarket Type3,0.065612808,3.6,2302.3364,62.351
Regular,Baking Goods,154.8972,Tier 3,Medium,Supermarket Type3,0.08186804,3.6,1713.7692,46.8034
Regular,Dairy,190.8872,Tier 3,Medium,Supermarket Type3,0.029578726,3.6,945.436,143.5786
Regular,Fruits and Vegetables,120.1124,Tier 3,Medium,Supermarket Type3,0.085392428,3.6,1896.1984,226.7694
Regular,Meat,96.7384,Tier 3,Medium,Supermarket Type3,0.017937483,3.6,2759.0752,103.499
Regular,Snack Foods,84.6908,Tier 3,Medium,Supermarket Type3,0.056328717,3.6,1006.6896,63.9168
Regular,Snack Foods,253.1014,Tier 3,Medium,Supermarket Type3,0.014143673,3.6,2805.0154,187.3872
Regular,Snack Foods,95.9726,Tier 3,Medium,Supermarket Type3,0.005935001,3.6,2153.1972,98.8358
reg,Frozen Foods,213.5902,Tier 3,Medium,Supermarket Type3,0.135118202,3.6,4460.1942,52.564
Regular,Frozen Foods,89.4172,Tier 2,Small,Supermarket Type1,0.016687114,3.5,1605.9096,96.9726
Regular,Snack Foods,174.1396,Tier 2,Small,Supermarket Type1,0.066693437,3.5,4012.1108,42.3112
Low Fat,Fruits and Vegetables,199.0426,Tier 3,Medium,Supermarket Type2,0,3.5,3361.6242,246.9144
Low Fat,Starchy Foods,156.9604,Tier 2,Small,Supermarket Type1,0,3.5,4278.4308,164.7526
Regular,Frozen Foods,169.7764,Tier 3,Medium,Supermarket Type2,0.073209447,3.5,3263.7516,197.6426
Low Fat,Household,97.2384,Tier 1,Small,Supermarket Type1,0.099325278,3.5,2660.5368,45.406
Regular,Starchy Foods,82.8592,Tier 3,High,Supermarket Type1,0.064565202,3.5,908.1512,92.9804
Low Fat,Soft Drinks,49.5376,Tier 2,Small,Supermarket Type1,0.021370201,3.5,1198.44,153.0024
Low Fat,Fruits and Vegetables,109.4596,Tier 2,Small,Supermarket Type1,0.035984104,3.5,1833.6132,260.6278
Low Fat,Meat,48.1718,Tier 1,Medium,Supermarket Type1,0.010647477,3.5,756.3488,66.3826
Low Fat,Dairy,171.6422,Tier 1,Small,Supermarket Type1,0.055390121,3.5,3793.7284,195.2768
Low Fat,Meat,118.9466,Tier 1,Small,Supermarket Type1,0.033088472,3.5,353.5398,175.4738
Regular,Canned,61.922,Tier 3,Medium,Supermarket Type2,0.154120252,3.5,1557.972,51.935
Low Fat,Fruits and Vegetables,195.811,Tier 1,Small,Supermarket Type1,0.035747522,3.5,2553.343,133.6284
Regular,Frozen Foods,232.7616,Tier 3,High,Supermarket Type1,0,3.5,2812.3392,39.7506
Low Fat,Dairy,101.1358,Tier 3,Medium,Grocery Store,0.297883712,3.5,1105.8938,156.7288
Regular,Snack Foods,46.206,Tier 2,Small,Supermarket Type1,0.076705948,3.5,1304.968,34.7558
Low Fat,Fruits and Vegetables,229.9352,Tier 3,High,Supermarket Type1,0.049677651,3.5,2519.3872,245.9144
LF,Health and Hygiene,120.9072,Tier 3,High,Supermarket Type1,0,3.5,2817.6656,151.6708
Low Fat,Snack Foods,105.528,Tier 2,Small,Supermarket Type1,0.059341019,3.5,2024.032,99.77
Low Fat,Snack Foods,263.791,Tier 1,Small,Supermarket Type1,0.045047439,3.5,4207.856,186.4556
Low Fat,Household,183.1608,Tier 3,High,Supermarket Type1,0.00597362,3.5,2756.412,164.5526
Low Fat,Fruits and Vegetables,242.7828,Tier 1,Small,Supermarket Type1,0.173516063,3.5,3167.8764,128.1652
Regular,Canned,145.9418,Tier 1,Small,Grocery Store,0.02579577,3.5,1765.7016,88.4172
Low Fat,Hard Drinks,161.592,Tier 3,Medium,Grocery Store,0.205294827,3.5,4314.384,172.8396
Low Fat,Baking Goods,107.4622,Tier 1,Medium,Supermarket Type1,0.085085743,3.5,529.311,105.128
Low Fat,Dairy,233.2958,Tier 1,Medium,Supermarket Type1,0.053553794,3.5,4206.5244,178.6002
Low Fat,Household,124.802,Tier 1,Medium,Supermarket Type1,0.092927148,3.5,253.004,249.5066
Low Fat,Household,191.6846,Tier 1,Medium,Supermarket Type1,0.035204319,3.5,3057.3536,122.873
Low Fat,Household,231.8958,Tier 1,Medium,Supermarket Type1,0.112495847,3.5,8413.0488,124.4046
Low Fat,Others,196.5452,Tier 1,Medium,Supermarket Type1,0.033997473,3.5,3131.9232,129.9284
Low Fat,Snack Foods,253.2698,Tier 1,Medium,Supermarket Type1,0.137441201,3.5,2283.0282,157.663
Low Fat,Soft Drinks,243.6802,Tier 1,Medium,Supermarket Type1,0.049155769,3.5,5896.3248,65.2168
Regular,Breakfast,256.4646,Tier 1,Medium,Supermarket Type1,0.066352552,3.5,515.3292,181.2292
Regular,Frozen Foods,226.1404,Tier 1,Medium,Supermarket Type1,0.066279832,3.5,3375.606,147.876
Regular,Fruits and Vegetables,130.0284,Tier 1,Medium,Supermarket Type1,0.058918844,3.5,3559.3668,191.653
Regular,Fruits and Vegetables,88.9856,Tier 1,Medium,Supermarket Type1,0.159968994,3.5,1669.8264,147.6102
Regular,Snack Foods,194.8794,Tier 1,Medium,Supermarket Type1,0.123620492,3.5,585.2382,90.0514
Regular,Snack Foods,165.1868,Tier 1,Medium,Supermarket Type1,0.034043503,3.5,2784.3756,168.7158
Regular,Snack Foods,151.934,Tier 1,Medium,Supermarket Type1,0.078526225,3.5,306.268,173.5422
Low Fat,Frozen Foods,116.3492,Tier 1,Small,Grocery Store,0.012865901,3.5,2548.6824,59.3536
Low Fat,Snack Foods,259.4646,Tier 1,Small,Grocery Store,0.044122209,3.5,2061.3168,173.8054
Regular,Meat,172.3106,Tier 1,Small,Grocery Store,0,3.5,5475.5392,98.2042
Regular,Soft Drinks,185.6924,Tier 1,Small,Grocery Store,0.069909188,3.5,3331.6632,163.2868
Low Fat,Baking Goods,163.1184,Tier 1,Small,Supermarket Type1,0.176215665,3.5,3467.4864,158.8604
Low Fat,Frozen Foods,232.0326,Tier 1,Small,Supermarket Type1,0.111923422,3.5,3003.4238,106.5622
Low Fat,Fruits and Vegetables,130.6652,Tier 1,Small,Supermarket Type1,0.038729057,3.5,258.3304,117.1808
Low Fat,Fruits and Vegetables,187.3214,Tier 1,Small,Supermarket Type1,0.008764786,3.5,4333.6922,123.1414
Low Fat,Hard Drinks,45.2402,Tier 1,Small,Supermarket Type1,0.016826748,3.5,1148.505,179.166
Low Fat,Health and Hygiene,143.5128,Tier 1,Small,Supermarket Type1,0,3.5,2444.8176,148.8392
Low Fat,Others,221.2456,Tier 1,Small,Supermarket Type1,0.031338558,3.5,663.1368,41.048
Low Fat,Snack Foods,214.1218,Tier 1,Small,Supermarket Type1,0.159967845,3.5,4488.1578,94.712
Regular,Baking Goods,115.1834,Tier 1,Small,Supermarket Type1,0,3.5,1382.2008,76.2328
Regular,Breads,211.5586,Tier 1,Small,Supermarket Type1,0,3.5,4432.2306,228.2036
Regular,Canned,150.9024,Tier 1,Small,Supermarket Type1,0.104083376,3.5,3795.06,107.4622
Regular,Frozen Foods,92.2488,Tier 1,Small,Supermarket Type1,0.047429578,3.5,814.9392,245.8144
Regular,Frozen Foods,42.0796,Tier 1,Small,Supermarket Type1,0.062700289,3.5,454.0756,102.199
Regular,Frozen Foods,243.5486,Tier 1,Small,Supermarket Type1,0.047801883,3.5,488.6972,127.4362
Regular,Fruits and Vegetables,125.5046,Tier 1,Small,Supermarket Type1,0.021969896,3.5,3237.1196,248.6092
Regular,Snack Foods,266.8884,Tier 1,Small,Supermarket Type1,0,3.5,1059.9536,156.1972
LF,Fruits and Vegetables,220.8456,Tier 2,Medium,Supermarket Type1,0.088888291,3.5,4199.8664,64.751
Low Fat,Frozen Foods,100.5042,Tier 2,Medium,Supermarket Type1,0.013840784,3.5,1884.8798,65.2168
Low Fat,Fruits and Vegetables,196.8452,Tier 2,Medium,Supermarket Type1,0.12829573,3.5,3523.4136,210.4902
Low Fat,Fruits and Vegetables,125.5388,Tier 2,Medium,Supermarket Type1,0.053976156,3.5,2105.2596,181.5292
Low Fat,Fruits and Vegetables,235.9616,Tier 2,Medium,Supermarket Type1,0.073029341,3.5,1874.8928,187.953
Low Fat,Fruits and Vegetables,125.2704,Tier 2,Medium,Supermarket Type1,0.172946916,3.5,2628.5784,114.1518
Low Fat,Soft Drinks,214.5534,Tier 2,Small,Supermarket Type1,0.033447756,3.5,3440.8544,73.9696
Low Fat,Soft Drinks,120.9098,Tier 2,Small,Supermarket Type1,0,3.5,1687.1372,263.591
Low Fat,Breads,102.599,Tier 2,Small,Supermarket Type1,0.11184963,3.5,2063.98,64.6826
Low Fat,Canned,44.0402,Tier 2,Small,Supermarket Type1,0.015358176,3.5,91.8804,92.4146
Low Fat,Canned,160.7894,Tier 2,Small,Supermarket Type1,0.0273235,3.5,1617.894,151.934
Low Fat,Canned,140.6154,Tier 2,Small,Supermarket Type1,0.074245348,3.5,4538.0928,208.2638
Low Fat,Fruits and Vegetables,233.8642,Tier 2,Small,Supermarket Type1,0.097280981,3.5,2323.642,232.6958
Low Fat,Hard Drinks,172.4422,Tier 2,Small,Supermarket Type1,0.064504433,3.5,4483.4972,47.306
Low Fat,Health and Hygiene,139.918,Tier 2,Small,Supermarket Type1,0.050335829,3.5,419.454,126.2336
Low Fat,Health and Hygiene,221.1114,Tier 2,Small,Supermarket Type1,0.037793818,3.5,4434.228,99.3042
Low Fat,Household,111.1912,Tier 2,Small,Supermarket Type1,0.090806457,3.5,1965.4416,86.4882
Low Fat,Household,264.0568,Tier 2,High,Supermarket Type1,0.056155909,3.5,2109.2544,140.5496
Low Fat,Household,229.0352,Tier 2,High,Supermarket Type1,0.050625182,3.5,2290.352,193.1162
Low Fat,Others,178.437,Tier 2,High,Supermarket Type1,0.092437711,3.5,3175.866,185.2608
Low Fat,Snack Foods,169.279,Tier 2,High,Supermarket Type1,0.052471995,3.5,2376.906,123.7072
Low Fat,Soft Drinks,257.7304,Tier 2,High,Supermarket Type1,0.061446997,3.5,5683.2688,150.4024
Regular,Fruits and Vegetables,95.541,Tier 2,High,Supermarket Type1,0.046866331,3.5,1544.656,170.5422
Regular,Fruits and Vegetables,179.7318,Tier 2,High,Supermarket Type1,0.115826834,3.5,2165.1816,56.0246
Regular,Snack Foods,122.4098,Tier 2,High,Supermarket Type1,0.058234621,3.5,3012.745,58.7562
Regular,Soft Drinks,109.9228,Tier 2,High,Supermarket Type1,0.112893431,3.5,1547.3192,123.3388
Regular,Starchy Foods,58.3562,Tier 2,High,Supermarket Type1,0.043989429,3.5,1125.8678,60.2904
Regular,Baking Goods,107.5912,Tier 2,High,Supermarket Type1,0.056033565,3.5,1528.6768,51.4666
Regular,Breakfast,143.347,Tier 2,High,Supermarket Type1,0.063684145,3.5,858.882,151.7682
Regular,Frozen Foods,153.2998,Tier 2,High,Supermarket Type1,0.079376029,3.5,3998.7948,81.7276
Regular,Frozen Foods,57.1272,Tier 2,High,Supermarket Type1,0.071091591,3.5,279.636,228.601
Regular,Fruits and Vegetables,75.0354,Tier 2,Medium,Supermarket Type1,0.071856726,3.5,902.8248,63.2536
Regular,Meat,145.7128,Tier 2,Medium,Supermarket Type1,0.054861393,3.5,4026.7584,96.9094
low fat,Household,143.1154,Tier 2,Medium,Supermarket Type1,0.03366718,3.5,2410.8618,109.6912
reg,Frozen Foods,131.2626,Tier 2,Medium,Supermarket Type1,0.057944376,3.5,2098.6016,131.531
Low Fat,Baking Goods,103.8674,Tier 2,Small,Supermarket Type1,0.031397503,3.5,509.337,91.3462
Low Fat,Baking Goods,133.1626,Tier 2,Small,Supermarket Type1,0.023730384,3.5,2492.0894,104.3332
Low Fat,Canned,144.3444,Tier 2,Small,Supermarket Type1,0.064048405,3.5,1161.1552,153.4682
Low Fat,Frozen Foods,232.73,Tier 2,Small,Supermarket Type1,0.045848263,3.5,6291.81,138.518
Low Fat,Fruits and Vegetables,125.602,Tier 2,Small,Supermarket Type1,0.023448504,3.5,3036.048,93.9778
Low Fat,Others,192.8504,Tier 2,Small,Supermarket Type1,0.030501281,3.5,2876.256,180.566
Low Fat,Others,102.0332,Tier 2,Small,Supermarket Type1,0.08131178,3.5,102.5332,37.819
Low Fat,Snack Foods,150.4734,Tier 2,Small,Supermarket Type1,0.056819936,3.5,2078.6276,212.6218
Low Fat,Snack Foods,148.2734,Tier 2,Small,Supermarket Type1,0.174317307,3.5,3266.4148,106.7964
Low Fat,Snack Foods,85.2908,Tier 2,Small,Supermarket Type1,0.044814962,3.5,671.1264,174.4054
Low Fat,Soft Drinks,183.3924,Tier 2,Small,Supermarket Type1,0.065424208,3.5,3146.5708,145.8128
Low Fat,Starchy Foods,170.9106,Tier 2,Small,Supermarket Type1,0.075864171,3.5,3251.1014,192.082
Low Fat,Starchy Foods,240.8222,Tier 2,Small,Supermarket Type1,0.084436394,3.5,3585.333,168.6158
Low Fat,Starchy Foods,55.9246,Tier 2,Small,Supermarket Type1,0.069605676,3.5,405.4722,261.9252
Regular,Breakfast,214.6218,Tier 2,Small,Supermarket Type1,0.066237024,3.5,1923.4962,183.1292
Regular,Snack Foods,159.5604,Tier 2,Small,Supermarket Type1,0.058105769,3.5,2852.2872,60.4562
Low Fat,Baking Goods,259.0646,Tier 3,Medium,Grocery Store,0.291438755,3.5,4380.2982,126.8362
Low Fat,Canned,264.2252,Tier 3,Medium,Grocery Store,0.02556185,3.5,3934.878,89.7146
Low Fat,Canned,191.653,Tier 3,Medium,Grocery Store,0.035497039,3.5,5313.084,216.7824
Low Fat,Dairy,103.099,Tier 3,Medium,Grocery Store,0.026818196,3.5,722.393,248.9092
Low Fat,Fruits and Vegetables,92.5436,Tier 3,Medium,Grocery Store,0.156307983,3.5,1607.2412,92.2146
Low Fat,Soft Drinks,78.396,Tier 3,High,Grocery Store,0.132183029,3.5,1438.128,115.086
Low Fat,Soft Drinks,101.299,Tier 3,High,Grocery Store,0.189689886,3.5,722.393,184.3924
Regular,Breads,112.0518,Tier 3,High,Grocery Store,0.094512029,3.5,113.8518,104.5648
Regular,Fruits and Vegetables,150.5392,Tier 3,High,Grocery Store,0.051794958,3.5,1043.9744,122.6072
Regular,Snack Foods,110.9544,Tier 3,High,Grocery Store,0.225476528,3.5,335.5632,45.1402
Regular,Snack Foods,119.8124,Tier 3,High,Grocery Store,0.019123874,3.5,4029.4216,73.0038
LF,Dairy,78.7986,Tier 3,High,Supermarket Type1,0,3.5,856.8846,151.934
LF,Snack Foods,149.4392,Tier 3,High,Supermarket Type1,0.065194971,3.5,1640.5312,177.737
Low Fat,Frozen Foods,262.3594,Tier 3,High,Supermarket Type1,0.081943273,3.5,3924.891,214.5534
Low Fat,Fruits and Vegetables,176.1712,Tier 3,High,Supermarket Type1,0.072820885,3.5,3691.1952,191.253
Low Fat,Hard Drinks,128.8994,Tier 3,High,Supermarket Type1,0.064011067,3.5,2055.9904,230.2694
Low Fat,Household,81.2302,Tier 3,High,Supermarket Type1,0,3.5,2059.9852,117.615
Low Fat,Household,46.2086,Tier 3,High,Supermarket Type1,0.02295878,3.5,802.9548,101.6332
Low Fat,Snack Foods,185.2608,Tier 3,High,Supermarket Type1,0.041907414,3.5,2940.1728,43.8428
Low Fat,Snack Foods,240.6222,Tier 3,High,Supermarket Type1,0.155250377,3.5,4302.3996,175.737
Low Fat,Soft Drinks,248.9092,Tier 3,High,Supermarket Type1,0.084262458,3.5,498.0184,261.591
Regular,Baking Goods,74.767,Tier 3,High,Supermarket Type1,0.058681957,3.5,2220.443,170.4422
Regular,Baking Goods,145.3418,Tier 3,High,Supermarket Type1,0.022921735,3.5,2354.2688,240.7538
Regular,Dairy,266.2884,Tier 3,High,Supermarket Type1,0.119077255,3.5,2914.8724,231.23
Regular,Dairy,160.6578,Tier 3,High,Supermarket Type1,0.029697925,3.5,2246.4092,143.0786
Regular,Fruits and Vegetables,211.7244,Tier 3,High,Supermarket Type1,0.122202946,3.5,2752.4172,100.1016
low fat,Snack Foods,35.6848,Tier 3,High,Supermarket Type1,0.052766297,3.5,335.5632,189.7504
Low Fat,Canned,156.1314,Tier 3,Medium,Supermarket Type2,0.103894671,3.5,2792.3652,101.299
Low Fat,Frozen Foods,92.7778,Tier 3,Medium,Supermarket Type2,0.131714183,3.5,1032.6558,245.846
Low Fat,Frozen Foods,173.908,Tier 3,Medium,Supermarket Type2,0.006087409,3.5,1211.756,185.0898
Low Fat,Fruits and Vegetables,244.3144,Tier 3,Medium,Supermarket Type2,0.122015744,3.5,5635.3312,121.744
Low Fat,Hard Drinks,98.77,Tier 3,Medium,Supermarket Type2,0.064325351,3.5,1697.79,230.2694
Low Fat,Health and Hygiene,114.386,Tier 3,Medium,Supermarket Type2,0.01889024,3.5,1018.674,238.188
Low Fat,Household,146.9102,Tier 3,Medium,Supermarket Type2,0.017062427,3.5,1749.7224,98.141
Low Fat,Household,261.291,Tier 3,Medium,Supermarket Type2,0.024756031,3.5,10256.649,146.7102
Low Fat,Starchy Foods,153.7682,Tier 3,Medium,Supermarket Type2,0.014921093,3.5,1829.6184,173.908
Low Fat,Starchy Foods,234.859,Tier 3,Medium,Supermarket Type2,0.069902438,3.5,1181.795,261.3252
Regular,Baking Goods,263.6226,Tier 3,Medium,Supermarket Type2,0.038477325,3.5,6608.065,62.951
Regular,Baking Goods,156.1288,Tier 3,Medium,Supermarket Type2,0.025473816,3.5,2828.3184,83.1934
Regular,Fruits and Vegetables,98.9726,Tier 3,Medium,Supermarket Type2,0.126199917,3.5,1565.9616,178.4028
Regular,Fruits and Vegetables,33.9216,Tier 3,Medium,Supermarket Type2,0.048131556,3.5,830.9184,187.1556
Regular,Snack Foods,113.1544,Tier 3,Medium,Supermarket Type2,0.09031453,3.5,1006.6896,130.5626
Low Fat,Breads,189.2188,Tier 3,Medium,Supermarket Type3,0.105324246,3.5,4570.0512,125.7046
Low Fat,Canned,200.4742,Tier 3,Medium,Supermarket Type3,0.047551568,3.5,398.1484,249.1092
Low Fat,Dairy,128.2994,Tier 3,Medium,Supermarket Type3,0.119371835,3.5,1413.4934,45.2744
Low Fat,Dairy,250.1092,Tier 3,Medium,Supermarket Type3,0.130321652,3.5,5727.2116,88.7172
Low Fat,Fruits and Vegetables,163.3868,Tier 3,Medium,Supermarket Type3,0.048522793,3.5,3439.5228,39.6506
Low Fat,Fruits and Vegetables,143.7812,Tier 3,Medium,Supermarket Type3,0,3.5,4986.842,55.7298
Low Fat,Fruits and Vegetables,141.447,Tier 3,Medium,Supermarket Type3,0.012215675,3.5,2290.352,162.7894
Low Fat,Health and Hygiene,163.821,Tier 3,Medium,Supermarket Type3,0.018757586,3.5,1794.331,96.9384
Low Fat,Health and Hygiene,157.0972,Tier 3,Medium,Supermarket Type3,0.025354072,3.5,4673.916,144.476
Low Fat,Household,59.2536,Tier 3,Medium,Supermarket Type3,0.024213354,3.5,735.0432,42.4454
Low Fat,Household,94.4778,Tier 3,Medium,Supermarket Type3,0.079419801,3.5,93.8778,172.3106
Low Fat,Snack Foods,196.5794,Tier 3,Medium,Supermarket Type3,0.011180843,3.5,5267.1438,213.456
Low Fat,Soft Drinks,47.9034,Tier 3,Medium,Supermarket Type3,0.044660955,3.5,729.051,74.767
Low Fat,Soft Drinks,125.4678,Tier 3,Medium,Supermarket Type3,0.097429924,3.5,127.1678,172.8738
Regular,Baking Goods,256.0646,Tier 3,Medium,Supermarket Type3,0.016979326,3.5,1288.323,177.037
Regular,Dairy,164.721,Tier 3,Medium,Supermarket Type3,0,3.5,3588.662,184.2608
Regular,Frozen Foods,178.166,Tier 3,Medium,Supermarket Type3,0.127800388,3.5,4853.682,177.037
Regular,Snack Foods,177.837,Tier 3,Medium,Supermarket Type3,0.010886324,3.5,6704.606,57.2588
Low Fat,Meat,110.357,Tier 1,Medium,Supermarket Type1,0.016760075,3.4,2087.283,141.618
Low Fat,Snack Foods,170.6132,Tier 3,Medium,Supermarket Type2,0,3.4,6595.4148,256.6672
Low Fat,Health and Hygiene,76.3986,Tier 1,Medium,Supermarket Type1,0.028907832,3.4,778.986,130.431
Low Fat,Canned,147.3734,Tier 3,Medium,Supermarket Type2,0,3.4,2524.0478,181.2292
Low Fat,Fruits and Vegetables,177.537,Tier 1,Medium,Supermarket Type1,0.105761491,3.4,3175.866,84.8908
Regular,Baking Goods,112.5518,Tier 2,Small,Supermarket Type1,0,3.4,341.5554,151.3366
Low Fat,Fruits and Vegetables,249.9092,Tier 3,High,Supermarket Type1,0.016944719,3.4,249.0092,209.2586
Regular,Baking Goods,240.9196,Tier 3,Medium,Grocery Store,0.112985849,3.4,4579.3724,185.424
Low Fat,Dairy,156.4314,Tier 2,Small,Supermarket Type1,0.036319195,3.4,2326.971,219.3482
Low Fat,Dairy,145.276,Tier 1,Medium,Supermarket Type1,0.0576269,3.4,3515.424,83.3566
Low Fat,Dairy,188.7214,Tier 1,Medium,Supermarket Type1,0.023876985,3.4,376.8428,97.4042
Low Fat,Fruits and Vegetables,45.5718,Tier 1,Medium,Supermarket Type1,0.043033346,3.4,47.2718,89.4172
Low Fat,Fruits and Vegetables,163.6868,Tier 1,Medium,Supermarket Type1,0.09688421,3.4,163.7868,233.5958
Low Fat,Household,63.6194,Tier 1,Medium,Supermarket Type1,0.024693927,3.4,743.0328,144.1102
Low Fat,Starchy Foods,108.4938,Tier 1,Medium,Supermarket Type1,0.071354774,3.4,1500.7132,125.702
Regular,Frozen Foods,94.4462,Tier 1,Medium,Supermarket Type1,0.018051091,3.4,2036.0164,179.866
Regular,Soft Drinks,112.1518,Tier 1,Medium,Supermarket Type1,0.112840108,3.4,3870.9612,122.0388
Low Fat,Hard Drinks,159.5604,Tier 1,Small,Grocery Store,0.037160705,3.4,1426.1436,54.2298
Low Fat,Snack Foods,116.5808,Tier 1,Small,Grocery Store,0.19033746,3.4,2460.7968,159.4578
Regular,Snack Foods,176.9344,Tier 1,Small,Grocery Store,0.06216667,3.4,5888.3352,112.3518
LF,Baking Goods,56.1614,Tier 1,Small,Supermarket Type1,0.056434817,3.4,828.921,247.8118
LF,Health and Hygiene,152.8366,Tier 1,Small,Supermarket Type1,0,3.4,2569.3222,121.973
LF,Meat,34.9874,Tier 1,Small,Supermarket Type1,0.007279889,3.4,529.311,199.3426
Low Fat,Fruits and Vegetables,104.2306,Tier 1,Small,Supermarket Type1,0.05507343,3.4,3658.571,145.1444
Regular,Baking Goods,106.1964,Tier 1,Small,Supermarket Type1,0.053837561,3.4,210.3928,120.8072
Regular,Snack Foods,128.102,Tier 1,Small,Supermarket Type1,0.037764307,3.4,1265.02,127.2994
reg,Breakfast,55.2588,Tier 1,Small,Supermarket Type1,0.033052168,3.4,229.0352,49.7008
LF,Hard Drinks,82.7276,Tier 2,Medium,Supermarket Type1,0.038815341,3.4,162.4552,124.2362
LF,Others,183.7924,Tier 2,Medium,Supermarket Type1,0.023274107,3.4,2221.1088,154.134
Low Fat,Canned,176.937,Tier 2,Medium,Supermarket Type1,0.124758619,3.4,352.874,264.1884
Low Fat,Frozen Foods,112.6176,Tier 2,Medium,Supermarket Type1,0.066918731,3.4,2175.8344,184.2292
Low Fat,Fruits and Vegetables,81.6592,Tier 2,Medium,Supermarket Type1,0.024020078,3.4,1403.5064,57.2272
Low Fat,Hard Drinks,152.334,Tier 2,Medium,Supermarket Type1,0.03447406,3.4,2143.876,117.0834
Low Fat,Hard Drinks,59.2562,Tier 2,Small,Supermarket Type1,0.034640466,3.4,296.281,116.1492
Low Fat,Household,246.3776,Tier 2,Small,Supermarket Type1,0,3.4,1981.4208,159.6604
Low Fat,Meat,95.0752,Tier 2,Small,Supermarket Type1,0.010652508,3.4,2588.6304,65.6826
Low Fat,Meat,194.1478,Tier 2,Small,Supermarket Type1,0.01001904,3.4,2906.217,184.6608
Low Fat,Snack Foods,163.7526,Tier 2,Small,Supermarket Type1,0.173833129,3.4,1973.4312,196.511
Low Fat,Dairy,112.286,Tier 2,Small,Supermarket Type1,0.137584599,3.4,452.744,262.2568
Low Fat,Soft Drinks,153.5024,Tier 2,High,Supermarket Type1,0.098457814,3.4,2428.8384,171.7738
Regular,Breads,157.563,Tier 2,High,Supermarket Type1,0.07566089,3.4,1721.093,145.4444
Regular,Canned,41.7454,Tier 2,High,Supermarket Type1,0.092158377,3.4,83.8908,251.1408
Regular,Canned,239.4538,Tier 2,High,Supermarket Type1,0.054488534,3.4,4566.7222,57.5904
Regular,Canned,73.4696,Tier 2,High,Supermarket Type1,0.102932246,3.4,298.2784,93.212
Regular,Snack Foods,233.03,Tier 2,High,Supermarket Type1,0.12367891,3.4,5359.69,88.9514
Regular,Snack Foods,37.4848,Tier 2,High,Supermarket Type1,0.089735804,3.4,111.8544,148.7708
Regular,Canned,90.5514,Tier 2,High,Supermarket Type1,0.040432954,3.4,974.0654,191.653
Regular,Canned,255.5356,Tier 2,High,Supermarket Type1,0.047073322,3.4,9664.7528,138.6838
Regular,Frozen Foods,254.7698,Tier 2,High,Supermarket Type1,0.083399788,3.4,5834.4054,34.5558
LF,Household,117.2124,Tier 2,Small,Supermarket Type1,0.090278634,3.4,1422.1488,86.7882
LF,Starchy Foods,128.131,Tier 2,Small,Supermarket Type1,0,3.4,1687.803,254.704
Low Fat,Health and Hygiene,103.6648,Tier 2,Small,Supermarket Type1,0.054630544,3.4,2285.0256,57.393
Low Fat,Household,101.7358,Tier 2,Small,Supermarket Type1,0.050929429,3.4,1508.037,129.1678
Low Fat,Soft Drinks,185.5924,Tier 2,Small,Supermarket Type1,0.020573334,3.4,3146.5708,156.4656
Low Fat,Soft Drinks,217.685,Tier 2,Small,Supermarket Type1,0,3.4,432.77,153.0024
Regular,Dairy,194.5794,Tier 2,Small,Supermarket Type1,0.020565921,3.4,4096.6674,86.054
Low Fat,Breads,105.099,Tier 3,Medium,Grocery Store,0.077622622,3.4,1444.786,121.8414
Low Fat,Hard Drinks,255.7646,Tier 3,Medium,Grocery Store,0.187841082,3.4,5410.9566,112.486
Low Fat,Health and Hygiene,116.5124,Tier 3,Medium,Grocery Store,0.062903297,3.4,355.5372,100.4042
Low Fat,Snack Foods,96.7752,Tier 3,High,Grocery Store,0,3.4,1342.2528,197.211
Regular,Fruits and Vegetables,158.1946,Tier 3,High,Grocery Store,0.064871045,3.4,1104.5622,262.1252
Low Fat,Baking Goods,173.108,Tier 3,High,Supermarket Type1,0.029667053,3.4,2077.296,94.4436
Low Fat,Baking Goods,190.5846,Tier 3,High,Supermarket Type1,0.08235926,3.4,3630.6074,147.6076
Low Fat,Canned,161.721,Tier 3,High,Supermarket Type1,0.124402507,3.4,2446.815,266.1884
Low Fat,Fruits and Vegetables,177.4344,Tier 3,High,Supermarket Type1,0.053822086,3.4,1784.344,183.8292
Low Fat,Fruits and Vegetables,87.7198,Tier 3,High,Supermarket Type1,0.027292686,3.4,1569.9564,101.2042
Low Fat,Health and Hygiene,143.8102,Tier 3,High,Supermarket Type1,0.080434451,3.4,4811.7366,93.4436
Low Fat,Snack Foods,156.5288,Tier 3,High,Supermarket Type1,0.038978526,3.4,4870.9928,148.6418
Low Fat,Soft Drinks,185.2898,Tier 3,High,Supermarket Type1,0,3.4,3367.6164,73.4696
Regular,Frozen Foods,184.795,Tier 3,High,Supermarket Type1,0.034328578,3.4,1464.76,110.1544
Regular,Fruits and Vegetables,112.1886,Tier 3,High,Supermarket Type1,0.059751638,3.4,667.1316,129.1678
Regular,Fruits and Vegetables,119.244,Tier 3,High,Supermarket Type1,0.018789455,3.4,3475.476,222.0772
Regular,Fruits and Vegetables,109.857,Tier 3,High,Supermarket Type1,0.014813268,3.4,2306.997,234.9958
Low Fat,Frozen Foods,153.0024,Tier 3,Medium,Supermarket Type2,0.032761024,3.4,455.4072,148.8392
Low Fat,Frozen Foods,52.0666,Tier 3,Medium,Supermarket Type2,0.100482186,3.4,615.1992,111.8886
Low Fat,Fruits and Vegetables,88.6198,Tier 3,Medium,Supermarket Type2,0.042733625,3.4,1569.9564,226.972
Regular,Frozen Foods,152.9366,Tier 3,Medium,Supermarket Type2,0.020015391,3.4,453.4098,128.831
Regular,Fruits and Vegetables,234.659,Tier 3,Medium,Supermarket Type2,0.087762922,3.4,8508.924,221.5456
low fat,Snack Foods,148.0418,Tier 3,Medium,Supermarket Type2,0.105282932,3.4,1177.1344,156.963
Low Fat,Baking Goods,53.3614,Tier 3,Medium,Supermarket Type3,0.055648052,3.4,331.5684,100.3016
Low Fat,Household,207.8954,Tier 3,Medium,Supermarket Type3,0.025842951,3.4,2292.3494,48.6376
Low Fat,Meat,255.333,Tier 3,Medium,Supermarket Type3,0.037712875,3.4,4870.327,64.4826
Regular,Dairy,153.3682,Tier 3,Medium,Supermarket Type3,0.138008431,3.4,914.8092,54.8298
Regular,Baking Goods,178.4028,Tier 3,Medium,Supermarket Type2,0,3.3,1239.7196,51.4008
Low Fat,Household,182.7976,Tier 2,Small,Supermarket Type1,0.099887103,3.3,1810.976,45.906
low fat,Soft Drinks,258.1304,Tier 1,Small,Grocery Store,0.278974075,3.3,2324.9736,225.372
Low Fat,Household,151.4024,Tier 2,Small,Supermarket Type1,0.076841095,3.3,1973.4312,117.5492
low fat,Fruits and Vegetables,78.296,Tier 2,Small,Supermarket Type1,0.033287541,3.3,1438.128,198.4768
Low Fat,Breads,249.7434,Tier 2,Small,Supermarket Type1,0.015908424,3.3,4221.8378,231.1668
Low Fat,Health and Hygiene,211.6902,Tier 2,Medium,Supermarket Type1,0.01806055,3.3,4247.804,97.0094
Regular,Frozen Foods,46.4744,Tier 2,Small,Supermarket Type1,0.083590755,3.3,950.7624,182.2318
Low Fat,Dairy,117.8492,Tier 3,Medium,Supermarket Type2,0.03334929,3.3,1621.8888,155.034
Low Fat,Health and Hygiene,140.5154,Tier 1,Small,Supermarket Type1,0.036234918,3.3,1701.7848,175.3028
Low Fat,Soft Drinks,122.6756,Tier 3,Medium,Supermarket Type3,0.0704378,3.3,2302.3364,112.886
Low Fat,Meat,122.9388,Tier 1,Medium,Supermarket Type1,0.032230526,3.3,3095.97,61.4194
Low Fat,Breads,229.8668,Tier 3,Medium,Supermarket Type3,0.0514111,3.3,4146.6024,33.0558
Low Fat,Canned,99.27,Tier 1,Medium,Supermarket Type1,0.126579586,3.3,2596.62,112.2886
Low Fat,Fruits and Vegetables,261.191,Tier 1,Medium,Supermarket Type1,0.100388706,3.3,3155.892,76.0328
Low Fat,Health and Hygiene,169.7448,Tier 1,Medium,Supermarket Type1,0.018934719,3.3,3579.3408,237.759
Regular,Breakfast,63.6168,Tier 1,Medium,Supermarket Type1,0.061270647,3.3,1342.2528,56.7588
Regular,Fruits and Vegetables,141.1154,Tier 1,Medium,Supermarket Type1,0.110163385,3.3,425.4462,83.6592
Regular,Seafood,54.3956,Tier 1,Medium,Supermarket Type1,0.140458316,3.3,1201.1032,169.7764
Regular,Snack Foods,222.0798,Tier 1,Medium,Supermarket Type1,0.011143599,3.3,2864.9374,88.254
Regular,Starchy Foods,237.7564,Tier 1,Medium,Supermarket Type1,0,3.3,3813.7024,63.6168
reg,Fruits and Vegetables,143.4786,Tier 1,Medium,Supermarket Type1,0.094037291,3.3,1589.2646,62.3194
LF,Dairy,226.972,Tier 1,Small,Grocery Store,0.144534212,3.3,3848.324,190.6504
Low Fat,Health and Hygiene,90.2514,Tier 1,Small,Grocery Store,0.091411749,3.3,619.8598,121.373
Low Fat,Health and Hygiene,93.412,Tier 1,Small,Grocery Store,0.169943195,3.3,1491.392,116.2492
Low Fat,Soft Drinks,121.2098,Tier 1,Small,Grocery Store,0.198424841,3.3,120.5098,185.2924
Regular,Snack Foods,103.3674,Tier 1,Small,Grocery Store,0.235859408,3.3,2546.685,46.1402
Low Fat,Baking Goods,90.4514,Tier 1,Small,Supermarket Type1,0.045955031,3.3,1328.271,199.1084
Low Fat,Baking Goods,33.1216,Tier 1,Small,Supermarket Type1,0.014631149,3.3,519.324,84.525
Low Fat,Dairy,63.2168,Tier 1,Small,Supermarket Type1,0.130955811,3.3,703.0848,90.3172
Low Fat,Dairy,170.3106,Tier 1,Small,Supermarket Type1,0.139552827,3.3,3422.212,105.6306
Low Fat,Dairy,93.2436,Tier 1,Small,Supermarket Type1,0.065183228,3.3,2079.9592,148.076
Low Fat,Health and Hygiene,49.8692,Tier 1,Small,Supermarket Type1,0.022843501,3.3,1133.1916,177.8686
Low Fat,Snack Foods,260.2304,Tier 1,Small,Supermarket Type1,0.035579135,3.3,4908.2776,244.417
Low Fat,Soft Drinks,177.5712,Tier 1,Small,Supermarket Type1,0,3.3,527.3136,114.286
Regular,Baking Goods,89.9146,Tier 1,Small,Supermarket Type1,0.082266419,3.3,1550.6482,48.8034
Regular,Canned,128.7678,Tier 1,Small,Supermarket Type1,0.040205535,3.3,3052.0272,188.753
Regular,Dairy,178.066,Tier 1,Small,Supermarket Type1,0.019511288,3.3,3954.852,262.591
Regular,Dairy,162.721,Tier 1,Small,Supermarket Type1,0.030927632,3.3,978.726,256.8672
Regular,Frozen Foods,161.8868,Tier 1,Small,Supermarket Type1,0.064014173,3.3,4094.67,83.3566
Regular,Frozen Foods,39.7506,Tier 1,Small,Supermarket Type1,0.146662938,3.3,721.0614,138.6838
Regular,Fruits and Vegetables,185.1266,Tier 1,Small,Supermarket Type1,0.079713576,3.3,4795.0916,101.3332
Low Fat,Breads,150.8024,Tier 2,Medium,Supermarket Type1,0.081953387,3.3,3339.6528,176.237
Low Fat,Dairy,140.8154,Tier 2,Medium,Supermarket Type1,0,3.3,1843.6002,44.7744
Low Fat,Hard Drinks,158.063,Tier 2,Medium,Supermarket Type1,0.163310805,3.3,2659.871,143.5444
Low Fat,Health and Hygiene,240.188,Tier 2,Small,Supermarket Type1,0.032321608,3.3,5992.2,165.6526
Low Fat,Health and Hygiene,89.4146,Tier 2,Small,Supermarket Type1,0.064551885,3.3,2645.2234,125.2704
Low Fat,Household,118.0124,Tier 2,Small,Supermarket Type1,0.09660879,3.3,592.562,56.9588
Low Fat,Dairy,199.7426,Tier 2,Small,Supermarket Type1,0,3.3,593.2278,75.7012
Low Fat,Dairy,82.425,Tier 2,Small,Supermarket Type1,0.023974769,3.3,1414.825,99.0042
Low Fat,Frozen Foods,147.6418,Tier 2,Small,Supermarket Type1,0,3.3,1471.418,143.1154
Low Fat,Fruits and Vegetables,262.6252,Tier 2,Small,Supermarket Type1,0.129140919,3.3,524.6504,109.4886
Low Fat,Fruits and Vegetables,40.3164,Tier 2,Small,Supermarket Type1,0.023585598,3.3,502.0132,94.7778
Low Fat,Health and Hygiene,190.1872,Tier 2,Small,Supermarket Type1,0.033076388,3.3,567.2616,237.2906
Low Fat,Health and Hygiene,197.811,Tier 2,Small,Supermarket Type1,0.114246019,3.3,2946.165,231.23
Low Fat,Household,196.311,Tier 2,Small,Supermarket Type1,0,3.3,3338.987,253.4698
Low Fat,Household,183.7608,Tier 2,Small,Supermarket Type1,0.024468806,3.3,2940.1728,41.1454
Low Fat,Snack Foods,78.8986,Tier 2,High,Supermarket Type1,0.01596609,3.3,623.1888,163.521
Low Fat,Snack Foods,56.2588,Tier 2,High,Supermarket Type1,0,3.3,1030.6584,141.547
Low Fat,Snack Foods,76.5354,Tier 2,High,Supermarket Type1,0.028579565,3.3,1805.6496,90.3146
Low Fat,Snack Foods,55.6588,Tier 2,High,Supermarket Type1,0.026289984,3.3,114.5176,253.7356
Low Fat,Snack Foods,264.0884,Tier 2,High,Supermarket Type1,0.067314073,3.3,4504.8028,175.137
Low Fat,Snack Foods,129.8336,Tier 2,High,Supermarket Type1,0.049583899,3.3,3451.5072,193.8478
Regular,Breads,207.4296,Tier 2,High,Supermarket Type1,0.168527463,3.3,2492.7552,33.6874
Regular,Fruits and Vegetables,78.5618,Tier 2,High,Supermarket Type1,0.013064516,3.3,402.809,115.5834
Regular,Fruits and Vegetables,144.7786,Tier 2,High,Supermarket Type1,0.112638016,3.3,2600.6148,195.5478
Regular,Snack Foods,91.8488,Tier 2,High,Supermarket Type1,0.046114018,3.3,2716.464,178.2344
Regular,Frozen Foods,75.8696,Tier 2,High,Supermarket Type1,0.07760107,3.3,2386.2272,171.0106
Regular,Frozen Foods,259.7962,Tier 2,High,Supermarket Type1,0.051783761,3.3,8028.8822,125.8678
LF,Household,93.3778,Tier 2,Small,Supermarket Type1,0.091467933,3.3,1314.2892,159.7894
LF,Household,218.7166,Tier 2,Small,Supermarket Type1,0.028674471,3.3,4136.6154,115.1808
LF,Soft Drinks,187.7556,Tier 2,Small,Supermarket Type1,0.095360186,3.3,3004.0896,172.3106
Low Fat,Baking Goods,187.853,Tier 2,Small,Supermarket Type1,0.029686148,3.3,2656.542,96.4436
Low Fat,Fruits and Vegetables,55.2588,Tier 2,Small,Supermarket Type1,0.025732114,3.3,2748.4224,166.4474
Low Fat,Fruits and Vegetables,111.3202,Tier 2,Small,Supermarket Type1,0.128390273,3.3,337.5606,111.9886
Low Fat,Household,101.0016,Tier 2,Small,Supermarket Type1,0.098603729,3.3,2631.2416,210.727
Low Fat,Household,112.2886,Tier 2,Small,Supermarket Type1,0.024646608,3.3,2557.3378,177.4686
Low Fat,Household,138.518,Tier 2,Small,Supermarket Type1,0.010363586,3.3,2376.906,207.1954
Low Fat,Snack Foods,56.0614,Tier 2,Small,Supermarket Type1,0.015873285,3.3,2597.2858,161.321
Regular,Baking Goods,40.948,Tier 2,Small,Supermarket Type1,0.082250863,3.3,319.584,48.7034
Regular,Fruits and Vegetables,47.7692,Tier 2,Small,Supermarket Type1,0.102901425,3.3,492.692,128.4968
LF,Household,232.73,Tier 3,Medium,Grocery Store,0.153127523,3.3,2796.36,162.4894
Low Fat,Baking Goods,45.1086,Tier 3,Medium,Grocery Store,0.035607579,3.3,669.129,119.9124
Low Fat,Household,42.3112,Tier 3,Medium,Grocery Store,0.052141447,3.3,980.0576,174.9054
Low Fat,Meat,96.3752,Tier 3,High,Grocery Store,0.063430788,3.3,1342.2528,65.4826
Low Fat,Snack Foods,133.1942,Tier 3,High,Grocery Store,0.051564827,3.3,2782.3782,49.0008
Low Fat,Soft Drinks,162.8868,Tier 3,High,Grocery Store,0.075943184,3.3,327.5736,85.5882
Low Fat,Soft Drinks,47.4692,Tier 3,High,Grocery Store,0.056744064,3.3,1576.6144,55.6614
LF,Fruits and Vegetables,244.917,Tier 3,High,Supermarket Type1,0.100149459,3.3,2916.204,78.4328
Low Fat,Baking Goods,151.3366,Tier 3,High,Supermarket Type1,0.005661669,3.3,3022.732,186.5924
Low Fat,Breads,108.9938,Tier 3,High,Supermarket Type1,0.128778474,3.3,1071.938,89.1856
Low Fat,Frozen Foods,46.106,Tier 3,High,Supermarket Type1,0.022864238,3.3,792.302,260.0594
Low Fat,Meat,231.9668,Tier 3,High,Supermarket Type1,0.016720132,3.3,3225.1352,139.918
Low Fat,Others,146.6102,Tier 3,High,Supermarket Type1,0.120180894,3.3,1895.5326,141.447
Low Fat,Others,261.591,Tier 3,High,Supermarket Type1,0.03391645,3.3,3155.892,130.9284
Low Fat,Snack Foods,74.967,Tier 3,High,Supermarket Type1,0.036359891,3.3,229.701,90.7488
Regular,Dairy,189.9846,Tier 3,High,Supermarket Type1,0.114022125,3.3,191.0846,92.9436
Regular,Frozen Foods,41.8112,Tier 3,High,Supermarket Type1,0,3.3,894.8352,231.3668
Regular,Fruits and Vegetables,110.7228,Tier 3,High,Supermarket Type1,0.074565098,3.3,331.5684,186.8556
Regular,Meat,57.2272,Tier 3,High,Supermarket Type1,0.158337479,3.3,1174.4712,157.9946
low fat,Snack Foods,95.012,Tier 3,High,Supermarket Type1,0.019407069,3.3,1864.24,119.3756
reg,Snack Foods,93.2146,Tier 3,High,Supermarket Type1,0.07665661,3.3,1733.0774,32.3558
Low Fat,Breads,94.741,Tier 3,Medium,Supermarket Type2,0.035731825,3.3,1061.951,218.3166
Low Fat,Frozen Foods,55.7956,Tier 3,Medium,Supermarket Type2,0.115353642,3.3,1037.3164,58.9246
Low Fat,Household,219.3482,Tier 3,Medium,Supermarket Type2,0.052058629,3.3,219.0482,150.6024
Low Fat,Household,198.6742,Tier 3,Medium,Supermarket Type2,0.161317495,3.3,2388.8904,57.5562
Low Fat,Snack Foods,90.6462,Tier 3,Medium,Supermarket Type2,0.0674819,3.3,2406.2012,234.859
Low Fat,Snack Foods,240.1538,Tier 3,Medium,Supermarket Type2,0.049267759,3.3,1442.1228,113.0176
Regular,Canned,103.5332,Tier 3,Medium,Supermarket Type2,0.027729547,3.3,1230.3984,169.379
Regular,Frozen Foods,159.0262,Tier 3,Medium,Supermarket Type2,0.019277945,3.3,159.1262,82.8592
Regular,Snack Foods,152.2682,Tier 3,Medium,Supermarket Type2,0.03810738,3.3,1829.6184,86.3856
Regular,Snack Foods,162.521,Tier 3,Medium,Supermarket Type2,0.173462841,3.3,4567.388,157.6972
Regular,Starchy Foods,145.3786,Tier 3,Medium,Supermarket Type2,0.054851438,3.3,2745.0934,64.4168
Low Fat,Dairy,169.4474,Tier 3,Medium,Supermarket Type3,0,3.3,4211.185,175.3028
Low Fat,Frozen Foods,146.0102,Tier 3,Medium,Supermarket Type3,0.039988162,3.3,2916.204,55.7298
Low Fat,Health and Hygiene,59.2246,Tier 3,Medium,Supermarket Type3,0.079046992,3.3,984.7182,39.8506
Low Fat,Health and Hygiene,124.3704,Tier 3,Medium,Supermarket Type3,0.024358634,3.3,3004.0896,190.4214
Regular,Canned,43.9428,Tier 3,Medium,Supermarket Type3,0.030693309,3.3,351.5424,228.0352
Regular,Dairy,49.8034,Tier 3,Medium,Supermarket Type3,0.143319995,3.3,631.8442,237.5222
Regular,Meat,173.9422,Tier 3,Medium,Supermarket Type3,0.069250192,3.3,4138.6128,232.9616
Regular,Meat,261.291,Tier 3,Medium,Supermarket Type3,0.054846706,3.3,2892.901,147.3734
Low Fat,Health and Hygiene,112.7176,Tier 3,High,Supermarket Type1,0.143303291,3.2,1832.2816,96.341
Low Fat,Fruits and Vegetables,126.7704,Tier 2,Medium,Supermarket Type1,0.053523765,3.2,1752.3856,55.393
Low Fat,Household,37.5164,Tier 2,Small,Supermarket Type1,0.167351411,3.2,656.4788,176.0712
Regular,Breads,240.5538,Tier 3,High,Supermarket Type1,0.079844043,3.2,3845.6608,226.3036
Low Fat,Household,55.5588,Tier 2,Medium,Supermarket Type1,0.093307713,3.2,229.0352,250.9066
Low Fat,Canned,181.895,Tier 1,Medium,Supermarket Type1,0.026722744,3.2,732.38,59.2246
Low Fat,Household,43.4086,Tier 1,Medium,Supermarket Type1,0.020519478,3.2,847.5634,42.5112
Low Fat,Household,55.0298,Tier 1,Medium,Supermarket Type1,0.126440335,3.2,539.298,125.2362
Low Fat,Soft Drinks,127.2362,Tier 1,Medium,Supermarket Type1,0.052149675,3.2,1635.8706,239.9564
Regular,Canned,121.4072,Tier 1,Medium,Supermarket Type1,0.040268044,3.2,2450.144,191.453
Regular,Frozen Foods,261.7568,Tier 1,Medium,Supermarket Type1,0.052493162,3.2,1845.5976,113.9176
Regular,Snack Foods,156.7972,Tier 1,Medium,Supermarket Type1,0.045835395,3.2,3427.5384,168.2132
Regular,Snack Foods,220.8456,Tier 1,Medium,Supermarket Type1,0.018591464,3.2,5084.0488,112.9544
Low Fat,Fruits and Vegetables,229.8668,Tier 1,Small,Grocery Store,0.155316936,3.2,4837.7028,64.151
Regular,Dairy,62.6168,Tier 1,Small,Grocery Store,0.052040539,3.2,639.168,143.1786
Regular,Snack Foods,197.0742,Tier 1,Small,Grocery Store,0.216107535,3.2,2587.9646,86.8514
Low Fat,Snack Foods,93.8804,Tier 1,Small,Supermarket Type1,0.054234197,3.2,1470.0864,142.0154
Regular,Meat,102.4016,Tier 1,Small,Supermarket Type1,0.026602089,3.2,2428.8384,35.1532
Low Fat,Canned,248.775,Tier 2,Medium,Supermarket Type1,0.010663189,3.2,3745.125,82.3908
Low Fat,Health and Hygiene,178.566,Tier 2,Small,Supermarket Type1,0.021649904,3.2,2516.724,150.8708
Low Fat,Soft Drinks,245.0144,Tier 2,Small,Supermarket Type1,0.183879453,3.2,3185.1872,82.9276
Low Fat,Frozen Foods,35.2874,Tier 2,Small,Supermarket Type1,0,3.2,988.0472,182.9292
Low Fat,Fruits and Vegetables,110.257,Tier 2,Small,Supermarket Type1,0.040744057,3.2,1757.712,185.924
Low Fat,Household,113.9176,Tier 2,Small,Supermarket Type1,0.110913601,3.2,2519.3872,106.3306
Low Fat,Starchy Foods,167.0816,Tier 2,High,Supermarket Type1,0.070012633,3.2,1510.0344,262.8252
Regular,Dairy,112.0202,Tier 2,High,Supermarket Type1,0.020611526,3.2,337.5606,84.954
Regular,Snack Foods,196.1136,Tier 2,High,Supermarket Type1,0.076002991,3.2,6026.8216,83.4908
Regular,Canned,124.902,Tier 2,High,Supermarket Type1,0.054685839,3.2,2909.546,60.2904
Regular,Snack Foods,59.5904,Tier 2,Medium,Supermarket Type1,0.041615224,3.2,761.6752,37.219
Low Fat,Baking Goods,52.4008,Tier 2,Small,Supermarket Type1,0.055908268,3.2,809.6128,99.8016
Low Fat,Dairy,62.7194,Tier 2,Small,Supermarket Type1,0.087791917,3.2,123.8388,180.6292
Low Fat,Frozen Foods,90.9146,Tier 2,Small,Supermarket Type1,0.06355415,3.2,1459.4336,149.4708
Low Fat,Hard Drinks,54.7298,Tier 2,Small,Supermarket Type1,0.135707553,3.2,107.8596,170.6422
Low Fat,Snack Foods,37.919,Tier 2,Small,Supermarket Type1,0.011233126,3.2,768.999,211.556
Regular,Fruits and Vegetables,184.195,Tier 2,Small,Supermarket Type1,0.079698503,3.2,2746.425,100.6332
Low Fat,Dairy,146.7102,Tier 3,Medium,Grocery Store,0.138171603,3.2,4374.306,191.4504
Low Fat,Dairy,102.7332,Tier 3,Medium,Grocery Store,0.058168807,3.2,205.0664,249.575
Low Fat,Household,177.4028,Tier 3,High,Grocery Store,0.069112952,3.2,354.2056,90.1514
Low Fat,Snack Foods,114.8492,Tier 3,High,Grocery Store,0.167316771,3.2,1506.0396,197.5452
Regular,Fruits and Vegetables,226.2404,Tier 3,High,Grocery Store,0.0901292,3.2,1800.3232,89.8856
LF,Health and Hygiene,102.0016,Tier 3,High,Supermarket Type1,0.041831008,3.2,1518.024,186.6214
Low Fat,Dairy,119.7098,Tier 3,High,Supermarket Type1,0.132560174,3.2,1325.6078,97.2726
Low Fat,Health and Hygiene,228.0352,Tier 3,High,Supermarket Type1,0.071312064,3.2,458.0704,125.7362
Regular,Baking Goods,97.5752,Tier 3,High,Supermarket Type1,0.048486801,3.2,1534.0032,131.2626
low fat,Dairy,45.2744,Tier 3,High,Supermarket Type1,0.102426197,3.2,905.488,230.6352
Low Fat,Health and Hygiene,87.4198,Tier 3,Medium,Supermarket Type2,0.019465205,3.2,2267.7148,128.6994
Low Fat,Household,171.0764,Tier 3,Medium,Supermarket Type2,0.012593467,3.2,3263.7516,167.6474
Regular,Fruits and Vegetables,173.6738,Tier 3,Medium,Supermarket Type2,0.100265027,3.2,2954.1546,142.5786
Low Fat,Baking Goods,150.6708,Tier 3,Medium,Supermarket Type3,0.008499464,3.2,2106.5912,81.3618
Low Fat,Breads,112.7518,Tier 3,Medium,Supermarket Type3,0.14571827,3.2,683.1108,94.3436
Low Fat,Fruits and Vegetables,33.3874,Tier 3,Medium,Supermarket Type3,0,3.2,282.2992,255.7988
Regular,Baking Goods,188.1872,Tier 3,Medium,Supermarket Type3,0.067175915,3.2,1701.7848,187.124
Regular,Dairy,91.7488,Tier 3,Medium,Supermarket Type3,0.06292013,3.2,1358.232,88.9856
Regular,Meat,36.3506,Tier 3,Medium,Supermarket Type3,0.023417004,3.2,607.2096,223.8404
Regular,Snack Foods,141.7838,Tier 3,Medium,Supermarket Type3,0.07802465,3.2,1685.8056,171.4422
Regular,Frozen Foods,178.6028,Tier 3,High,Supermarket Type1,0.060376776,3.1,2302.3364,154.5656
Low Fat,Dairy,161.8894,Tier 1,Small,Grocery Store,0.061393095,3.1,2750.4198,91.812
Low Fat,Soft Drinks,45.4086,Tier 1,Small,Supermarket Type1,0.044004675,3.1,981.3892,188.853
Regular,Snack Foods,133.0626,Tier 3,High,Supermarket Type1,0.020989132,3.1,1442.7886,158.6578
reg,Frozen Foods,262.7568,Tier 1,Medium,Supermarket Type1,0.082529704,3.1,7646.0472,56.9588
Low Fat,Canned,170.9106,Tier 1,Medium,Supermarket Type1,0.141862435,3.1,1539.9954,171.0132
Low Fat,Fruits and Vegetables,82.2276,Tier 1,Medium,Supermarket Type1,0.012467648,3.1,243.6828,188.1872
Low Fat,Health and Hygiene,179.166,Tier 1,Medium,Supermarket Type1,0.125964559,3.1,359.532,124.773
Low Fat,Health and Hygiene,236.9932,Tier 1,Medium,Supermarket Type1,0.032637373,3.1,4242.4776,191.6162
Low Fat,Household,147.0418,Tier 1,Medium,Supermarket Type1,0.029117482,3.1,2354.2688,123.0414
Low Fat,Household,188.9872,Tier 1,Medium,Supermarket Type1,0.019536981,3.1,2458.1336,170.0474
Low Fat,Others,142.0154,Tier 1,Medium,Supermarket Type1,0.006770252,3.1,2127.231,124.473
Regular,Canned,193.3794,Tier 1,Medium,Supermarket Type1,0.012030747,3.1,8388.4142,166.6184
Regular,Fruits and Vegetables,94.641,Tier 1,Medium,Supermarket Type1,0.106492562,3.1,2799.689,176.3396
Regular,Snack Foods,148.705,Tier 1,Medium,Supermarket Type1,0.03928284,3.1,1797.66,94.641
Low Fat,Household,155.1998,Tier 1,Small,Grocery Store,0.057969482,3.1,2460.7968,119.3124
Low Fat,Snack Foods,208.9296,Tier 1,Small,Grocery Store,0.188038372,3.1,2700.4848,146.4076
Low Fat,Baking Goods,250.5724,Tier 1,Small,Supermarket Type1,0.031403441,3.1,4026.7584,93.8462
Regular,Baking Goods,75.667,Tier 1,Small,Supermarket Type1,0.079327367,3.1,1301.639,152.8366
Regular,Fruits and Vegetables,44.2086,Tier 1,Small,Supermarket Type1,0.025872153,3.1,44.6086,145.7418
LF,Dairy,144.0102,Tier 2,Medium,Supermarket Type1,0.074778547,3.1,5394.9774,110.7228
Low Fat,Breads,163.1526,Tier 2,Medium,Supermarket Type1,0.046469277,3.1,3946.8624,123.8414
Low Fat,Household,88.183,Tier 2,Small,Supermarket Type1,0.027430696,3.1,1438.128,171.1106
Low Fat,Meat,139.0838,Tier 2,High,Supermarket Type1,0.027217468,3.1,3652.5788,76.067
Regular,Frozen Foods,172.4422,Tier 2,High,Supermarket Type1,0.054763518,3.1,3621.2862,150.9366
Regular,Fruits and Vegetables,175.937,Tier 2,Medium,Supermarket Type1,0.012273747,3.1,529.311,60.0904
reg,Canned,262.291,Tier 2,Medium,Supermarket Type1,0.05060313,3.1,1314.955,150.9024
Low Fat,Frozen Foods,103.7648,Tier 2,Small,Supermarket Type1,0,3.1,2804.3496,125.2678
Low Fat,Hard Drinks,155.2972,Tier 2,Small,Supermarket Type1,0.043777415,3.1,3894.93,192.9846
Low Fat,Health and Hygiene,34.3874,Tier 2,Small,Supermarket Type1,0.034467286,3.1,388.1614,96.7726
Low Fat,Household,47.9034,Tier 2,Small,Supermarket Type1,0.011285795,3.1,583.2408,235.8248
Regular,Starchy Foods,150.9366,Tier 2,Small,Supermarket Type1,0.054618573,3.1,3476.1418,65.5168
Low Fat,Canned,189.2846,Tier 3,Medium,Grocery Store,0.211539389,3.1,3630.6074,110.9886
Regular,Canned,35.4874,Tier 3,High,Grocery Store,0.013711274,3.1,388.1614,100.2674
Low Fat,Household,88.254,Tier 3,High,Supermarket Type1,0.025947095,3.1,1298.31,46.9376
Low Fat,Health and Hygiene,73.7038,Tier 3,Medium,Supermarket Type2,0.033024328,3.1,1404.1722,236.6906
Low Fat,Health and Hygiene,102.3332,Tier 3,Medium,Supermarket Type2,0.019559746,3.1,1948.1308,193.7794
Low Fat,Household,261.591,Tier 3,Medium,Supermarket Type2,0.014332439,3.1,3418.883,57.1614
Low Fat,Snack Foods,155.3998,Tier 3,Medium,Supermarket Type2,0.10423592,3.1,2153.1972,111.7544
Low Fat,Snack Foods,54.2956,Tier 3,Medium,Supermarket Type2,0.051677051,3.1,1310.2944,258.062
Low Fat,Soft Drinks,147.6076,Tier 3,Medium,Supermarket Type2,0.027169589,3.1,3251.7672,151.0682
Regular,Breakfast,143.0128,Tier 3,Medium,Supermarket Type2,0.131458247,3.1,1150.5024,90.5804
Regular,Frozen Foods,59.7536,Tier 3,Medium,Supermarket Type2,0.024304264,3.1,980.0576,114.0176
Low Fat,Dairy,125.202,Tier 3,Medium,Supermarket Type3,0.086752988,3.1,2783.044,98.141
Low Fat,Snack Foods,247.0802,Tier 3,Medium,Supermarket Type3,0.039300964,3.1,1228.401,99.5042
Regular,Canned,50.3692,Tier 3,Medium,Supermarket Type3,0.02748331,3.1,591.2304,169.379
Regular,Fruits and Vegetables,42.6086,Tier 3,Medium,Supermarket Type3,0.029510313,3.1,133.8258,141.9838
Regular,Meat,52.0982,Tier 3,Medium,Supermarket Type3,0.033276066,3.1,578.5802,153.8314
Regular,Snack Foods,198.2084,Tier 3,Medium,Supermarket Type3,0.030143704,3.1,3769.7596,222.0114
Regular,Dairy,106.1306,Tier 1,Small,Grocery Store,0.255394896,3,1672.4896,196.8794
Regular,Frozen Foods,242.6512,Tier 1,Small,Supermarket Type1,0.024205661,3,12117.56,114.0176
Regular,Canned,181.695,Tier 2,Small,Supermarket Type1,0.040197932,3,549.285,190.153
Low Fat,Fruits and Vegetables,263.191,Tier 2,Small,Supermarket Type1,0.122918852,3,6574.775,173.0738
Low Fat,Dairy,122.9072,Tier 1,Small,Grocery Store,0.049754975,3,490.0288,152.134
Regular,Fruits and Vegetables,149.9708,Tier 3,Medium,Supermarket Type2,0.038288087,3,2106.5912,103.1964
Low Fat,Soft Drinks,61.5194,Tier 2,Small,Supermarket Type1,0.159657596,3,866.8716,224.972
Low Fat,Frozen Foods,170.4422,Tier 2,Small,Supermarket Type1,0.036746479,3,2759.0752,181.2976
Low Fat,Dairy,149.3076,Tier 1,Small,Grocery Store,0.13121032,3,1921.4988,74.0354
Low Fat,Frozen Foods,162.6894,Tier 2,Medium,Supermarket Type1,0.06390019,3,2588.6304,157.263
Low Fat,Snack Foods,89.6856,Tier 3,Medium,Supermarket Type3,0.045050674,3,703.0848,84.925
Low Fat,Household,106.3938,Tier 2,Medium,Supermarket Type1,0.034501405,3,3751.783,211.7218
Regular,Canned,73.2354,Tier 3,High,Supermarket Type1,0.05268526,3,1504.708,83.3224
Low Fat,Meat,76.7986,Tier 1,Medium,Supermarket Type1,0.098566832,3,2648.5524,98.3042
Low Fat,Others,256.1356,Tier 3,High,Supermarket Type1,0.015663185,3,6358.39,143.947
Regular,Snack Foods,226.2404,Tier 2,Medium,Supermarket Type1,0,3,4725.8484,55.8588
Low Fat,Hard Drinks,118.9124,Tier 2,Small,Supermarket Type1,0.071832909,3,3199.8348,36.1506
LF,Snack Foods,103.1332,Tier 3,Medium,Supermarket Type3,0.076483451,3,1948.1308,163.1236
Low Fat,Snack Foods,40.0822,Tier 3,Medium,Supermarket Type2,0.02671821,3,1257.0304,85.2198
Low Fat,Snack Foods,38.0506,Tier 3,Medium,Supermarket Type3,0.154627247,3,531.3084,177.637
Low Fat,Canned,130.131,Tier 2,Medium,Supermarket Type1,0.152261999,3,1038.648,105.728
Low Fat,Canned,46.9718,Tier 3,Medium,Supermarket Type2,0.126897925,3,850.8924,110.6886
Low Fat,Canned,255.5014,Tier 1,Medium,Supermarket Type1,0.034940979,3,5355.0294,177.3344
Low Fat,Dairy,122.1414,Tier 1,Medium,Supermarket Type1,0,3,2924.1936,263.7884
Low Fat,Dairy,114.386,Tier 1,Medium,Supermarket Type1,0.06528457,3,1245.046,145.076
Low Fat,Frozen Foods,154.6972,Tier 1,Medium,Supermarket Type1,0.045928229,3,1713.7692,138.118
Low Fat,Frozen Foods,264.7884,Tier 1,Medium,Supermarket Type1,0.01404119,3,3709.8376,38.419
Low Fat,Fruits and Vegetables,34.3874,Tier 1,Medium,Supermarket Type1,0.087805788,3,670.4606,126.7678
Low Fat,Fruits and Vegetables,212.6244,Tier 1,Medium,Supermarket Type1,0.081290366,3,3599.3148,147.3734
Low Fat,Health and Hygiene,94.612,Tier 1,Medium,Supermarket Type1,0.044978225,3,652.484,140.8838
Low Fat,Health and Hygiene,189.5556,Tier 1,Medium,Supermarket Type1,0.017746826,3,1126.5336,210.8244
Low Fat,Meat,177.437,Tier 1,Medium,Supermarket Type1,0.069532901,3,5645.984,51.8324
Low Fat,Snack Foods,266.6884,Tier 1,Medium,Supermarket Type1,0.026830586,3,3974.826,108.057
Regular,Baking Goods,213.456,Tier 1,Medium,Supermarket Type1,0.0383808,3,4261.12,62.351
Regular,Baking Goods,50.0034,Tier 1,Medium,Supermarket Type1,0,3,1992.7394,194.411
Regular,Canned,111.1886,Tier 1,Medium,Supermarket Type1,0.170548238,3,2334.9606,113.8834
Regular,Dairy,104.9306,Tier 1,Medium,Supermarket Type1,0.146094132,3,2299.6732,196.1794
Regular,Meat,83.9882,Tier 1,Medium,Supermarket Type1,0.078181964,3,1202.4348,106.7596
Regular,Meat,162.2236,Tier 1,Medium,Supermarket Type1,0.04274788,3,2900.2248,183.695
Regular,Snack Foods,117.3492,Tier 1,Medium,Supermarket Type1,0.010998932,3,810.9444,164.3842
Regular,Snack Foods,219.8456,Tier 1,Medium,Supermarket Type1,0.035561344,3,6189.2768,112.1518
Regular,Snack Foods,188.7898,Tier 1,Medium,Supermarket Type1,0.076878416,3,2057.9878,113.9518
LF,Baking Goods,48.1034,Tier 1,Small,Grocery Store,0.304859104,3,1069.2748,125.4362
Low Fat,Breakfast,102.8332,Tier 1,Small,Grocery Store,0.266234421,3,2768.3964,98.5358
Low Fat,Canned,57.2562,Tier 1,Small,Grocery Store,0.018632082,3,2073.967,82.9908
Low Fat,Canned,127.5362,Tier 1,Small,Grocery Store,0.171383506,3,1006.6896,50.5324
Low Fat,Dairy,188.9872,Tier 1,Small,Grocery Store,0.078764059,3,1323.6104,241.3854
Low Fat,Fruits and Vegetables,48.6718,Tier 1,Small,Grocery Store,0.070660449,3,614.5334,180.4002
Regular,Frozen Foods,37.919,Tier 1,Small,Grocery Store,0.170382726,3,183.095,45.2718
Regular,Frozen Foods,125.2704,Tier 1,Small,Grocery Store,0.279886948,3,2127.8968,193.1478
low fat,Dairy,145.7786,Tier 1,Small,Grocery Store,0,3,1444.786,75.967
Low Fat,Dairy,132.9626,Tier 1,Small,Supermarket Type1,0.076735903,3,3279.065,62.4536
Low Fat,Dairy,260.3304,Tier 1,Small,Supermarket Type1,0.049865399,3,5424.9384,82.925
Low Fat,Dairy,98.7726,Tier 1,Small,Supermarket Type1,0.109911272,3,1859.5794,41.9428
Low Fat,Fruits and Vegetables,97.3726,Tier 1,Small,Supermarket Type1,0.12152072,3,2055.3246,118.244
Low Fat,Fruits and Vegetables,96.5094,Tier 1,Small,Supermarket Type1,0.021496403,3,1332.9316,180.5976
Low Fat,Hard Drinks,42.5428,Tier 1,Small,Supermarket Type1,0,3,878.856,173.8396
Low Fat,Hard Drinks,157.8288,Tier 1,Small,Supermarket Type1,0.019372253,3,2514.0608,40.6164
Low Fat,Household,94.4094,Tier 1,Small,Supermarket Type1,0.061184804,3,1428.141,132.0968
Regular,Baking Goods,157.3604,Tier 1,Small,Supermarket Type1,0.029560451,3,6021.4952,65.8142
Regular,Canned,75.267,Tier 1,Small,Supermarket Type1,0.133145617,3,612.536,218.4798
Regular,Dairy,100.6332,Tier 1,Small,Supermarket Type1,0.164679597,3,1537.998,112.1518
Regular,Dairy,197.311,Tier 1,Small,Supermarket Type1,0.127727102,3,392.822,121.144
Regular,Frozen Foods,109.1886,Tier 1,Small,Supermarket Type1,0.082930699,3,222.3772,35.2558
Regular,Fruits and Vegetables,76.7354,Tier 1,Small,Supermarket Type1,0.159720671,3,2783.7098,147.6102
Regular,Meat,159.0604,Tier 1,Small,Supermarket Type1,0.044252621,3,792.302,102.599
Regular,Snack Foods,168.279,Tier 1,Small,Supermarket Type1,0,3,2376.906,101.5016
Regular,Snack Foods,53.1666,Tier 1,Small,Supermarket Type1,0.041381156,3,768.999,35.019
LF,Household,160.4604,Tier 2,Medium,Supermarket Type1,0.098822387,3,316.9208,209.627
LF,Health and Hygiene,127.3336,Tier 2,Medium,Supermarket Type1,0.117593973,3,3962.8416,154.463
Low Fat,Frozen Foods,250.3092,Tier 2,Medium,Supermarket Type1,0.042707323,3,6723.2484,197.811
Low Fat,Fruits and Vegetables,41.9796,Tier 2,Medium,Supermarket Type1,0.020589623,3,701.7532,53.2324
Low Fat,Health and Hygiene,152.234,Tier 2,Small,Supermarket Type1,0.014488997,3,1071.938,183.795
Low Fat,Household,44.4112,Tier 2,Small,Supermarket Type1,0.093214866,3,767.0016,129.1652
Low Fat,Household,149.4708,Tier 2,Small,Supermarket Type1,0.067290244,3,3159.8868,114.586
Low Fat,Seafood,46.506,Tier 2,Small,Supermarket Type1,0.021579162,3,652.484,105.9596
Low Fat,Snack Foods,151.7024,Tier 2,Small,Supermarket Type1,0,3,2884.2456,115.1834
Low Fat,Snack Foods,130.9968,Tier 2,Small,Supermarket Type1,0.035651291,3,4828.3816,244.917
Low Fat,Snack Foods,209.0638,Tier 2,Small,Supermarket Type1,0.026195131,3,3520.0846,252.6356
Low Fat,Canned,150.7366,Tier 2,Small,Supermarket Type1,0.035084073,3,906.8196,176.4344
Low Fat,Frozen Foods,113.2834,Tier 2,Small,Supermarket Type1,0.099553084,3,4376.9692,40.0164
Low Fat,Fruits and Vegetables,126.7336,Tier 2,Small,Supermarket Type1,0.037835765,3,639.168,111.1886
Low Fat,Health and Hygiene,84.225,Tier 2,Small,Supermarket Type1,0.03066757,3,3162.55,193.4162
Low Fat,Household,116.1176,Tier 2,High,Supermarket Type1,0.026771204,3,2633.9048,246.3776
Low Fat,Snack Foods,89.4856,Tier 2,High,Supermarket Type1,0.075620262,3,1054.6272,123.8046
Low Fat,Soft Drinks,189.9872,Tier 2,High,Supermarket Type1,0.108206497,3,3781.744,58.3904
Regular,Baking Goods,91.4146,Tier 2,High,Supermarket Type1,0.067639698,3,638.5022,187.624
Regular,Dairy,53.7298,Tier 2,High,Supermarket Type1,0.076314907,3,593.2278,196.7794
Regular,Frozen Foods,113.7834,Tier 2,High,Supermarket Type1,0.076198809,3,115.1834,191.3846
Regular,Fruits and Vegetables,218.3166,Tier 2,High,Supermarket Type1,0.077475884,3,1959.4494,255.333
Regular,Fruits and Vegetables,263.491,Tier 2,High,Supermarket Type1,0.059849153,3,1840.937,129.4968
Regular,Fruits and Vegetables,107.8938,Tier 2,High,Supermarket Type1,0.160044589,3,750.3566,145.4102
Regular,Fruits and Vegetables,107.3938,Tier 2,High,Supermarket Type1,0.058946687,3,750.3566,168.6448
Regular,Snack Foods,196.5768,Tier 2,High,Supermarket Type1,0.05671761,3,7685.9952,62.9168
Regular,Snack Foods,109.5228,Tier 2,High,Supermarket Type1,0.021049215,3,1768.3648,161.0578
Regular,Canned,100.8042,Tier 2,High,Supermarket Type1,0.102407778,3,3472.147,234.33
Regular,Canned,37.0164,Tier 2,High,Supermarket Type1,0.074152133,3,540.6296,88.6198
Regular,Dairy,143.3444,Tier 2,High,Supermarket Type1,0.074338562,3,1596.5884,255.5356
Regular,Frozen Foods,53.8298,Tier 2,High,Supermarket Type1,0.076995176,3,1024.6662,112.0228
Regular,Fruits and Vegetables,104.1332,Tier 2,Medium,Supermarket Type1,0.022552083,3,205.0664,226.6036
Regular,Snack Foods,219.4166,Tier 2,Medium,Supermarket Type1,0.073289899,3,6096.0648,120.8098
Regular,Soft Drinks,163.7526,Tier 2,Medium,Supermarket Type1,0.024994069,3,3289.052,37.4822
LF,Soft Drinks,46.306,Tier 2,Small,Supermarket Type1,0.175047104,3,699.09,146.9102
Low Fat,Baking Goods,222.0114,Tier 2,Small,Supermarket Type1,0.027774002,3,6207.9192,152.3708
Low Fat,Breads,233.2642,Tier 2,Small,Supermarket Type1,0.14086247,3,3950.1914,126.4994
Low Fat,Breads,82.325,Tier 2,Small,Supermarket Type1,0.128181759,3,1331.6,156.1314
Low Fat,Dairy,144.8102,Tier 2,Small,Supermarket Type1,0.028411899,3,3062.0142,152.334
Low Fat,Dairy,144.947,Tier 2,Small,Supermarket Type1,0.044489064,3,4294.41,89.4856
Low Fat,Fruits and Vegetables,101.47,Tier 2,Small,Supermarket Type1,0.029779207,3,399.48,39.3138
Low Fat,Fruits and Vegetables,47.6692,Tier 2,Small,Supermarket Type1,0.020544065,3,739.038,49.9324
Low Fat,Hard Drinks,102.5016,Tier 2,Small,Supermarket Type1,0.070234306,3,101.2016,34.9532
Low Fat,Household,184.7608,Tier 2,Small,Supermarket Type1,0.03201648,3,4042.7376,99.6016
Low Fat,Snack Foods,115.0834,Tier 2,Small,Supermarket Type1,0.037680711,3,2764.4016,123.7704
Low Fat,Snack Foods,35.1558,Tier 2,Small,Supermarket Type1,0.040938155,3,339.558,141.1496
Low Fat,Snack Foods,237.2906,Tier 2,Small,Supermarket Type1,0.077709902,3,3089.9778,259.6962
Low Fat,Soft Drinks,124.473,Tier 2,Small,Supermarket Type1,0.050168354,3,1231.73,95.3752
Regular,Canned,36.419,Tier 2,Small,Supermarket Type1,0.030083482,3,109.857,61.922
Regular,Dairy,89.1172,Tier 2,Small,Supermarket Type1,0.073906461,3,892.172,218.4482
Regular,Frozen Foods,211.2928,Tier 2,Small,Supermarket Type1,0.146635206,3,5049.4272,139.0838
Regular,Frozen Foods,32.0558,Tier 2,Small,Supermarket Type1,0.066164431,3,1018.674,147.376
Regular,Frozen Foods,212.9244,Tier 2,Small,Supermarket Type1,0.052401766,3,2540.6928,115.1176
Regular,Fruits and Vegetables,228.801,Tier 2,Small,Supermarket Type1,0.057047756,3,3215.814,240.4512
Regular,Fruits and Vegetables,35.4558,Tier 2,Small,Supermarket Type1,0.159165324,3,135.8232,63.4194
Regular,Fruits and Vegetables,146.1418,Tier 2,Small,Supermarket Type1,0.021453493,3,3089.9778,120.3098
Regular,Starchy Foods,190.9872,Tier 2,Small,Supermarket Type1,0.048676324,3,2836.308,187.7898
low fat,Baking Goods,42.7428,Tier 2,Small,Supermarket Type1,0.013926425,3,703.0848,93.0462
reg,Fruits and Vegetables,194.2136,Tier 2,Small,Supermarket Type1,0.025867261,3,2527.3768,147.6418
LF,Health and Hygiene,35.9874,Tier 3,Medium,Grocery Store,0.060649825,3,282.2992,177.4028
Low Fat,Breads,44.7744,Tier 3,Medium,Grocery Store,0.132590283,3,679.116,98.17
Low Fat,Soft Drinks,177.837,Tier 3,High,Grocery Store,0.057667173,3,6528.169,172.1422
Regular,Frozen Foods,121.173,Tier 3,High,Grocery Store,0.05432142,3,2586.633,146.2102
Low Fat,Baking Goods,198.2426,Tier 3,High,Supermarket Type1,0.056387854,3,790.9704,245.4118
Low Fat,Canned,54.3956,Tier 3,High,Supermarket Type1,0.151279591,3,272.978,107.028
Low Fat,Dairy,109.7912,Tier 3,High,Supermarket Type1,0.025458716,3,1091.912,241.2538
Low Fat,Fruits and Vegetables,193.782,Tier 3,High,Supermarket Type1,0.038653608,3,1158.492,245.4144
Low Fat,Household,254.7698,Tier 3,High,Supermarket Type1,0.051804278,3,5327.0658,150.2024
Low Fat,Household,224.0062,Tier 3,High,Supermarket Type1,0.026963909,3,4288.4178,129.8336
Low Fat,Household,159.7604,Tier 3,High,Supermarket Type1,0,3,4119.9704,187.1898
Low Fat,Snack Foods,238.8538,Tier 3,High,Supermarket Type1,0.071369947,3,4566.7222,209.1612
Low Fat,Snack Foods,160.7262,Tier 3,High,Supermarket Type1,0.043727261,3,1750.3882,182.595
Regular,Canned,111.4544,Tier 3,High,Supermarket Type1,0.050028809,3,1006.6896,80.096
Regular,Frozen Foods,104.0332,Tier 3,High,Supermarket Type1,0.099188598,3,1435.4648,88.9856
Regular,Snack Foods,93.9094,Tier 3,High,Supermarket Type1,0.144511119,3,3903.5854,100.5332
Regular,Snack Foods,261.7278,Tier 3,High,Supermarket Type1,0.037539164,3,4685.9004,106.9254
Regular,Snack Foods,110.9886,Tier 3,High,Supermarket Type1,0,3,111.1886,95.2068
LF,Frozen Foods,174.208,Tier 3,Medium,Supermarket Type2,0.143712172,3,2596.62,60.2878
LF,Health and Hygiene,41.0796,Tier 3,Medium,Supermarket Type2,0.097457483,3,41.2796,114.4492
LF,Starchy Foods,154.2998,Tier 3,Medium,Supermarket Type2,0.071534226,3,1999.3974,124.902
Low Fat,Breads,143.8812,Tier 3,Medium,Supermarket Type2,0.020782036,3,2707.1428,198.3742
Low Fat,Frozen Foods,90.6172,Tier 3,Medium,Supermarket Type2,0.005496816,3,1427.4752,102.8016
Low Fat,Frozen Foods,190.8846,Tier 3,Medium,Supermarket Type2,0.016679143,3,191.0846,119.3098
Low Fat,Hard Drinks,158.6262,Tier 3,Medium,Supermarket Type2,0.123151947,3,3819.0288,175.2396
Low Fat,Hard Drinks,48.8376,Tier 3,Medium,Supermarket Type2,0.075757177,3,47.9376,233.8616
Low Fat,Health and Hygiene,104.999,Tier 3,Medium,Supermarket Type2,0.032387589,3,1444.786,164.3526
Low Fat,Health and Hygiene,186.5214,Tier 3,Medium,Supermarket Type2,0.017714096,3,5275.7992,132.9626
Low Fat,Health and Hygiene,125.073,Tier 3,Medium,Supermarket Type2,0,3,985.384,126.1704
Low Fat,Household,213.756,Tier 3,Medium,Supermarket Type2,0.031866022,3,1065.28,261.291
Low Fat,Household,58.9246,Tier 3,Medium,Supermarket Type2,0.168064909,3,926.7936,176.2712
Low Fat,Snack Foods,155.0998,Tier 3,Medium,Supermarket Type2,0,3,2768.3964,116.4834
Low Fat,Snack Foods,129.1652,Tier 3,Medium,Supermarket Type2,0.054455125,3,2841.6344,142.0154
Regular,Baking Goods,84.5908,Tier 3,Medium,Supermarket Type2,0.034551415,3,3020.0688,98.1726
Regular,Canned,207.3638,Tier 3,Medium,Supermarket Type2,0.046824729,3,5797.7864,155.1998
Regular,Dairy,189.0846,Tier 3,Medium,Supermarket Type2,0.048403392,3,4012.7766,48.2376
Regular,Frozen Foods,181.695,Tier 3,Medium,Supermarket Type2,0.070979698,3,2929.52,229.501
Regular,Fruits and Vegetables,190.8846,Tier 3,Medium,Supermarket Type2,0.041726942,3,191.0846,122.0072
Regular,Fruits and Vegetables,180.066,Tier 3,Medium,Supermarket Type2,0.156679617,3,2157.192,238.8538
Regular,Fruits and Vegetables,224.1062,Tier 3,Medium,Supermarket Type2,0.041098734,3,4965.5364,80.9276
Regular,Meat,260.1962,Tier 3,Medium,Supermarket Type2,0.095045476,3,2848.9582,213.456
Regular,Snack Foods,237.359,Tier 3,Medium,Supermarket Type2,0.0258457,3,6145.334,188.9872
low fat,Health and Hygiene,101.799,Tier 3,Medium,Supermarket Type2,0.144006886,3,1960.781,94.741
LF,Hard Drinks,263.8568,Tier 3,Medium,Supermarket Type3,0.003574698,3,790.9704,154.6998
Low Fat,Baking Goods,184.6608,Tier 3,Medium,Supermarket Type3,0.031251369,3,367.5216,93.3462
Low Fat,Breads,94.5752,Tier 3,Medium,Supermarket Type3,0.020597493,3,1821.6288,200.0742
Low Fat,Canned,113.8492,Tier 3,Medium,Supermarket Type3,0.14095631,3,1737.738,167.7132
Low Fat,Dairy,171.4422,Tier 3,Medium,Supermarket Type3,0.007962273,3,2241.7486,174.0422
Low Fat,Fruits and Vegetables,62.8194,Tier 3,Medium,Supermarket Type3,0.016876708,3,61.9194,210.0586
Low Fat,Fruits and Vegetables,262.791,Tier 3,Medium,Supermarket Type3,0.054806734,3,3681.874,145.1444
Low Fat,Hard Drinks,121.8414,Tier 3,Medium,Supermarket Type3,0.063831013,3,2802.3522,46.206
Low Fat,Household,41.377,Tier 3,Medium,Supermarket Type3,0,3,649.155,98.1726
Low Fat,Household,120.944,Tier 3,Medium,Supermarket Type3,0.111777297,3,1078.596,124.6046
Low Fat,Household,78.7328,Tier 3,Medium,Supermarket Type3,0.044591774,3,1390.1904,59.6562
Low Fat,Meat,96.4068,Tier 3,Medium,Supermarket Type3,0.118872194,3,2624.5836,188.353
Low Fat,Snack Foods,225.2088,Tier 3,Medium,Supermarket Type3,0.038340116,3,447.4176,240.1564
Low Fat,Snack Foods,183.795,Tier 3,Medium,Supermarket Type3,0.039385518,3,2929.52,164.8526
Low Fat,Snack Foods,92.6462,Tier 3,Medium,Supermarket Type3,0.104348025,3,1665.8316,156.263
Low Fat,Soft Drinks,156.5288,Tier 3,Medium,Supermarket Type3,0.049934854,3,1571.288,95.0752
Regular,Breads,160.692,Tier 3,Medium,Supermarket Type3,0.056192276,3,1917.504,103.1648
Regular,Dairy,227.801,Tier 3,Medium,Supermarket Type3,0.067543727,3,3904.917,57.2562
Regular,Fruits and Vegetables,116.6492,Tier 3,Medium,Supermarket Type3,0.160722863,3,2316.984,65.7168
Regular,Fruits and Vegetables,98.1726,Tier 3,Medium,Supermarket Type3,0.046544984,3,685.1082,172.0422
Regular,Snack Foods,169.2474,Tier 3,Medium,Supermarket Type3,0.013431109,3,3705.8428,143.7154
Regular,Snack Foods,250.6092,Tier 3,Medium,Supermarket Type3,0.04016342,3,6474.2392,181.166
low fat,Hard Drinks,149.7708,Tier 3,Medium,Supermarket Type3,0.04778563,3,150.4708,156.5946
Low Fat,Dairy,126.2704,Tier 3,Small,Grocery Store,0.170348551,2.9,3629.9416,55.7956
Low Fat,Soft Drinks,248.6408,Tier 3,High,Supermarket Type1,0.113234914,2.9,6759.2016,186.3924
Regular,Fruits and Vegetables,170.7448,Tier 1,Medium,Supermarket Type1,0.053930934,2.9,2045.3376,87.3856
Regular,Snack Foods,196.5768,Tier 1,Medium,Supermarket Type1,0.173027688,2.9,4729.8432,155.2972
Low Fat,Canned,143.3786,Tier 1,Small,Grocery Store,0.21799414,2.9,866.8716,266.5884
Low Fat,Soft Drinks,128.3678,Tier 1,Small,Grocery Store,0,2.9,3179.195,261.291
Low Fat,Dairy,177.2002,Tier 1,Small,Supermarket Type1,0.089971292,2.9,2149.2024,143.2154
Low Fat,Soft Drinks,178.1028,Tier 1,Small,Supermarket Type1,0.029781363,2.9,4604.6728,146.9444
Low Fat,Soft Drinks,182.6266,Tier 1,Small,Supermarket Type1,0.112896669,2.9,2581.9724,36.0848
LF,Hard Drinks,208.8638,Tier 2,Medium,Supermarket Type1,0.070587419,2.9,2484.7656,176.9344
Low Fat,Household,185.3608,Tier 2,Small,Supermarket Type1,0.090374342,2.9,5329.0632,114.3176
Low Fat,Soft Drinks,206.1638,Tier 2,Small,Supermarket Type1,0.019417732,2.9,4141.276,153.7972
Regular,Fruits and Vegetables,43.4086,Tier 2,High,Supermarket Type1,0.107662745,2.9,44.6086,143.8786
reg,Snack Foods,95.6068,Tier 2,Medium,Supermarket Type1,0.121940099,2.9,2332.9632,95.3752
Low Fat,Dairy,54.064,Tier 2,Small,Supermarket Type1,0.055379648,2.9,1118.544,198.1768
Regular,Fruits and Vegetables,196.5768,Tier 2,Small,Supermarket Type1,0.065621523,2.9,1576.6144,186.5214
LF,Snack Foods,95.6778,Tier 3,High,Supermarket Type1,0.066879757,2.9,2910.2118,174.437
Low Fat,Dairy,103.7674,Tier 3,High,Supermarket Type1,0.08989642,2.9,2852.2872,143.4154
Low Fat,Hard Drinks,197.7084,Tier 3,High,Supermarket Type1,0.015291576,2.9,3372.9428,106.1938
Regular,Frozen Foods,256.033,Tier 3,High,Supermarket Type1,0.032427039,2.9,1281.665,147.7102
Low Fat,Household,143.6154,Tier 3,Medium,Supermarket Type2,0.03525175,2.9,2127.231,48.0034
Regular,Meat,47.1376,Tier 3,Medium,Supermarket Type2,0.137926458,2.9,767.0016,184.7608
Low Fat,Canned,42.4454,Tier 3,Medium,Supermarket Type3,0.135836915,2.9,293.6178,93.8094
Low Fat,Snack Foods,79.596,Tier 3,Medium,Supermarket Type3,0.073985248,2.9,1038.648,252.5724
Low Fat,Household,60.2904,Tier 2,Small,Supermarket Type1,0.020603511,2.8,1581.9408,42.7112
Low Fat,Soft Drinks,264.1884,Tier 2,Small,Supermarket Type1,0.049357077,2.8,3444.8492,62.6168
Low Fat,Starchy Foods,88.9172,Tier 1,Small,Supermarket Type1,0.041291169,2.8,1695.1268,180.7634
Low Fat,Soft Drinks,43.7454,Tier 3,Medium,Supermarket Type2,0.013898123,2.8,545.2902,46.506
Regular,Canned,41.5138,Tier 3,Medium,Supermarket Type3,0.083109455,2.8,162.4552,195.8426
Low Fat,Snack Foods,171.7422,Tier 3,Medium,Supermarket Type2,0.058369013,2.8,6207.9192,115.2834
Regular,Snack Foods,98.6068,Tier 3,High,Supermarket Type1,0,2.8,97.2068,57.3562
Regular,Fruits and Vegetables,98.041,Tier 2,Medium,Supermarket Type1,0.016630303,2.8,675.787,48.1034
Low Fat,Fruits and Vegetables,198.7768,Tier 1,Small,Grocery Store,0.220225608,2.8,4532.7664,85.6198
Low Fat,Canned,184.624,Tier 1,Medium,Supermarket Type1,0.032152004,2.8,1304.968,50.6008
Low Fat,Snack Foods,37.0848,Tier 1,Medium,Supermarket Type1,0.020423549,2.8,447.4176,249.0092
Regular,Breads,172.6764,Tier 1,Medium,Supermarket Type1,0.142759833,2.8,858.882,159.3578
reg,Fruits and Vegetables,94.1436,Tier 1,Medium,Supermarket Type1,0.049712775,2.8,1134.5232,78.2644
Low Fat,Household,89.9146,Tier 1,Small,Grocery Store,0.072295507,2.8,2189.1504,89.7514
Low Fat,Health and Hygiene,179.766,Tier 1,Small,Supermarket Type1,0.041865848,2.8,179.766,189.7214
Low Fat,Snack Foods,220.5456,Tier 1,Small,Supermarket Type1,0.103751236,2.8,3094.6384,235.8932
Low Fat,Soft Drinks,246.4802,Tier 2,Small,Supermarket Type1,0,2.8,982.7208,141.6154
Low Fat,Frozen Foods,93.3462,Tier 2,Small,Supermarket Type1,0.169405699,2.8,1018.0082,46.106
Low Fat,Fruits and Vegetables,145.1102,Tier 2,Small,Supermarket Type1,0.077290355,2.8,1603.9122,44.5086
Regular,Baking Goods,122.5756,Tier 2,High,Supermarket Type1,0.026117345,2.8,2181.1608,239.2196
Regular,Fruits and Vegetables,177.5686,Tier 2,Medium,Supermarket Type1,0.04179272,2.8,711.0744,122.0072
LF,Baking Goods,148.705,Tier 2,Small,Supermarket Type1,0,2.8,2996.1,152.6024
Low Fat,Snack Foods,110.2912,Tier 2,Small,Supermarket Type1,0,2.8,218.3824,52.4008
Regular,Canned,180.9318,Tier 2,Small,Supermarket Type1,0.091954465,2.8,3247.7724,250.6408
Regular,Dairy,248.8092,Tier 2,Small,Supermarket Type1,0.007538459,2.8,6723.2484,144.2102
Regular,Fruits and Vegetables,171.4422,Tier 2,Small,Supermarket Type1,0.044974051,2.8,3448.844,115.5808
Regular,Breads,156.8604,Tier 3,High,Grocery Store,0.091195818,2.8,316.9208,130.231
Regular,Snack Foods,105.199,Tier 3,High,Grocery Store,0.055084019,2.8,3199.169,114.7518
Low Fat,Health and Hygiene,148.6418,Tier 3,High,Supermarket Type1,0.035626319,2.8,3972.8286,93.112
Low Fat,Household,76.4986,Tier 3,High,Supermarket Type1,0.055382616,2.8,778.986,115.0518
Low Fat,Soft Drinks,253.7356,Tier 3,High,Supermarket Type1,0.019033838,2.8,3815.034,185.624
Regular,Dairy,78.4986,Tier 3,High,Supermarket Type1,0.156701315,2.8,1791.6678,240.7538
Regular,Frozen Foods,53.7614,Tier 3,High,Supermarket Type1,0.078863888,2.8,1436.7964,83.2276
Regular,Fruits and Vegetables,148.005,Tier 3,High,Supermarket Type1,0.073997843,2.8,1797.66,207.0638
LF,Breads,213.4218,Tier 3,Medium,Supermarket Type2,0.1062679,2.8,3846.9924,123.2046
LF,Fruits and Vegetables,251.504,Tier 3,Medium,Supermarket Type2,0.020798905,2.8,7084.112,123.6046
Low Fat,Soft Drinks,114.0492,Tier 3,Medium,Supermarket Type2,0.084676173,2.8,2085.2856,263.191
Regular,Baking Goods,65.0826,Tier 3,Medium,Supermarket Type2,0.104445322,2.8,193.7478,167.25
Regular,Dairy,92.4488,Tier 3,Medium,Supermarket Type2,0.019590769,2.8,996.0368,261.591
Regular,Frozen Foods,162.7526,Tier 3,Medium,Supermarket Type2,0.046277956,2.8,3124.5994,36.7506
reg,Breads,174.1054,Tier 3,Medium,Supermarket Type2,0.054706408,2.8,4377.635,128.931
Low Fat,Fruits and Vegetables,186.3556,Tier 3,Medium,Supermarket Type3,0.017344679,2.8,3567.3564,230.801
Low Fat,Hard Drinks,114.715,Tier 3,Medium,Supermarket Type3,0.071628097,2.8,1048.635,251.904
Low Fat,Health and Hygiene,154.663,Tier 3,Medium,Supermarket Type3,0.174336148,2.8,2816.334,184.0608
Low Fat,Household,132.8626,Tier 3,Medium,Supermarket Type3,0.082955719,2.8,524.6504,164.0552
Regular,Breads,116.4466,Tier 3,Medium,Supermarket Type3,0.067373081,2.8,1178.466,258.8988
Regular,Canned,122.4098,Tier 3,Medium,Supermarket Type3,0.026391403,2.8,120.5098,92.812
Regular,Fruits and Vegetables,165.8526,Tier 3,Medium,Supermarket Type3,0.049395242,2.8,3946.8624,80.3644
Regular,Snack Foods,151.8024,Tier 3,Medium,Supermarket Type3,0.122519571,2.8,1366.2216,93.0436
Low Fat,Health and Hygiene,181.4634,Tier 1,Medium,Supermarket Type1,0.073493831,2.7,1090.5804,118.344
Low Fat,Soft Drinks,99.3016,Tier 1,Medium,Supermarket Type1,0.082367244,2.7,607.2096,187.753
Low Fat,Frozen Foods,93.212,Tier 1,Small,Grocery Store,0.173324207,2.7,1304.968,39.9164
Regular,Baking Goods,130.1968,Tier 1,Small,Supermarket Type1,0.062224479,2.7,1565.9616,88.1514
Low Fat,Household,105.2622,Tier 2,Small,Supermarket Type1,0.052608525,2.7,2328.9684,191.253
Low Fat,Dairy,173.8396,Tier 2,Small,Supermarket Type1,0,2.7,1221.0772,83.825
Low Fat,Household,231.9642,Tier 2,Small,Supermarket Type1,0.03674399,2.7,6970.926,231.201
Low Fat,Baking Goods,49.4034,Tier 2,Small,Supermarket Type1,0.021427082,2.7,777.6544,156.5288
Low Fat,Hard Drinks,186.0266,Tier 2,Small,Supermarket Type1,0.020916223,2.7,2950.8256,141.8128
reg,Fruits and Vegetables,159.2604,Tier 2,Small,Supermarket Type1,0.132058566,2.7,3961.51,187.5872
Low Fat,Canned,104.599,Tier 3,High,Supermarket Type1,0.047743195,2.7,309.597,248.3092
Low Fat,Frozen Foods,42.9086,Tier 3,High,Supermarket Type1,0.079152918,2.7,758.3462,223.8062
Low Fat,Health and Hygiene,222.3772,Tier 3,High,Supermarket Type1,0.024363026,2.7,9562.2196,114.0492
Low Fat,Health and Hygiene,163.9526,Tier 3,High,Supermarket Type1,0.09698132,2.7,1644.526,116.3492
Low Fat,Household,193.0794,Tier 3,High,Supermarket Type1,0,2.7,3901.588,157.7972
Low Fat,Soft Drinks,90.483,Tier 3,High,Supermarket Type1,0.174934513,2.7,1617.894,145.0102
Low Fat,Fruits and Vegetables,57.8562,Tier 3,Medium,Supermarket Type2,0.078060605,2.7,711.0744,96.0094
Low Fat,Household,113.1886,Tier 3,Medium,Supermarket Type2,0.067569539,2.7,3335.658,43.0796
Regular,Meat,217.6166,Tier 3,Medium,Supermarket Type2,0.042855388,2.7,3265.749,181.695
Regular,Snack Foods,147.2076,Tier 3,Medium,Supermarket Type2,0.030413777,2.7,739.038,221.3114
LF,Frozen Foods,153.5024,Tier 3,Medium,Supermarket Type3,0.126924095,2.7,2580.6408,87.2224
Low Fat,Canned,179.9976,Tier 3,Medium,Supermarket Type2,0.069102831,2.6,181.0976,259.9278
Regular,Canned,160.192,Tier 1,Small,Supermarket Type1,0.054378253,2.6,1597.92,59.1904
Low Fat,Hard Drinks,180.0002,Tier 1,Medium,Supermarket Type1,0.016852909,2.6,4656.6052,180.666
Regular,Fruits and Vegetables,262.8252,Tier 1,Medium,Supermarket Type1,0.122494876,2.6,2885.5772,100.1016
Regular,Snack Foods,59.6562,Tier 1,Medium,Supermarket Type1,0.01404119,2.6,2192.4794,199.1084
Low Fat,Baking Goods,125.5704,Tier 1,Small,Supermarket Type1,0.130415118,2.6,3880.2824,75.9328
Regular,Frozen Foods,105.728,Tier 1,Small,Supermarket Type1,0.046090204,2.6,2024.032,37.1506
Low Fat,Fruits and Vegetables,171.3448,Tier 2,Small,Supermarket Type1,0.110633958,2.6,3238.4512,173.808
Low Fat,Snack Foods,228.6668,Tier 2,High,Supermarket Type1,0,2.6,4146.6024,146.076
Regular,Baking Goods,100.0384,Tier 2,High,Supermarket Type1,0.140955857,2.6,2463.46,92.212
Regular,Soft Drinks,165.4868,Tier 2,Small,Supermarket Type1,0.109075742,2.6,2293.0152,42.9112
Low Fat,Dairy,112.4518,Tier 3,High,Supermarket Type1,0.093307668,2.6,3301.7022,195.9426
Low Fat,Dairy,260.1936,Tier 3,High,Supermarket Type1,0.087920675,2.6,3914.904,228.5668
Low Fat,Household,43.1428,Tier 3,Medium,Supermarket Type2,0.015750947,2.6,703.0848,182.5976
Regular,Dairy,109.9228,Tier 2,Small,Supermarket Type1,0.119418124,2.5,663.1368,231.03
Low Fat,Fruits and Vegetables,94.1094,Tier 2,Small,Supermarket Type1,0.148821808,2.5,190.4188,241.2854
Regular,Fruits and Vegetables,35.1216,Tier 2,Small,Supermarket Type1,0.087584126,2.5,830.9184,221.7456
Regular,Fruits and Vegetables,110.857,Tier 2,Medium,Supermarket Type1,0,2.5,329.571,139.9838
Low Fat,Snack Foods,125.9046,Tier 3,Medium,Supermarket Type2,0.020474913,2.5,2365.5874,248.4092
Regular,Snack Foods,261.7594,Tier 2,Medium,Supermarket Type1,0.070699313,2.5,523.3188,65.7484
Low Fat,Dairy,181.6292,Tier 1,Medium,Supermarket Type1,0.087310672,2.5,1094.5752,95.541
Low Fat,Frozen Foods,105.728,Tier 1,Medium,Supermarket Type1,0.066887123,2.5,1704.448,183.9292
Low Fat,Fruits and Vegetables,188.424,Tier 1,Medium,Supermarket Type1,0.008778413,2.5,2237.088,122.4414
Low Fat,Snack Foods,91.912,Tier 1,Medium,Supermarket Type1,0.026182758,2.5,2609.936,253.6356
Regular,Baking Goods,197.1084,Tier 1,Medium,Supermarket Type1,0.024935297,2.5,2182.4924,172.0422
Regular,Frozen Foods,239.088,Tier 1,Medium,Supermarket Type1,0.062797771,2.5,719.064,103.999
reg,Frozen Foods,190.1872,Tier 1,Medium,Supermarket Type1,0.091054989,2.5,3781.744,231.8984
Low Fat,Snack Foods,87.6856,Tier 1,Small,Grocery Store,0,2.5,1845.5976,154.534
Regular,Meat,41.1138,Tier 1,Small,Grocery Store,0.059110912,2.5,690.4346,199.3426
Low Fat,Fruits and Vegetables,145.4786,Tier 1,Small,Supermarket Type1,0.072881535,2.5,1300.3074,191.353
Low Fat,Health and Hygiene,56.8904,Tier 1,Small,Supermarket Type1,0.089778187,2.5,1406.1696,158.4604
Low Fat,Household,122.8072,Tier 1,Small,Supermarket Type1,0.186067862,2.5,857.5504,255.4698
Low Fat,Others,115.186,Tier 1,Small,Supermarket Type1,0.118180011,2.5,2490.092,56.2588
Low Fat,Snack Foods,248.5408,Tier 1,Small,Supermarket Type1,0.031095246,2.5,751.0224,185.7582
Low Fat,Snack Foods,105.128,Tier 1,Small,Supermarket Type1,0.074345268,2.5,1065.28,251.9724
Low Fat,Baking Goods,161.692,Tier 2,Medium,Supermarket Type1,0.095351065,2.5,159.792,158.6604
Low Fat,Soft Drinks,172.9738,Tier 2,Small,Supermarket Type1,0.020618957,2.5,4344.345,153.0656
Low Fat,Frozen Foods,115.515,Tier 2,Small,Supermarket Type1,0.063925726,2.5,1980.755,151.8708
Low Fat,Hard Drinks,163.521,Tier 2,Small,Supermarket Type1,0.042530668,2.5,1794.331,125.5388
Low Fat,Household,96.7384,Tier 2,High,Supermarket Type1,0.029173031,2.5,2956.152,145.7786
Regular,Frozen Foods,120.0098,Tier 2,High,Supermarket Type1,0.121767168,2.5,1687.1372,118.9466
Regular,Fruits and Vegetables,231.1668,Tier 2,High,Supermarket Type1,0.105881129,2.5,7602.1044,42.0796
Regular,Fruits and Vegetables,184.1266,Tier 2,High,Supermarket Type1,0.026355345,2.5,1659.8394,100.8332
Regular,Meat,42.8454,Tier 2,High,Supermarket Type1,0,2.5,167.7816,94.9752
Regular,Snack Foods,245.1802,Tier 2,High,Supermarket Type1,0.136705075,2.5,2456.802,194.882
Regular,Canned,122.0072,Tier 2,High,Supermarket Type1,0.032359413,2.5,1347.5792,187.424
Regular,Canned,130.131,Tier 2,High,Supermarket Type1,0.053027398,2.5,1557.972,86.0224
low fat,Hard Drinks,222.0772,Tier 2,Medium,Supermarket Type1,0.042377219,2.5,2001.3948,123.7388
LF,Snack Foods,56.2272,Tier 2,Small,Supermarket Type1,0.084949955,2.5,559.272,109.7912
Low Fat,Frozen Foods,266.5884,Tier 2,Small,Supermarket Type1,0.088807455,2.5,6624.71,197.3452
Low Fat,Hard Drinks,138.518,Tier 2,Small,Supermarket Type1,0.016823566,2.5,2237.088,178.566
Regular,Canned,196.2794,Tier 2,Small,Supermarket Type1,0.034693175,2.5,2731.1116,140.1496
Regular,Fruits and Vegetables,63.1194,Tier 2,Small,Supermarket Type1,0.030938774,2.5,1300.3074,121.0072
Low Fat,Fruits and Vegetables,87.1198,Tier 3,Medium,Grocery Store,0.064547828,2.5,1657.1762,212.8586
LF,Health and Hygiene,118.6098,Tier 3,High,Supermarket Type1,0.008554052,2.5,361.5294,116.9492
Low Fat,Fruits and Vegetables,63.5852,Tier 3,High,Supermarket Type1,0.087380432,2.5,751.0224,109.7228
Low Fat,Snack Foods,238.8248,Tier 3,High,Supermarket Type1,0.058346234,2.5,3555.372,44.0744
Low Fat,Snack Foods,38.3506,Tier 3,High,Supermarket Type1,0.039544237,2.5,986.7156,163.6526
Regular,Dairy,103.8964,Tier 3,High,Supermarket Type1,0.019495051,2.5,946.7676,261.291
Low Fat,Canned,191.6504,Tier 3,Medium,Supermarket Type3,0.097410707,2.5,2492.7552,52.7324
Low Fat,Frozen Foods,261.0278,Tier 3,Medium,Supermarket Type3,0.052300844,2.5,4165.2448,88.283
Low Fat,Snack Foods,110.557,Tier 3,Medium,Supermarket Type3,0.048830264,2.5,3844.995,113.1176
Low Fat,Household,172.5106,Tier 3,High,Supermarket Type1,0.031125709,2.4,2566.659,174.3054
Low Fat,Dairy,257.2962,Tier 1,Small,Grocery Store,0.152632413,2.4,2330.9658,98.441
Regular,Dairy,35.7216,Tier 1,Small,Grocery Store,0.299097859,2.4,69.2432,157.863
Low Fat,Soft Drinks,196.9768,Tier 2,Small,Supermarket Type1,0,2.4,2759.0752,173.7422
Low Fat,Seafood,88.9514,Tier 2,Small,Supermarket Type1,0.05606697,2.4,885.514,50.7982
Regular,Dairy,153.6682,Tier 3,High,Grocery Store,0.080688663,2.4,1677.1502,46.7376
LF,Fruits and Vegetables,261.5936,Tier 3,High,Supermarket Type1,0.037549969,2.4,6002.8528,176.1054
Low Fat,Breads,127.202,Tier 3,High,Supermarket Type1,0.069043044,2.4,506.008,218.7166
Low Fat,Snack Foods,123.8414,Tier 3,High,Supermarket Type1,0.089197963,2.4,1340.2554,257.3672
Low Fat,Starchy Foods,167.4816,Tier 3,High,Supermarket Type1,0,2.4,3691.1952,191.882
Low Fat,Household,182.3292,Tier 3,Medium,Supermarket Type3,0.032610007,2.4,3831.0132,37.4822
Regular,Soft Drinks,122.3388,Tier 3,Medium,Supermarket Type2,0.019278216,2.3,371.5164,48.2692
low fat,Frozen Foods,207.7638,Tier 3,High,Supermarket Type1,0.088750333,2.3,3520.0846,196.5452
Low Fat,Fruits and Vegetables,161.8868,Tier 1,Small,Grocery Store,0.122896411,2.3,5077.3908,111.1912
Low Fat,Meat,261.391,Tier 1,Small,Grocery Store,0.172309903,2.3,1840.937,98.2042
Low Fat,Baking Goods,149.6392,Tier 2,Small,Supermarket Type1,0.077899109,2.3,894.8352,177.766
Low Fat,Health and Hygiene,48.7692,Tier 1,Medium,Supermarket Type1,0.041802518,2.3,1231.73,34.8216
Low Fat,Starchy Foods,177.1344,Tier 1,Medium,Supermarket Type1,0.154228739,2.3,2854.9504,107.3938
Low Fat,Frozen Foods,96.9752,Tier 1,Small,Grocery Store,0.023876708,2.3,958.752,258.6304
Low Fat,Canned,109.5886,Tier 1,Small,Supermarket Type1,0.121250374,2.3,1000.6974,92.7778
Regular,Baking Goods,34.6874,Tier 1,Small,Supermarket Type1,0,2.3,317.5866,129.1626
Regular,Frozen Foods,230.8352,Tier 1,Small,Supermarket Type1,0.049280292,2.3,3435.528,245.6144
Low Fat,Breakfast,193.3162,Tier 2,Small,Supermarket Type1,0.021497594,2.3,5772.486,230.3326
Regular,Baking Goods,139.9838,Tier 2,High,Supermarket Type1,0.039261947,2.3,1123.8704,207.4296
Low Fat,Health and Hygiene,199.1084,Tier 3,Medium,Grocery Store,0.027133398,2.3,4761.8016,106.2596
Low Fat,Snack Foods,148.7708,Tier 3,High,Grocery Store,0.186528819,2.3,2708.4744,151.9998
Low Fat,Dairy,214.6876,Tier 3,High,Supermarket Type1,0.023820082,2.3,3001.4264,97.6042
Low Fat,Household,170.2106,Tier 3,High,Supermarket Type1,0.036611104,2.3,1882.2166,180.9318
Low Fat,Soft Drinks,141.647,Tier 3,High,Supermarket Type1,0.037155206,2.3,429.441,166.4526
Regular,Snack Foods,110.5544,Tier 3,High,Supermarket Type1,0.044945123,2.3,1565.9616,101.0016
Low Fat,Meat,222.0772,Tier 3,Medium,Supermarket Type2,0.010674255,2.3,3113.2808,63.4826
Regular,Baking Goods,259.1962,Tier 3,Medium,Supermarket Type2,0.117839328,2.3,5179.924,195.211
Low Fat,Hard Drinks,169.979,Tier 3,Medium,Supermarket Type3,0,2.3,169.779,188.1872
Low Fat,Health and Hygiene,108.228,Tier 3,Medium,Supermarket Type3,0.030208465,2.3,213.056,35.4874
Low Fat,Health and Hygiene,229.501,Tier 3,Medium,Supermarket Type3,0.030062224,2.3,1607.907,154.3656
Regular,Fruits and Vegetables,148.0392,Tier 3,Medium,Supermarket Type3,0.105812357,2.3,447.4176,175.0396
Regular,Snack Foods,152.9998,Tier 3,Medium,Supermarket Type3,0.01268995,2.3,3691.1952,56.4588
Regular,Dairy,196.1452,Tier 1,Small,Supermarket Type1,0.045463773,2.2,1565.9616,144.1102
Low Fat,Frozen Foods,183.2924,Tier 2,Medium,Supermarket Type1,0.011636708,2.2,2406.2012,94.541
Low Fat,Fruits and Vegetables,47.306,Tier 1,Small,Supermarket Type1,0.096733815,2.2,605.878,233.1958
Low Fat,Fruits and Vegetables,250.1092,Tier 1,Medium,Supermarket Type1,0.022831052,2.2,4233.1564,160.292
Low Fat,Fruits and Vegetables,109.7228,Tier 1,Medium,Supermarket Type1,0.135944247,2.2,331.5684,171.5106
Regular,Frozen Foods,185.7556,Tier 1,Medium,Supermarket Type1,0.04163619,2.2,3942.8676,47.3376
Low Fat,Starchy Foods,142.847,Tier 1,Small,Supermarket Type1,0.097618234,2.2,1574.617,223.9746
Low Fat,Snack Foods,146.5734,Tier 2,Small,Supermarket Type1,0.162211939,2.2,2375.5744,107.0622
Low Fat,Fruits and Vegetables,117.1492,Tier 3,Medium,Supermarket Type3,0.040318693,2.2,2780.3808,186.224
Low Fat,Household,172.0422,Tier 1,Medium,Supermarket Type1,0.039207025,2.1,1379.5376,116.1176
Low Fat,Soft Drinks,104.528,Tier 1,Medium,Supermarket Type1,0.071188446,2.1,1065.28,111.9518
Low Fat,Hard Drinks,197.0768,Tier 2,Medium,Supermarket Type1,0.084008316,2.1,8868.456,108.2596
Regular,Frozen Foods,256.4672,Tier 3,Medium,Supermarket Type3,0,2.1,5369.0112,37.0506
Regular,Snack Foods,92.8146,Tier 1,Medium,Supermarket Type1,0.074264356,2,2097.9358,264.7568
Regular,Fruits and Vegetables,83.725,Tier 2,Small,Supermarket Type1,0.07838564,2,1165.15,256.4646
Low Fat,Household,241.317,Tier 2,Small,Supermarket Type1,0.027139013,2,3645.255,127.3336
Regular,Meat,52.364,Tier 1,Small,Supermarket Type1,0.065520388,2,53.264,168.3816
Low Fat,Health and Hygiene,211.856,Tier 3,Medium,Supermarket Type2,0.035801238,2,3621.952,92.612
Low Fat,Fruits and Vegetables,114.1518,Tier 2,Small,Supermarket Type1,0.04874969,2,1821.6288,37.5506
Regular,Baking Goods,37.8822,Tier 2,Small,Supermarket Type1,0.060863167,2,589.233,97.6384
Low Fat,Snack Foods,177.0686,Tier 2,Medium,Supermarket Type1,0.160292264,2,3022.0662,94.712
Low Fat,Household,231.3668,Tier 2,Medium,Supermarket Type1,0.119345629,2,5759.17,261.991
LF,Frozen Foods,55.9614,Tier 1,Small,Supermarket Type1,0.065810045,2,386.8298,149.105
Regular,Breakfast,34.5558,Tier 1,Small,Grocery Store,0.05787008,2,441.4254,49.7008
Low Fat,Baking Goods,159.9604,Tier 1,Medium,Supermarket Type1,0.078034976,2,2852.2872,178.066
Low Fat,Dairy,176.2054,Tier 1,Medium,Supermarket Type1,0.090111173,2,1225.7378,141.3154
Low Fat,Household,92.2778,Tier 1,Medium,Supermarket Type1,0.167844438,2,469.389,193.9136
Low Fat,Soft Drinks,144.476,Tier 1,Medium,Supermarket Type1,0.03898577,2,3661.9,34.619
Regular,Dairy,156.463,Tier 1,Medium,Supermarket Type1,0.078909166,2,312.926,186.724
Low Fat,Canned,92.3146,Tier 1,Small,Grocery Store,0.079931185,2,1094.5752,219.7456
Regular,Baking Goods,186.8556,Tier 1,Small,Grocery Store,0.224607399,2,2440.8228,223.1404
Regular,Meat,97.5726,Tier 1,Small,Grocery Store,0.026420581,2,978.726,250.9408
Regular,Snack Foods,220.4772,Tier 1,Small,Grocery Store,0.019153299,2,444.7544,57.6588
Low Fat,Health and Hygiene,153.2998,Tier 1,Small,Supermarket Type1,0.047897663,2,2153.1972,44.677
Low Fat,Others,145.5102,Tier 1,Small,Supermarket Type1,0.015676231,2,5978.2182,144.047
Low Fat,Soft Drinks,169.0132,Tier 1,Small,Supermarket Type1,0.014555066,2,1860.2452,145.2102
Regular,Breakfast,228.8668,Tier 1,Small,Supermarket Type1,0.125224466,2,1612.5676,41.248
Regular,Fruits and Vegetables,172.108,Tier 1,Small,Supermarket Type1,0.125687917,2,2077.296,178.2028
Regular,Meat,109.757,Tier 1,Small,Supermarket Type1,0,2,1208.427,81.6276
Low Fat,Dairy,218.185,Tier 2,Medium,Supermarket Type1,0.045400017,2,5193.24,38.8138
Low Fat,Fruits and Vegetables,115.3492,Tier 2,Medium,Supermarket Type1,0.030155224,2,1274.3412,214.7192
Low Fat,Hard Drinks,37.8822,Tier 2,Small,Supermarket Type1,0.13747519,2,1021.3372,158.6578
Low Fat,Frozen Foods,178.437,Tier 2,Small,Supermarket Type1,0.131921819,2,1235.059,246.346
Low Fat,Frozen Foods,121.5414,Tier 2,Small,Supermarket Type1,0.026140452,2,1340.2554,149.0076
Low Fat,Household,41.7112,Tier 2,Small,Supermarket Type1,0.080747059,2,852.224,46.9718
Low Fat,Soft Drinks,199.6084,Tier 2,High,Supermarket Type1,0,2,3769.7596,41.377
Regular,Breads,159.692,Tier 2,High,Supermarket Type1,0.074883035,2,3515.424,79.8986
Regular,Frozen Foods,155.2998,Tier 2,High,Supermarket Type1,0.066311153,2,1230.3984,145.776
Regular,Fruits and Vegetables,128.7652,Tier 2,High,Supermarket Type1,0,2,516.6608,74.3012
Regular,Seafood,82.8934,Tier 2,High,Supermarket Type1,0.140524691,2,818.934,172.7764
Regular,Baking Goods,61.2878,Tier 2,High,Supermarket Type1,0.062882112,2,1272.3438,164.1184
Regular,Breads,232.6958,Tier 2,High,Supermarket Type1,0.080362549,2,5375.0034,229.0036
LF,Frozen Foods,80.096,Tier 2,Small,Supermarket Type1,0.066770664,2,1278.336,180.5292
LF,Health and Hygiene,177.3686,Tier 2,Small,Supermarket Type1,0.021602001,2,1777.686,149.1708
LF,Snack Foods,151.9024,Tier 2,Small,Supermarket Type1,0.103422709,2,1062.6168,144.847
LF,Snack Foods,96.9726,Tier 2,Small,Supermarket Type1,0.033883448,2,1174.4712,213.2902
Low Fat,Dairy,253.6356,Tier 2,Small,Supermarket Type1,0.082534287,2,5086.712,191.1504
Low Fat,Health and Hygiene,188.2556,Tier 2,Small,Supermarket Type1,0.145013434,2,4693.89,225.0404
Regular,Meat,107.957,Tier 2,Small,Supermarket Type1,0.017547958,2,2966.139,48.3718
Regular,Soft Drinks,125.702,Tier 2,Small,Supermarket Type1,0.024848788,2,2530.04,39.9822
Low Fat,Household,254.704,Tier 3,Medium,Grocery Store,0.061155983,2,2530.04,228.401
Low Fat,Household,48.1692,Tier 3,Medium,Grocery Store,0.074753743,2,985.384,246.4802
Low Fat,Others,38.8506,Tier 3,High,Grocery Store,0.19780911,2,37.9506,55.6588
Low Fat,Soft Drinks,162.9526,Tier 3,High,Grocery Store,0.094450618,2,822.263,141.4812
Regular,Baking Goods,174.4054,Tier 3,High,Grocery Store,0.203510667,2,4027.4242,41.0454
Regular,Baking Goods,231.2984,Tier 3,High,Grocery Store,0.086396038,2,3243.7776,79.0644
Regular,Canned,78.7618,Tier 3,High,Grocery Store,0.120773451,2,1288.9888,186.5924
Regular,Meat,125.1046,Tier 3,High,Grocery Store,0.039385992,2,3859.6426,224.8404
Low Fat,Snack Foods,157.3604,Tier 3,High,Supermarket Type1,0.075132353,2,4436.8912,125.9046
Low Fat,Snack Foods,251.6698,Tier 3,High,Supermarket Type1,0.03961061,2,6088.0752,41.648
Low Fat,Snack Foods,153.7972,Tier 3,High,Supermarket Type1,0.054011943,2,2025.3636,116.5466
Regular,Dairy,105.7648,Tier 3,High,Supermarket Type1,0.063278652,2,2596.62,182.1318
Regular,Fruits and Vegetables,159.0288,Tier 3,High,Supermarket Type1,0.047896393,2,1257.0304,185.8556
LF,Breads,188.1872,Tier 3,Medium,Supermarket Type2,0.111673587,2,3781.744,65.7826
LF,Canned,94.7436,Tier 3,Medium,Supermarket Type2,0.024262772,2,1701.7848,117.615
Low Fat,Breads,149.105,Tier 3,Medium,Supermarket Type2,0.09297084,2,4643.955,122.0098
Low Fat,Canned,191.6162,Tier 3,Medium,Supermarket Type2,0.030250132,2,3463.4916,75.267
Low Fat,Household,52.3008,Tier 3,Medium,Supermarket Type2,0.006725388,2,2226.4352,165.9184
Low Fat,Soft Drinks,97.0094,Tier 3,Medium,Supermarket Type2,0.045556681,2,856.8846,85.3882
Low Fat,Soft Drinks,161.321,Tier 3,Medium,Supermarket Type2,0.014614357,2,2773.057,147.3102
Regular,Dairy,92.2146,Tier 3,Medium,Supermarket Type2,0,2,91.2146,220.1482
Regular,Frozen Foods,177.5686,Tier 3,Medium,Supermarket Type2,0.136328794,2,3910.9092,54.864
Low Fat,Frozen Foods,211.9244,Tier 3,Medium,Supermarket Type3,0.016531033,2,4869.6612,122.4098
Low Fat,Frozen Foods,251.1408,Tier 3,Medium,Supermarket Type3,0.022457694,2,3254.4304,98.6068
Low Fat,Fruits and Vegetables,123.8414,Tier 3,Medium,Supermarket Type3,0.119959873,2,1340.2554,45.506
Low Fat,Meat,62.7536,Tier 3,Medium,Supermarket Type3,0.097937252,2,61.2536,98.9042
Low Fat,Snack Foods,128.4968,Tier 3,Medium,Supermarket Type3,0.035406842,2,1435.4648,244.317
Low Fat,Fruits and Vegetables,56.4614,Tier 2,Medium,Supermarket Type1,0,1.9,1436.7964,49.7692
Regular,Soft Drinks,116.715,Tier 2,Small,Supermarket Type1,0.061163967,1.9,1281.665,56.5614
Low Fat,Frozen Foods,245.8776,Tier 3,Small,Grocery Store,0.165694219,1.8,4705.8744,39.7164
Low Fat,Canned,110.7886,Tier 1,Medium,Supermarket Type1,0.170072462,1.8,1334.2632,183.8266
Low Fat,Health and Hygiene,184.424,Tier 2,Small,Supermarket Type1,0.030556922,1.8,4660.6,190.6162
Low Fat,Fruits and Vegetables,74.4354,Tier 2,Small,Supermarket Type1,0.08114883,1.8,1128.531,146.8734
Low Fat,Household,83.2934,Tier 2,Small,Supermarket Type1,0.066668724,1.8,1883.5482,192.4478
Regular,Canned,111.1544,Tier 1,Small,Grocery Store,0.1263349,1.7,1118.544,184.0924
Low Fat,Dairy,44.377,Tier 2,Medium,Supermarket Type1,0.075731322,1.7,1211.756,167.5158
Low Fat,Frozen Foods,214.1218,Tier 2,Medium,Supermarket Type1,0.026925385,1.7,1282.3308,264.391
Low Fat,Household,216.1166,Tier 2,Small,Supermarket Type1,0.02695441,1.7,435.4332,73.2354
Low Fat,Soft Drinks,39.2796,Tier 2,High,Supermarket Type1,0.024961677,1.7,701.7532,153.1998
Regular,Snack Foods,47.2376,Tier 2,High,Supermarket Type1,0.076876046,1.7,910.8144,33.1558
LF,Canned,120.744,Tier 3,Medium,Supermarket Type2,0.02678995,1.7,3954.852,58.9246
Low Fat,Soft Drinks,213.5534,Tier 3,Medium,Supermarket Type2,0.061313057,1.7,430.1068,93.3436
Regular,Canned,169.7816,Tier 1,Small,Grocery Store,0.072221801,1.5,2013.3792,43.6454
Low Fat,Health and Hygiene,124.1704,Tier 2,Small,Supermarket Type1,0.024378706,1.5,1877.556,114.5492
Regular,Fruits and Vegetables,192.382,Tier 1,Small,Supermarket Type1,0.047936284,1.5,4247.804,185.7556
Low Fat,Dairy,113.1176,Tier 2,Medium,Supermarket Type1,0.088172355,1.5,2404.8696,232.2668
Low Fat,Frozen Foods,176.0686,Tier 2,Small,Supermarket Type1,0.017887474,1.5,533.3058,160.6578
Low Fat,Household,195.082,Tier 3,High,Grocery Store,0.065689432,1.5,2703.148,149.7366
Regular,Snack Foods,194.2478,Tier 3,High,Supermarket Type1,0.105208448,1.5,2324.9736,170.5764
Low Fat,Canned,231.23,Tier 3,Medium,Supermarket Type2,0.035028853,1.5,3029.39,179.8344
Low Fat,Health and Hygiene,116.6492,Tier 3,Medium,Supermarket Type2,0.098108957,1.5,2664.5316,240.9196
LF,Household,112.3518,Tier 3,Medium,Supermarket Type3,0.016910914,1.5,683.1108,96.641
Regular,Frozen Foods,228.8352,Tier 3,Medium,Supermarket Type3,0.04586701,1.5,4351.6688,37.9506
Low Fat,Hard Drinks,155.3314,Tier 3,Medium,Supermarket Type3,0.122058364,1.4,3412.8908,172.8396
LF,Household,146.4734,Tier 3,Medium,Grocery Store,0.033259081,1.3,4157.2552,154.2972
Regular,Snack Foods,56.1588,Tier 3,Medium,Supermarket Type2,0.080015028,1.3,458.0704,111.8544
Regular,Meat,100.8042,Tier 2,Small,Supermarket Type1,0.023526504,1.2,1488.063,223.5404
Low Fat,Snack Foods,65.6168,Tier 3,Medium,Supermarket Type3,0.026015519,1,830.9184,255.8356
Regular,Fruits and Vegetables,233.2958,Tier 2,Small,Supermarket Type1,0.049916364,1,2103.2622,80.2644
Low Fat,Baking Goods,145.076,Tier 1,Small,Supermarket Type1,0.04627095,1,1904.188,99.3384
Low Fat,Soft Drinks,169.9448,Tier 3,High,Supermarket Type1,0.020310046,1,170.4448,218.0508
Regular,Frozen Foods,119.3124,Tier 1,Small,Supermarket Type1,0.019199733,1,474.0496,84.3592
Regular,Canned,163.4552,Tier 2,Small,Supermarket Type1,0.083498083,1,649.8208,199.4426
Regular,Meat,167.0816,Tier 3,High,Supermarket Type1,0.049634817,1,1342.2528,212.5586
Low Fat,Household,155.4972,Tier 2,Medium,Supermarket Type1,0.185218446,1,311.5944,36.3216
Low Fat,Snack Foods,164.1552,Tier 3,High,Supermarket Type1,0.1164455,1,3249.104,182.8266
LF,Breads,139.1838,Tier 3,Medium,Supermarket Type3,0.110681931,1,280.9676,63.2826
Low Fat,Hard Drinks,120.9072,Tier 3,High,Supermarket Type1,0.010755465,1,122.5072,150.8392
Low Fat,Canned,123.273,Tier 1,Medium,Supermarket Type1,0.103634038,1,1108.557,101.399
Low Fat,Frozen Foods,207.927,Tier 1,Medium,Supermarket Type1,0.112097433,1,2097.27,105.5622
Low Fat,Hard Drinks,53.3298,Tier 1,Medium,Supermarket Type1,0.015328106,1,1078.596,107.5938
Low Fat,Snack Foods,189.153,Tier 1,Medium,Supermarket Type1,0.071540443,1,2087.283,210.6612
Low Fat,Snack Foods,198.1768,Tier 1,Medium,Supermarket Type1,0.04453262,1,5321.0736,127.202
Low Fat,Snack Foods,223.5772,Tier 1,Medium,Supermarket Type1,0.052149675,1,2668.5264,118.3124
Low Fat,Starchy Foods,213.3218,Tier 1,Medium,Supermarket Type1,0.097770004,1,3419.5488,222.8746
Regular,Baking Goods,253.404,Tier 1,Medium,Supermarket Type1,0.067607749,1,4807.076,188.024
Regular,Frozen Foods,245.6144,Tier 1,Medium,Supermarket Type1,0.110202066,1,3920.2304,39.7506
Regular,Snack Foods,81.496,Tier 1,Medium,Supermarket Type1,0.01599013,1,1997.4,228.8352
Regular,Snack Foods,188.353,Tier 1,Medium,Supermarket Type1,0.121442754,1,5313.084,94.9752
Low Fat,Fruits and Vegetables,198.2742,Tier 1,Small,Grocery Store,0.06780958,1,4379.6324,118.1808
Regular,Baking Goods,247.1092,Tier 1,Small,Grocery Store,0.141360118,1,2241.0828,197.311
Regular,Breakfast,46.5718,Tier 1,Small,Grocery Store,0.06871772,1,1607.2412,155.563
Low Fat,Breads,196.1794,Tier 1,Small,Supermarket Type1,0.128206001,1,2731.1116,155.9314
Low Fat,Canned,43.0086,Tier 1,Small,Supermarket Type1,0.089005769,1,490.6946,143.9786
Low Fat,Fruits and Vegetables,265.0884,Tier 1,Small,Supermarket Type1,0,1,8479.6288,54.1298
Low Fat,Fruits and Vegetables,149.8366,Tier 1,Small,Supermarket Type1,0.105597316,1,1662.5026,83.4908
Low Fat,Fruits and Vegetables,95.4068,Tier 1,Small,Supermarket Type1,0.022795611,1,1944.136,160.192
Low Fat,Others,94.7094,Tier 1,Small,Supermarket Type1,0.111301625,1,1047.3034,107.5912
Low Fat,Others,143.5444,Tier 1,Small,Supermarket Type1,0.033944698,1,3628.61,129.9284
Low Fat,Snack Foods,38.5848,Tier 1,Small,Supermarket Type1,0.039492207,1,484.7024,97.3042
Low Fat,Soft Drinks,116.3176,Tier 1,Small,Supermarket Type1,0.056429024,1,2519.3872,144.2812
Low Fat,Soft Drinks,259.7594,Tier 1,Small,Supermarket Type1,0.04487828,1,784.9782,75.467
Low Fat,Starchy Foods,41.0454,Tier 1,Small,Supermarket Type1,0.075878519,1,545.2902,194.082
Regular,Breads,179.0976,Tier 1,Small,Supermarket Type1,0.030264897,1,5976.2208,250.3092
Regular,Frozen Foods,115.086,Tier 1,Small,Supermarket Type1,0.048662357,1,452.744,261.7278
Regular,Meat,54.893,Tier 1,Small,Supermarket Type1,0.036910398,1,3112.615,175.037
Regular,Snack Foods,255.9014,Tier 1,Small,Supermarket Type1,0.03922186,1,3315.0182,97.241
reg,Frozen Foods,179.7634,Tier 1,Small,Supermarket Type1,0.083606565,1,4180.5582,178.8318
LF,Others,123.3414,Tier 2,Medium,Supermarket Type1,0.118419683,1,243.6828,58.3588
Low Fat,Fruits and Vegetables,113.7518,Tier 2,Medium,Supermarket Type1,0.028652919,1,2049.3324,40.5454
Low Fat,Fruits and Vegetables,149.1708,Tier 2,Medium,Supermarket Type1,0.052086085,1,2708.4744,76.8986
Low Fat,Fruits and Vegetables,206.1638,Tier 2,Medium,Supermarket Type1,0.021539999,1,1656.5104,182.4976
Low Fat,Baking Goods,141.3838,Tier 2,Small,Supermarket Type1,0.043483398,1,2388.2246,94.3436
Low Fat,Breads,158.792,Tier 2,Small,Supermarket Type1,0.024664556,1,319.584,103.3332
Low Fat,Breads,144.9102,Tier 2,Small,Supermarket Type1,0.01115195,1,1895.5326,40.6454
Low Fat,Health and Hygiene,213.0244,Tier 2,Small,Supermarket Type1,0.068163102,1,423.4488,140.4812
Low Fat,Household,239.4222,Tier 2,Small,Supermarket Type1,0.02848169,1,3346.3108,110.4912
Low Fat,Household,249.6724,Tier 2,High,Supermarket Type1,0.024795057,1,6543.4824,147.4102
Regular,Baking Goods,120.444,Tier 2,High,Supermarket Type1,0.030212499,1,2516.724,98.0384
Regular,Dairy,48.5376,Tier 2,High,Supermarket Type1,0.108458498,1,335.5632,96.9752
Regular,Seafood,84.5592,Tier 2,High,Supermarket Type1,0.021617397,1,2559.3352,185.0582
Regular,Snack Foods,119.744,Tier 2,High,Supermarket Type1,0.010961483,1,3355.632,58.2588
Regular,Baking Goods,174.2422,Tier 2,High,Supermarket Type1,0.162461219,1,1379.5376,39.2848
Regular,Dairy,156.4946,Tier 2,High,Supermarket Type1,0.063689583,1,2998.0974,181.9318
Regular,Frozen Foods,175.737,Tier 2,High,Supermarket Type1,0.087753682,1,2117.244,105.3306
Regular,Snack Foods,151.0708,Tier 2,Medium,Supermarket Type1,0.037782943,1,2708.4744,106.6254
low fat,Snack Foods,182.3976,Tier 2,Medium,Supermarket Type1,0.037148619,1,724.3904,116.8834
Low Fat,Baking Goods,111.686,Tier 2,Small,Supermarket Type1,0.174085625,1,1584.604,124.6362
Low Fat,Breads,168.5158,Tier 2,Small,Supermarket Type1,0.146399663,1,3342.316,93.8436
Low Fat,Snack Foods,115.1808,Tier 2,Small,Supermarket Type1,0.026081567,1,3866.9664,217.585
Low Fat,Snack Foods,129.5994,Tier 2,Small,Supermarket Type1,0.171050595,1,642.497,126.3704
Low Fat,Snack Foods,40.8112,Tier 2,Small,Supermarket Type1,0.108689606,1,553.9456,159.3578
Low Fat,Soft Drinks,245.3118,Tier 2,Small,Supermarket Type1,0.013990601,1,247.0118,127.6652
Low Fat,Soft Drinks,150.0734,Tier 2,Small,Supermarket Type1,0,1,2524.0478,189.1872
Regular,Breads,64.7168,Tier 2,Small,Supermarket Type1,0.054474158,1,1022.6688,131.031
Regular,Breakfast,161.721,Tier 2,Small,Supermarket Type1,0.061163967,1,3588.662,59.2588
Regular,Breakfast,239.988,Tier 2,Small,Supermarket Type1,0.156802171,1,2636.568,168.0474
Regular,Canned,92.812,Tier 2,Small,Supermarket Type1,0.009057132,1,93.212,104.099
Regular,Frozen Foods,196.9426,Tier 2,Small,Supermarket Type1,0.042468413,1,5339.0502,162.421
Regular,Snack Foods,90.7172,Tier 2,Small,Supermarket Type1,0.117462619,1,1605.9096,158.9578
Regular,Soft Drinks,231.63,Tier 2,Small,Supermarket Type1,0.077157727,1,2563.33,232.4958
low fat,Hard Drinks,180.3976,Tier 2,Small,Supermarket Type1,0.030697825,1,7425.0016,42.877
low fat,Snack Foods,210.0586,Tier 2,Small,Supermarket Type1,0,1,6964.9338,47.2744
LF,Starchy Foods,264.1884,Tier 3,Medium,Grocery Store,0.104257037,1,3179.8608,34.0532
Low Fat,Frozen Foods,91.3462,Tier 3,Medium,Grocery Store,0.074019393,1,1388.193,41.7454
Low Fat,Health and Hygiene,120.6098,Tier 3,Medium,Grocery Store,0.149223055,1,1807.647,145.8102
Low Fat,Health and Hygiene,150.8708,Tier 3,Medium,Grocery Store,0,1,150.4708,211.0244
Low Fat,Household,129.331,Tier 3,Medium,Grocery Store,0.016726506,1,259.662,176.037
Low Fat,Others,36.719,Tier 3,High,Grocery Store,0.032597778,1,622.523,163.621
Regular,Breakfast,99.3358,Tier 3,High,Grocery Store,0.110888167,1,804.2864,181.6292
Regular,Frozen Foods,90.0804,Tier 3,High,Grocery Store,0.080010553,1,1561.9668,124.2362
Regular,Fruits and Vegetables,100.5332,Tier 3,High,Grocery Store,0.17797002,1,2460.7968,173.1396
Regular,Fruits and Vegetables,47.7718,Tier 3,High,Grocery Store,0.027779381,1,1039.9796,50.1034
Low Fat,Baking Goods,155.7946,Tier 3,High,Supermarket Type1,0.02371512,1,3471.4812,103.8332
Low Fat,Fruits and Vegetables,208.6612,Tier 3,High,Supermarket Type1,0.171245426,1,7317.142,50.3692
Low Fat,Fruits and Vegetables,183.6266,Tier 3,High,Supermarket Type1,0.161355122,1,1844.266,38.319
Low Fat,Household,93.5436,Tier 3,High,Supermarket Type1,0,1,283.6308,159.4604
Low Fat,Household,235.5248,Tier 3,High,Supermarket Type1,0.055793586,1,4740.496,139.7496
Regular,Breads,191.0504,Tier 3,High,Supermarket Type1,0.043856919,1,5752.512,109.057
Regular,Fruits and Vegetables,35.8848,Tier 3,High,Supermarket Type1,0.053802405,1,596.5568,85.9856
Regular,Fruits and Vegetables,143.447,Tier 3,High,Supermarket Type1,0.165221717,1,2576.646,172.0764
Regular,Meat,91.0146,Tier 3,High,Supermarket Type1,0.026579951,1,729.7168,34.7532
low fat,Fruits and Vegetables,52.0324,Tier 3,High,Supermarket Type1,0.116152226,1,1090.5804,94.1436
Low Fat,Frozen Foods,241.0538,Tier 3,Medium,Supermarket Type2,0.040346436,1,4566.7222,53.7298
Low Fat,Fruits and Vegetables,86.5566,Tier 3,Medium,Supermarket Type2,0.038720852,1,1860.2452,210.8586
Low Fat,Others,75.4696,Tier 3,Medium,Supermarket Type2,0.090834158,1,1416.8224,192.2478
Regular,Baking Goods,144.5128,Tier 3,Medium,Supermarket Type2,0.061122656,1,3595.32,100.0384
Regular,Fruits and Vegetables,106.5306,Tier 3,Medium,Supermarket Type2,0.066567121,1,104.5306,250.2092
low fat,Dairy,225.272,Tier 3,Medium,Supermarket Type2,0.035207155,1,4753.812,93.512
LF,Health and Hygiene,100.4042,Tier 3,Medium,Supermarket Type3,0.016956266,1,595.2252,109.3228
Low Fat,Baking Goods,157.2946,Tier 3,Medium,Supermarket Type3,0,1,1577.946,196.5084
Low Fat,Fruits and Vegetables,244.1486,Tier 3,Medium,Supermarket Type3,0.025841875,1,2687.8346,120.7414
Low Fat,Hard Drinks,189.7214,Tier 3,Medium,Supermarket Type3,0,1,1695.7926,171.7422
Low Fat,Health and Hygiene,119.7756,Tier 3,Medium,Supermarket Type3,0.054723717,1,3029.39,36.6874
Low Fat,Household,193.3162,Tier 3,Medium,Supermarket Type3,0.039078047,1,192.4162,128.3678
Low Fat,Snack Foods,126.0704,Tier 3,Medium,Supermarket Type3,0.049066248,1,1627.2152,192.4478
Low Fat,Snack Foods,142.5154,Tier 3,Medium,Supermarket Type3,0.066611321,1,141.8154,178.237
Regular,Breads,34.619,Tier 3,Medium,Supermarket Type3,0.063554289,1,732.38,263.6594
Regular,Frozen Foods,251.8724,Tier 3,Medium,Supermarket Type3,0.041370245,1,3271.7412,46.2376
Regular,Fruits and Vegetables,156.6288,Tier 3,Medium,Supermarket Type3,0,1,628.5152,120.5072
Regular,Snack Foods,139.9496,Tier 3,Medium,Supermarket Type3,0.128876537,1,3105.2912,139.1838
Low Fat,Snack Foods,182.895,Tier 3,Medium,Supermarket Type2,0.010053105,4,3112.615,249.0408
Low Fat,Canned,120.3098,Tier 1,Small,Grocery Store,0.061082177,4,1446.1176,180.0344
LF,Snack Foods,175.4028,Tier 3,Small,Grocery Store,0.195068226,4,2833.6448,185.4266
Low Fat,Soft Drinks,84.9566,Tier 2,Small,Supermarket Type1,0.041700756,4,1014.6792,164.8526
Low Fat,Health and Hygiene,193.7794,Tier 1,Small,Supermarket Type1,0.143422643,4,4876.985,95.841
low fat,Household,44.5086,Tier 1,Medium,Supermarket Type1,0.186357148,4,1249.0408,254.3698
Low Fat,Frozen Foods,186.9556,Tier 2,Small,Supermarket Type1,0.112556507,4,3379.6008,104.9622
reg,Frozen Foods,112.7544,Tier 1,Small,Supermarket Type1,0.014087057,4,1118.544,180.3344
Low Fat,Household,181.5976,Tier 1,Small,Grocery Store,0.293417759,4,543.2928,194.6136
Regular,Baking Goods,141.5812,Tier 3,Medium,Supermarket Type3,0.031382044,4,427.4436,171.3764
Regular,Fruits and Vegetables,154.334,Tier 2,Small,Supermarket Type1,0.12639886,4,4287.752,177.0028
Low Fat,Fruits and Vegetables,98.0042,Tier 2,Small,Supermarket Type1,0.025403898,4,1587.2672,160.992
Low Fat,Meat,128.402,Tier 1,Medium,Supermarket Type1,0.039624006,4,1265.02,117.2808
Low Fat,Fruits and Vegetables,239.3196,Tier 3,Small,Grocery Store,0.040421193,4,3615.294,122.173
Low Fat,Frozen Foods,167.7842,Tier 1,Medium,Supermarket Type1,0.131383762,4,165.7842,246.046
Low Fat,Frozen Foods,115.9492,Tier 2,Small,Supermarket Type1,0.063695084,4,115.8492,151.0708
Regular,Snack Foods,188.9898,Tier 3,Medium,Supermarket Type3,0.045797829,4,3554.7062,178.5344
Regular,Baking Goods,114.1202,Tier 3,High,Supermarket Type1,0.116576702,4,3488.1262,163.121
Low Fat,Snack Foods,88.9856,Tier 3,Medium,Supermarket Type3,0.071636937,4,3515.424,121.7098
Low Fat,Frozen Foods,126.2046,Tier 1,Medium,Supermarket Type1,0.032677678,4,1369.5506,239.0906
Low Fat,Snack Foods,265.2884,Tier 2,Small,Supermarket Type1,0.06911065,4,3179.8608,109.0228
Low Fat,Soft Drinks,157.5262,Tier 2,Small,Supermarket Type1,0.041177505,4,477.3786,140.3154
Regular,Canned,175.6028,Tier 3,Small,Grocery Store,0.171938781,4,3364.9532,92.512
Low Fat,Dairy,214.0902,Tier 2,Small,Supermarket Type1,0.102349519,4,1061.951,52.7956
Low Fat,Hard Drinks,218.3508,Tier 3,High,Supermarket Type1,0.086708987,4,2387.5588,151.7682
Low Fat,Household,64.751,Tier 2,Small,Supermarket Type1,0.032835147,4,1201.769,40.2822
Low Fat,Household,89.3856,Tier 1,Small,Supermarket Type1,0.07266912,4,878.856,160.292
Low Fat,Health and Hygiene,238.9248,Tier 3,Medium,Supermarket Type3,0.144338493,4,6636.6944,224.4404
Low Fat,Starchy Foods,88.8856,Tier 3,Medium,Supermarket Type3,0.059956876,4,439.428,165.4526
Low Fat,Dairy,150.105,Tier 2,Small,Supermarket Type1,0.038532062,4,2696.49,60.5852
Low Fat,Frozen Foods,115.9834,Tier 1,Medium,Supermarket Type1,0.039355947,4,2994.7684,246.3802
Low Fat,Starchy Foods,255.333,Tier 2,Small,Supermarket Type1,0.060836524,4,1794.331,226.8404
Low Fat,Soft Drinks,130.031,Tier 2,Small,Supermarket Type1,0.151419185,4,129.831,50.3692
Low Fat,Soft Drinks,122.3756,Tier 3,Medium,Supermarket Type3,0.041683481,4,2059.9852,31.29
Low Fat,Household,142.4812,Tier 3,Medium,Supermarket Type2,0.014081156,4,2422.1804,223.5746
Low Fat,Breakfast,186.824,Tier 2,Small,Supermarket Type1,0.152918384,4,1864.24,99.8358
Low Fat,Soft Drinks,120.744,Tier 2,Small,Supermarket Type1,0.030969274,4,2756.412,140.9154
Regular,Meat,110.957,Tier 1,Small,Supermarket Type1,0.094659871,4,219.714,214.556
Regular,Canned,211.8218,Tier 3,Medium,Supermarket Type2,0.042485444,4,4915.6014,125.0046
Low Fat,Fruits and Vegetables,108.0912,Tier 3,Small,Grocery Store,0.291865402,4,1637.868,115.1834
Regular,Soft Drinks,158.0604,Tier 1,Small,Grocery Store,0.191013663,4,4595.3516,42.1112
Regular,Frozen Foods,172.0764,Tier 3,Medium,Supermarket Type3,0.060134441,4,171.7764,153.0656
Regular,Dairy,65.3168,Tier 3,High,Supermarket Type1,0.075107656,4,191.7504,112.8176
Regular,Baking Goods,76.0012,Tier 3,Medium,Supermarket Type3,0.049381406,4,1214.4192,226.8062
Regular,Frozen Foods,121.9388,Tier 2,Small,Supermarket Type1,0.018059621,4,1114.5492,179.766
Low Fat,Household,266.8884,Tier 1,Medium,Supermarket Type1,0.090436094,4,5034.7796,85.0882
Low Fat,Meat,187.1898,Tier 1,Medium,Supermarket Type1,0.146399712,4,2993.4368,103.9648
Low Fat,Household,154.8656,Tier 3,Medium,Supermarket Type3,0.01561108,4,1390.1904,182.5976
Low Fat,Fruits and Vegetables,46.2744,Tier 1,Small,Supermarket Type1,0.041395445,4,1086.5856,37.6164
Regular,Frozen Foods,165.5868,Tier 1,Small,Supermarket Type1,0.097313129,4,1965.4416,48.0718
Regular,Baking Goods,177.937,Tier 2,Small,Supermarket Type1,0.041764487,4,1587.933,161.8868
Low Fat,Snack Foods,190.153,Tier 2,Small,Supermarket Type1,0.054344186,4,4933.578,140.2154
Low Fat,Meat,185.7924,Tier 1,Small,Supermarket Type1,0.052339069,4,370.1848,242.7512
LF,Soft Drinks,249.2776,Tier 2,Small,Supermarket Type1,0.041878397,4,4210.5192,32.99
Low Fat,Household,173.4764,Tier 3,Small,Grocery Store,0,4,2404.8696,161.5552
Regular,Baking Goods,98.2042,Tier 1,Medium,Supermarket Type1,0.133700752,4,198.4084,52.9298
Regular,Frozen Foods,147.6102,Tier 1,Small,Supermarket Type1,0.110030997,4,4082.6856,37.2506
Low Fat,Others,118.3124,Tier 1,Small,Grocery Store,0.017116983,4,948.0992,211.956
Low Fat,Canned,151.7682,Tier 2,Small,Supermarket Type1,0,4,1372.2138,79.7644
Low Fat,Household,45.8402,Tier 3,Medium,Supermarket Type3,0.005949644,4,1102.5648,165.6526
Low Fat,Fruits and Vegetables,173.6054,Tier 2,Small,Supermarket Type1,0.126035694,4,1751.054,86.4198
Low Fat,Health and Hygiene,158.492,Tier 3,Medium,Supermarket Type3,0.058451805,4,3994.8,79.9618
Low Fat,Household,251.404,Tier 2,Small,Supermarket Type1,0.113748685,4,2277.036,251.3724
Regular,Fruits and Vegetables,87.0224,Tier 2,Small,Supermarket Type1,0.062764429,4,1193.1136,227.6062
Low Fat,Snack Foods,121.2072,Tier 2,Small,Supermarket Type1,0.010010425,4,1470.0864,249.0408
Low Fat,Meat,257.9962,Tier 1,Medium,Supermarket Type1,0.027106459,4,517.9924,75.367
Low Fat,Dairy,217.3192,Tier 1,Small,Grocery Store,0.058153409,4,5608.6992,152.034
Low Fat,Fruits and Vegetables,184.495,Tier 1,Medium,Supermarket Type1,0.088846306,4,4028.09,61.451
Regular,Fruits and Vegetables,52.9298,Tier 2,Small,Supermarket Type1,0.165694678,4,647.1576,171.8764
Low Fat,Canned,125.902,Tier 2,Small,Supermarket Type1,0.098438394,4,126.502,51.1324
Regular,Meat,103.3306,Tier 3,High,Supermarket Type1,0.023511371,4,2404.2038,225.9404
Low Fat,Starchy Foods,209.0296,Tier 2,Small,Supermarket Type1,0.043479126,4,2285.0256,36.7164
Low Fat,Frozen Foods,117.3466,Tier 3,High,Supermarket Type1,0.045166237,4,824.9262,178.666
Low Fat,Dairy,39.348,Tier 3,High,Supermarket Type1,0.089394766,4,719.064,260.1594
Low Fat,Dairy,190.5872,Tier 2,Small,Supermarket Type1,0.005234153,4,1890.872,264.0884
Low Fat,Fruits and Vegetables,119.0808,Tier 3,High,Supermarket Type1,0.081252534,4,2343.616,256.4988
Low Fat,Snack Foods,139.7838,Tier 3,Small,Grocery Store,0.016758569,4,1264.3542,250.4408
Low Fat,Household,247.775,Tier 2,Small,Supermarket Type1,0.186032678,4,3745.125,253.0698
Low Fat,Household,101.6358,Tier 3,Medium,Supermarket Type3,0.031867464,4,1709.1086,101.0016
Low Fat,Fruits and Vegetables,222.5088,Tier 1,Small,Grocery Store,0.193772568,4,5369.0112,190.3846
Low Fat,Soft Drinks,247.2776,Tier 2,Small,Supermarket Type1,0.071222087,4,6191.94,113.5518
Regular,Breakfast,186.824,Tier 3,Medium,Supermarket Type3,0.060371962,4,6338.416,174.0712
Low Fat,Dairy,39.5164,Tier 3,Medium,Supermarket Type2,0.05858462,4,926.7936,142.7128
Low Fat,Others,159.3578,Tier 1,Small,Supermarket Type1,0.081196619,4,3048.6982,141.4154
Low Fat,Frozen Foods,118.6782,Tier 3,Medium,Supermarket Type2,0,4,1549.3166,98.0068
Regular,Dairy,171.1422,Tier 2,Small,Supermarket Type1,0.014790559,4,2586.633,193.6162
Regular,Canned,105.6306,Tier 3,Medium,Supermarket Type3,0.029943463,4,418.1224,60.222
Regular,Frozen Foods,102.6016,Tier 3,High,Supermarket Type1,0.052368061,4,3137.2496,112.7176
Low Fat,Snack Foods,98.9042,Tier 2,Small,Supermarket Type1,0.093861144,4,1488.063,115.5834
Regular,Fruits and Vegetables,59.9536,Tier 3,Small,Grocery Store,0.173154079,4,980.0576,228.272
Regular,Baking Goods,161.121,Tier 1,Medium,Supermarket Type1,0.12848269,4,2609.936,223.9404
Regular,Dairy,115.1492,Tier 2,Small,Supermarket Type1,0.008326735,4,1737.738,149.9708
Low Fat,Fruits and Vegetables,40.0164,Tier 1,Medium,Supermarket Type1,0.021362955,4,1312.9576,103.2306
Low Fat,Meat,249.1092,Tier 3,High,Supermarket Type1,0.032511818,4,2490.092,165.0842
Regular,Breads,47.4034,Tier 2,Small,Supermarket Type1,0.022323658,4,631.8442,101.299
Low Fat,Health and Hygiene,56.9614,Tier 3,Medium,Supermarket Type3,0.019292355,4,221.0456,129.9994
Low Fat,Dairy,116.3808,Tier 3,High,Supermarket Type1,0.09261307,4,234.3616,76.367
Low Fat,Baking Goods,167.0842,Tier 3,Medium,Supermarket Type3,0.094697274,4,1326.2736,158.4604
Regular,Snack Foods,154.663,Tier 3,Medium,Supermarket Type3,0.056596985,4,312.926,230.9984
Low Fat,Others,118.9782,Tier 1,Small,Supermarket Type1,0.04709821,4,1549.3166,101.3016
Regular,Frozen Foods,191.9162,Tier 2,Small,Supermarket Type1,0.038078899,4,4040.7402,122.9046
Low Fat,Household,116.9492,Tier 2,Small,Supermarket Type1,0.026005891,4,2780.3808,180.9976
Low Fat,Household,61.6878,Tier 1,Medium,Supermarket Type1,0.015749341,4,1029.9926,182.2608
Regular,Breads,94.012,Tier 3,Medium,Supermarket Type2,0.056695731,4,1211.756,104.0648
Regular,Meat,111.6544,Tier 3,High,Supermarket Type1,0.069529262,4,2125.2336,233.1616
Low Fat,Health and Hygiene,50.7692,Tier 1,Small,Supermarket Type1,0.073379745,4,1034.6532,118.244
Low Fat,Dairy,78.467,Tier 1,Small,Grocery Store,0.153741385,4,1607.907,182.6292
Low Fat,Fruits and Vegetables,46.1402,Tier 3,High,Supermarket Type1,0.127929521,4,45.9402,211.4902
Regular,Fruits and Vegetables,104.528,Tier 2,Small,Supermarket Type1,0.123159656,4,1384.864,110.1544
Low Fat,Snack Foods,48.0718,Tier 2,Small,Supermarket Type1,0.065236932,4,47.2718,176.437
Low Fat,Dairy,107.7912,Tier 3,High,Supermarket Type1,0.060495243,4,1091.912,169.8106
Regular,Frozen Foods,145.776,Tier 2,Small,Supermarket Type1,0,4,3954.852,214.3218
Regular,Fruits and Vegetables,83.225,Tier 3,Medium,Supermarket Type3,0.014753811,4,1498.05,231.7958
Low Fat,Fruits and Vegetables,119.5756,Tier 3,Medium,Supermarket Type3,0.160707489,4,121.1756,38.019
Regular,Meat,103.5332,Tier 3,Medium,Supermarket Type2,0.085622362,4,3383.5956,119.4124
Low Fat,Canned,224.6088,Tier 2,Small,Supermarket Type1,0,4,4474.176,96.4094
Regular,Snack Foods,35.5558,Tier 3,Medium,Supermarket Type3,0,4,305.6022,52.6666
LF,Soft Drinks,156.1314,Tier 1,Small,Supermarket Type1,0.021250002,4,620.5256,150.5024
Low Fat,Frozen Foods,62.3878,Tier 1,Small,Supermarket Type1,0.159936948,4,1514.695,143.2154
Low Fat,Fruits and Vegetables,41.648,Tier 2,Small,Supermarket Type1,0.129503146,4,679.116,164.021
Low Fat,Dairy,119.3756,Tier 1,Small,Grocery Store,0.179484411,4,3271.7412,228.9352
Low Fat,Snack Foods,151.7366,Tier 1,Medium,Supermarket Type1,0.056919038,4,4836.3712,212.8218
Low Fat,Hard Drinks,209.4954,Tier 3,Medium,Supermarket Type3,0.090427268,4,2500.7448,126.2336
Low Fat,Household,95.841,Tier 1,Small,Supermarket Type1,0.160663021,4,1641.197,59.4562
low fat,Breads,154.2656,Tier 1,Small,Grocery Store,0.0194158,4,3398.2432,41.6454
Low Fat,Fruits and Vegetables,141.9496,Tier 2,Small,Supermarket Type1,0.016993225,4,988.0472,211.0586
Regular,Dairy,171.0132,Tier 3,Medium,Supermarket Type2,0,4,4396.9432,256.7672
Low Fat,Health and Hygiene,95.541,Tier 1,Medium,Supermarket Type1,0.05213575,4,96.541,190.1846
Low Fat,Fruits and Vegetables,67.5142,Tier 3,Medium,Supermarket Type2,0.015623754,4,2306.997,182.6266
Regular,Meat,264.891,Tier 1,Small,Grocery Store,0.264124669,4,4996.829,155.7314
Low Fat,Household,185.624,Tier 1,Medium,Supermarket Type1,0.164196823,4,6897.688,120.5124
Regular,Snack Foods,192.3162,Tier 1,Small,Grocery Store,0.141975462,4,2308.9944,49.6008
Low Fat,Frozen Foods,52.6298,Tier 2,Small,Supermarket Type1,0.089004389,4,808.947,196.7452
Regular,Snack Foods,183.795,Tier 3,High,Supermarket Type1,0.011117041,4,549.285,85.854
LF,Household,90.983,Tier 2,Small,Supermarket Type1,0.103422709,4,1348.245,169.9448
Regular,Canned,78.467,Tier 1,Small,Supermarket Type1,0.102723919,4,229.701,93.212
Regular,Soft Drinks,178.037,Tier 3,Medium,Supermarket Type3,0.024733134,4,2646.555,40.2822
Low Fat,Canned,36.4848,Tier 2,Small,Supermarket Type1,0.078999287,4,447.4176,38.6506
Low Fat,Household,230.7352,Tier 2,Small,Supermarket Type1,0.031599715,4,8474.3024,111.3228
Low Fat,Baking Goods,189.0872,Tier 2,Small,Supermarket Type1,0.014660821,4,3970.8312,85.125
Low Fat,Household,113.2834,Tier 2,Small,Supermarket Type1,0.076709639,4,1727.751,247.846
Low Fat,Fruits and Vegetables,129.731,Tier 3,Medium,Supermarket Type3,0,4,1298.31,184.7266
LF,Hard Drinks,112.1518,Tier 2,Small,Supermarket Type1,0.07543556,4,1252.3698,235.8616
reg,Frozen Foods,49.4034,Tier 1,Small,Grocery Store,0.192650072,4,194.4136,37.4506
Regular,Snack Foods,109.5254,Tier 1,Medium,Supermarket Type1,0.065999008,4,1627.881,177.966
Regular,Fruits and Vegetables,49.0376,Tier 3,Medium,Supermarket Type3,0.100277876,4,143.8128,196.8768
Low Fat,Household,113.3544,Tier 2,Medium,Supermarket Type1,0,4,2572.6512,127.831
LF,Health and Hygiene,195.3768,Tier 2,Medium,Supermarket Type1,0.089656812,4,2759.0752,144.0102
Low Fat,Soft Drinks,124.773,Tier 1,Small,Grocery Store,0.087854925,4,2956.152,95.9752
Low Fat,Frozen Foods,220.0114,Tier 3,Medium,Supermarket Type2,0.065857092,4,2217.114,258.5646
Low Fat,Fruits and Vegetables,171.479,Tier 2,Medium,Supermarket Type1,0.161817014,4,4074.696,37.819
LF,Household,219.8456,Tier 2,Medium,Supermarket Type1,0.124967595,4,1547.3192,112.7544
Low Fat,Canned,212.8586,Tier 3,Medium,Grocery Store,0.233039817,4,422.1172,49.5376
Low Fat,Dairy,155.6656,Tier 1,Medium,Supermarket Type1,0.17824575,4,3243.7776,158.1288
Regular,Dairy,152.5682,Tier 1,Medium,Supermarket Type1,0.04605781,4,152.4682,43.8744
Low Fat,Frozen Foods,159.1604,Tier 3,Medium,Grocery Store,0.030815427,4,633.8416,252.0698
LF,Canned,94.7778,Tier 1,Small,Supermarket Type1,0.089677773,4,1314.2892,139.8496
Low Fat,Dairy,58.6246,Tier 1,Small,Grocery Store,0.132327406,4,868.869,168.4158
Low Fat,Fruits and Vegetables,60.4536,Tier 2,Medium,Supermarket Type1,0.012518707,4,183.7608,190.6872
Regular,Canned,195.8452,Tier 2,Medium,Supermarket Type1,0.050353695,4,4893.63,78.696
Low Fat,Others,86.9514,Tier 3,Medium,Supermarket Type3,0.110762642,4,1416.8224,108.5912
Low Fat,Dairy,229.1326,Tier 2,Medium,Supermarket Type1,0.083016832,4,7393.0432,193.4504
Low Fat,Dairy,86.1856,Tier 3,Medium,Grocery Store,0.075836522,4,703.0848,40.2138
Regular,Snack Foods,182.3292,Tier 2,Small,Supermarket Type1,0.022970468,4,182.4292,211.0928
Regular,Snack Foods,65.4142,Tier 2,Medium,Supermarket Type1,0.07429945,4,1516.0266,264.9568
Regular,Dairy,109.4886,Tier 1,Medium,Supermarket Type1,0.014816356,4,1667.829,194.1162
Low Fat,Fruits and Vegetables,105.9622,Tier 2,Medium,Supermarket Type1,0.049318315,4,1693.7952,149.005
Low Fat,Frozen Foods,159.6578,Tier 3,Medium,Supermarket Type2,0.008871687,4,962.7468,99.7384
Low Fat,Hard Drinks,181.2292,Tier 1,Small,Grocery Store,0.125793938,4,4195.8716,36.2506
Low Fat,Household,129.7994,Tier 1,Medium,Supermarket Type1,0.031470832,4,385.4982,110.2228
Regular,Breakfast,249.5092,Tier 2,Medium,Supermarket Type1,0.131665479,4,2241.0828,91.8804
Low Fat,Snack Foods,104.828,Tier 1,Small,Supermarket Type1,0.107891398,4,1278.336,182.7634
Low Fat,Others,76.667,Tier 3,High,Supermarket Type1,0.090390357,4,1531.34,192.1478
Low Fat,Fruits and Vegetables,171.8448,Tier 3,Medium,Supermarket Type3,0.087029712,4,852.224,109.2228
Low Fat,Household,195.6768,Tier 2,Medium,Supermarket Type1,0.051952573,4,394.1536,152.3024
Low Fat,Snack Foods,142.4838,Tier 1,Small,Supermarket Type1,0.121250374,4,1264.3542,193.9452
Low Fat,Meat,175.0396,Tier 3,Medium,Supermarket Type2,0,4,4012.1108,115.1808
Low Fat,Frozen Foods,182.5976,Tier 1,Medium,Supermarket Type1,0.100230114,4,3078.6592,112.9886
Low Fat,Snack Foods,214.756,Tier 2,Small,Supermarket Type1,0.041913535,4,213.056,90.7462
LF,Starchy Foods,79.596,Tier 3,Medium,Supermarket Type3,0.141106202,4,1438.128,87.9172
Low Fat,Snack Foods,57.6588,Tier 2,Medium,Supermarket Type1,0.036463975,4,400.8116,90.7488
Low Fat,Starchy Foods,82.4276,Tier 2,Medium,Supermarket Type1,0.123086812,4,1218.414,206.9638
Regular,Snack Foods,150.4734,Tier 2,Medium,Supermarket Type1,0.118149377,4,1187.7872,160.5578
Regular,Dairy,48.935,Tier 3,High,Supermarket Type1,0.065009745,4,798.96,79.5986
LF,Baking Goods,56.6614,Tier 1,Medium,Supermarket Type1,0.083133128,4,1492.0578,120.1756
Low Fat,Household,169.8106,Tier 3,Medium,Supermarket Type2,0.039428167,4,171.1106,127.9678
Low Fat,Baking Goods,167.95,Tier 3,Medium,Supermarket Type2,0,4,166.45,93.1462
Low Fat,Dairy,83.6592,Tier 2,Medium,Supermarket Type1,0.034823127,4,1320.9472,248.675
Regular,Fruits and Vegetables,44.6428,Tier 3,Medium,Supermarket Type2,0.065901299,4,615.1992,188.7214
Low Fat,Snack Foods,146.3786,Tier 3,Medium,Supermarket Type3,0.064933297,4,5056.751,174.837
Low Fat,Soft Drinks,151.7366,Tier 3,Medium,Supermarket Type3,0.107076832,4,3325.0052,58.7904
Low Fat,Fruits and Vegetables,124.6362,Tier 2,Medium,Supermarket Type1,0.128674983,4,2390.8878,112.3886
Regular,Frozen Foods,241.2538,Tier 1,Small,Grocery Store,0,4,5287.7836,145.2102
Low Fat,Snack Foods,151.4366,Tier 3,High,Supermarket Type1,0.052025392,4,1511.366,118.4124
Regular,Dairy,48.1718,Tier 1,Small,Supermarket Type1,0.144017405,4,709.077,238.3222
Low Fat,Snack Foods,59.6246,Tier 2,Medium,Supermarket Type1,0.041177505,4,1100.5674,142.3496
Low Fat,Dairy,89.7514,Tier 3,Medium,Supermarket Type2,0.042352822,4,88.5514,51.6982
Low Fat,Soft Drinks,115.5808,Tier 1,Medium,Supermarket Type1,0.175352413,4,3749.7856,147.4102
Regular,Fruits and Vegetables,34.0532,Tier 2,Medium,Supermarket Type1,0.028282832,4,179.766,46.2744
Low Fat,Fruits and Vegetables,125.2362,Tier 3,Medium,Grocery Store,0,4,1384.1982,46.5402
Regular,Canned,59.8904,Tier 2,Medium,Supermarket Type1,0.008208342,4,1757.712,102.8674
Low Fat,Dairy,55.8614,Tier 3,Medium,Supermarket Type2,0.080131363,4,110.5228,234.03
Low Fat,Household,152.0708,Tier 3,High,Supermarket Type1,0.167444431,4,2106.5912,194.6136
Low Fat,Frozen Foods,55.0614,Tier 3,Medium,Supermarket Type2,0.018485511,4,442.0912,253.1698
Low Fat,Breads,226.6062,Tier 3,High,Supermarket Type1,0.092516598,4,677.1186,120.1098
Regular,Canned,154.2656,Tier 1,Medium,Supermarket Type1,0.104245198,4,308.9312,105.3622
Regular,Meat,123.2046,Tier 3,Medium,Supermarket Type3,0.041779181,4,3237.1196,43.4112
Regular,Canned,58.193,Tier 2,Medium,Supermarket Type1,0.18520944,4,848.895,212.9902
Low Fat,Fruits and Vegetables,97.6042,Tier 1,Medium,Supermarket Type1,0.11084417,4,1488.063,189.2846
Low Fat,Fruits and Vegetables,101.2042,Tier 3,Medium,Grocery Store,0,4,2281.6966,123.0414
Regular,Fruits and Vegetables,48.0034,Tier 2,Small,Supermarket Type1,0.04792722,4,923.4646,185.9556
Low Fat,Dairy,174.7054,Tier 2,Medium,Supermarket Type1,0.036207786,4,6303.7944,121.0782
Low Fat,Fruits and Vegetables,145.4786,Tier 3,High,Supermarket Type1,0.044377096,4,5779.144,185.8266
Low Fat,Household,121.5414,Tier 2,Medium,Supermarket Type1,0.034742632,4,4020.7662,127.402
Regular,Fruits and Vegetables,195.9426,Tier 3,Medium,Supermarket Type3,0.068604503,4,2570.6538,197.3768
Low Fat,Household,115.7492,Tier 3,Medium,Supermarket Type3,0.03294861,4,579.246,116.8124
Low Fat,Soft Drinks,182.6266,Tier 3,Medium,Supermarket Type3,0.014522363,4,3504.1054,50.2324
Low Fat,Household,235.8248,Tier 2,Small,Supermarket Type1,0.059393919,4,4266.4464,181.7976
Low Fat,Household,186.6924,Tier 1,Small,Supermarket Type1,0.066681333,4,7033.5112,194.4478
Low Fat,Seafood,106.2938,Tier 1,Medium,Supermarket Type1,0.031273559,4,1715.1008,160.0604
Low Fat,Dairy,143.0812,Tier 1,Small,Supermarket Type1,0.042836778,4,3704.5112,175.8028
Low Fat,Dairy,41.648,Tier 1,Small,Grocery Store,0.114127418,4,759.012,147.176
Low Fat,Fruits and Vegetables,108.7228,Tier 1,Small,Supermarket Type1,0.026181893,4,1326.2736,167.0474
Low Fat,Health and Hygiene,210.1586,Tier 2,Medium,Supermarket Type1,0.012184999,4,422.1172,50.3034
Low Fat,Frozen Foods,42.7454,Tier 3,Medium,Supermarket Type2,0.026428924,4,419.454,78.2302
Regular,Dairy,158.792,Tier 3,Medium,Supermarket Type3,0.045243613,4,4474.176,146.8102
Regular,Snack Foods,197.1426,Tier 2,Medium,Supermarket Type1,0.045950475,4,3954.852,38.2848
Regular,Canned,85.354,Tier 3,Medium,Supermarket Type3,0.133673087,4,2077.296,41.548
Low Fat,Household,98.87,Tier 2,Small,Supermarket Type1,0.008644894,4,2197.14,122.6756
Low Fat,Household,94.4436,Tier 2,Small,Supermarket Type1,0.031145743,4,1134.5232,173.6054
Low Fat,Canned,111.9544,Tier 3,Medium,Supermarket Type3,0.044391149,4,1565.9616,164.3842
Low Fat,Snack Foods,110.1886,Tier 1,Small,Supermarket Type1,0.015278899,4,1334.2632,199.0084
Regular,Meat,89.6488,Tier 1,Medium,Supermarket Type1,0.008579863,4,1267.6832,72.3038
Low Fat,Hard Drinks,96.9094,Tier 3,Medium,Grocery Store,0.028164527,4,190.4188,178.166
Regular,Canned,153.2314,Tier 1,Small,Supermarket Type1,0.0273467,4,2326.971,158.992
Low Fat,Breads,123.0414,Tier 2,Medium,Supermarket Type1,0.016001434,4,1583.9382,230.6668
Regular,Fruits and Vegetables,145.3418,Tier 2,Small,Supermarket Type1,0.165328057,4,882.8508,170.6764
reg,Dairy,249.4434,Tier 1,Small,Supermarket Type1,0.030510526,4,5960.2416,211.4244
Low Fat,Soft Drinks,102.9332,Tier 2,Small,Supermarket Type1,0.027699863,4,3691.1952,87.9198
Regular,Dairy,114.9492,Tier 1,Small,Supermarket Type1,0.09646733,4,1737.738,42.8086
Regular,Fruits and Vegetables,38.8506,Tier 3,High,Supermarket Type1,0.013584408,4,341.5554,107.7596
Regular,Fruits and Vegetables,82.7908,Tier 1,Medium,Supermarket Type1,0.058516562,4,83.8908,164.1552
Regular,Frozen Foods,43.0086,Tier 1,Medium,Supermarket Type1,0.058365706,4,713.7376,82.1908
Low Fat,Fruits and Vegetables,139.9154,Tier 2,Medium,Supermarket Type1,0.031346387,4,4963.539,110.7228
Low Fat,Canned,170.1448,Tier 3,Medium,Supermarket Type3,0.063750302,4,1874.8928,153.4682
Low Fat,Baking Goods,163.7552,Tier 3,Medium,Supermarket Type3,0.014560297,4,1787.0072,81.425
Low Fat,Frozen Foods,43.5086,Tier 3,Medium,Supermarket Type3,0.026408698,4,401.4774,53.2614
Low Fat,Soft Drinks,171.9764,Tier 2,Small,Supermarket Type1,0.069446588,4,2404.8696,106.3938
Regular,Fruits and Vegetables,106.5622,Tier 1,Small,Supermarket Type1,0.065207559,4,1482.0708,89.8856
Low Fat,Dairy,213.7902,Tier 2,Small,Supermarket Type1,0.045299563,4,5946.9256,38.8138
low fat,Canned,192.3846,Tier 3,High,Supermarket Type1,0.121149472,4,4586.0304,93.7778
Low Fat,Canned,148.9392,Tier 1,Medium,Supermarket Type1,0,4,3728.48,179.3002
Low Fat,Breads,187.0872,Tier 2,Medium,Supermarket Type1,0,4,3214.4824,174.737
Low Fat,Health and Hygiene,248.3092,Tier 3,Medium,Supermarket Type3,0.035022503,4,6474.2392,85.1224
Regular,Canned,115.3492,Tier 3,Medium,Supermarket Type3,0.009014978,4,3823.0236,102.699
Low Fat,Fruits and Vegetables,165.7842,Tier 3,Medium,Supermarket Type2,0.102607233,4,165.7842,54.0298
Regular,Baking Goods,157.2604,Tier 2,Medium,Supermarket Type1,0,4,316.9208,162.421
Low Fat,Household,118.415,Tier 2,Medium,Supermarket Type1,0,4,1747.725,55.4614
LF,Baking Goods,213.7244,Tier 3,Medium,Supermarket Type3,0.08071118,4,4022.7636,113.1544
Low Fat,Hard Drinks,232.4958,Tier 1,Medium,Supermarket Type1,0.091008572,4,2804.3496,129.6336
Regular,Breads,143.5154,Tier 2,Small,Supermarket Type1,0.07549348,4,567.2616,143.5444
Regular,Frozen Foods,78.9986,Tier 3,Medium,Supermarket Type3,0.078547351,4,2259.0594,79.3276
Low Fat,Snack Foods,177.637,Tier 3,Medium,Supermarket Type2,0.036107198,4,2999.429,184.4924
Low Fat,Snack Foods,190.953,Tier 3,High,Supermarket Type1,0.117537563,4,379.506,195.4136
Low Fat,Others,171.8106,Tier 3,Medium,Supermarket Type3,0.047008497,4,3935.5438,112.0202
Regular,Fruits and Vegetables,127.4362,Tier 2,Small,Supermarket Type1,0,4,1510.0344,87.1856
Low Fat,Meat,148.2734,Tier 1,Small,Grocery Store,0.045105407,4,296.9468,89.4172
Low Fat,Dairy,89.9172,Tier 1,Medium,Supermarket Type1,0.076855207,4,1516.6924,59.3536
Regular,Fruits and Vegetables,94.0462,Tier 1,Small,Grocery Store,0.114916546,4,555.2772,188.4214
Low Fat,Canned,179.266,Tier 3,High,Supermarket Type1,0.07376631,4,5033.448,208.5638
Regular,Frozen Foods,76.5354,Tier 3,Medium,Supermarket Type3,0.049349121,4,1655.1788,108.6912
low fat,Canned,191.8846,Tier 1,Small,Grocery Store,0.328390948,4,1146.5076,146.0418
Regular,Meat,120.3782,Tier 2,Small,Supermarket Type1,0.012455787,4,1668.4948,197.511
Low Fat,Hard Drinks,173.6764,Tier 1,Small,Grocery Store,0.006289291,4,858.882,153.2998
Low Fat,Household,164.2842,Tier 3,Medium,Grocery Store,0.110356797,4,2818.3314,62.051
Regular,Dairy,182.4634,Tier 3,High,Supermarket Type1,0.164542555,4,5452.902,112.2518
Low Fat,Health and Hygiene,146.0444,Tier 1,Medium,Supermarket Type1,0.07585337,4,2612.5992,36.8532
Low Fat,Frozen Foods,124.373,Tier 1,Small,Supermarket Type1,0.025993423,4,2093.941,147.4076
Low Fat,Breads,183.7608,Tier 1,Medium,Supermarket Type1,0.129086113,4,2940.1728,89.4856
Regular,Meat,186.6214,Tier 3,Medium,Supermarket Type2,0.151467821,4,2261.0568,154.1314
Low Fat,Dairy,254.3698,Tier 1,Medium,Supermarket Type1,0.120139206,4,4566.0564,45.0744
Low Fat,Household,152.7366,Tier 1,Small,Supermarket Type1,0.120497266,4,1813.6392,162.2868
Regular,Snack Foods,120.8072,Tier 2,Small,Supermarket Type1,0.023492524,4,4287.752,155.5288
Low Fat,Health and Hygiene,83.2908,Tier 3,Medium,Supermarket Type3,0.073024401,4,1258.362,121.844
Regular,Snack Foods,179.6976,Tier 2,Medium,Supermarket Type1,0.088821765,4,1810.976,125.173
Low Fat,Dairy,88.7514,Tier 1,Small,Supermarket Type1,0.136810742,4,1062.6168,263.0568
Low Fat,Baking Goods,158.7946,Tier 1,Small,Grocery Store,0,4,5522.811,144.847
Low Fat,Others,111.0544,Tier 3,Medium,Supermarket Type2,0.08165845,4,894.8352,35.019
Low Fat,Health and Hygiene,123.2072,Tier 2,Medium,Supermarket Type1,0.030379382,4,1225.072,153.4656
Low Fat,Dairy,156.4656,Tier 3,Medium,Grocery Store,0.019314961,4,2162.5184,164.6526
Low Fat,Baking Goods,35.4874,Tier 3,High,Supermarket Type1,0.082935004,4,1693.7952,119.5756
Regular,Fruits and Vegetables,171.708,Tier 3,High,Supermarket Type1,0.106968096,4,3115.944,142.6786
Low Fat,Soft Drinks,140.9812,Tier 1,Medium,Supermarket Type1,0.159582185,4,3277.0676,224.772
Low Fat,Canned,259.1962,Tier 1,Small,Grocery Store,0.14453827,4,5438.9202,180.6002
Low Fat,Fruits and Vegetables,196.7794,Tier 1,Small,Supermarket Type1,0.038685802,4,2731.1116,243.8144
Low Fat,Baking Goods,250.9092,Tier 1,Medium,Supermarket Type1,0.037690731,4,8217.3036,73.3354
Low Fat,Dairy,186.6582,Tier 2,Small,Supermarket Type1,0.07461309,4,3715.164,108.7228
Low Fat,Others,83.325,Tier 1,Small,Grocery Store,0.160936178,4,416.125,184.2608
Regular,Snack Foods,241.7512,Tier 3,Medium,Supermarket Type3,0.065577449,4,3635.268,181.766
Regular,Meat,231.9668,Tier 2,Medium,Supermarket Type1,0.018126724,4,1842.9344,101.799
Regular,Dairy,40.548,Tier 1,Small,Supermarket Type1,0.11411709,4,39.948,92.7436
Regular,Breakfast,186.0898,Tier 2,Medium,Supermarket Type1,0.020760673,4,2619.2572,128.7994
Low Fat,Canned,177.9344,Tier 2,Small,Supermarket Type1,0.026676216,4,4460.86,57.0246
Regular,Starchy Foods,83.125,Tier 2,Medium,Supermarket Type1,0.066315023,4,2579.975,78.296
Low Fat,Snack Foods,112.5202,Tier 2,Small,Supermarket Type1,0.136275173,4,787.6414,128.1678
Low Fat,Snack Foods,166.3526,Tier 2,Medium,Supermarket Type1,0.029799965,4,986.7156,39.1822
Low Fat,Fruits and Vegetables,262.7226,Tier 1,Medium,Supermarket Type1,0.072410764,4,264.3226,48.2034
Regular,Fruits and Vegetables,142.6154,Tier 2,Small,Supermarket Type1,0.028118435,4,709.077,46.7744
Low Fat,Snack Foods,160.4552,Tier 1,Small,Grocery Store,0.163350221,4,2599.2832,120.2124
Regular,Snack Foods,194.3452,Tier 3,Medium,Supermarket Type2,0.014076503,4,2740.4328,200.0084
Regular,Snack Foods,211.8928,Tier 2,Small,Supermarket Type1,0.088305478,4,5890.9984,123.473
Regular,Fruits and Vegetables,197.6084,Tier 3,Medium,Supermarket Type3,0.15528831,4,595.2252,241.7538
Regular,Meat,78.796,Tier 2,Small,Supermarket Type1,0.018021361,4,239.688,101.199
Low Fat,Others,246.0144,Tier 2,Medium,Supermarket Type1,0.0816559,4,4165.2448,143.3154
LF,Baking Goods,88.383,Tier 1,Medium,Supermarket Type1,0.131708682,4,2067.309,152.3024
LF,Canned,192.2478,Tier 1,Medium,Supermarket Type1,0.030174246,4,3874.956,76.667
LF,Canned,262.591,Tier 1,Medium,Supermarket Type1,0.0650227,4,4996.829,87.0198
LF,Dairy,256.1014,Tier 1,Medium,Supermarket Type1,0.070149088,4,2550.014,264.5226
LF,Frozen Foods,95.7068,Tier 1,Medium,Supermarket Type1,0.079342006,4,583.2408,226.0062
LF,Fruits and Vegetables,125.1388,Tier 1,Medium,Supermarket Type1,0,4,1981.4208,175.237
LF,Meat,232.4642,Tier 1,Medium,Supermarket Type1,0.156541861,4,697.0926,162.4578
LF,Others,175.137,Tier 1,Medium,Supermarket Type1,0.023179181,4,3705.177,154.034
LF,Snack Foods,108.0938,Tier 1,Medium,Supermarket Type1,0.121914662,4,1607.907,43.5428
Low Fat,Baking Goods,127.9652,Tier 1,Medium,Supermarket Type1,0.046026479,4,645.826,196.5084
Low Fat,Baking Goods,141.418,Tier 1,Medium,Supermarket Type1,0.0821398,4,1957.452,37.2164
Low Fat,Baking Goods,143.847,Tier 1,Medium,Supermarket Type1,0.037555348,4,4866.998,49.6034
Low Fat,Baking Goods,177.937,Tier 1,Medium,Supermarket Type1,0.028566433,4,176.437,193.0136
Low Fat,Baking Goods,40.6138,Tier 1,Medium,Supermarket Type1,0.009425158,4,406.138,74.838
Low Fat,Baking Goods,235.5616,Tier 1,Medium,Supermarket Type1,0,4,468.7232,84.654
Low Fat,Baking Goods,186.8924,Tier 1,Medium,Supermarket Type1,0.056005781,4,2961.4784,99.2016
Low Fat,Baking Goods,213.356,Tier 1,Medium,Supermarket Type1,0.008554102,4,6817.792,79.3618
Low Fat,Breads,41.248,Tier 1,Medium,Supermarket Type1,0.020729902,4,679.116,197.2742
Low Fat,Breads,168.379,Tier 1,Medium,Supermarket Type1,0,4,3225.801,85.5566
Low Fat,Breads,54.3956,Tier 1,Medium,Supermarket Type1,0.087604647,4,873.5296,196.9794
Low Fat,Breads,198.411,Tier 1,Medium,Supermarket Type1,0.128405328,4,2553.343,156.4314
Low Fat,Breakfast,40.2454,Tier 1,Medium,Supermarket Type1,0.021409913,4,922.7988,229.7326
Low Fat,Canned,146.4418,Tier 1,Medium,Supermarket Type1,0.04572322,4,3089.9778,222.1456
Low Fat,Canned,62.3194,Tier 1,Medium,Supermarket Type1,0.127647181,4,495.3552,207.927
Low Fat,Canned,77.367,Tier 1,Medium,Supermarket Type1,0,4,612.536,105.628
Low Fat,Canned,48.6692,Tier 1,Medium,Supermarket Type1,0.031994534,4,1182.4608,114.3492
Low Fat,Canned,186.2924,Tier 1,Medium,Supermarket Type1,0.098036903,4,555.2772,51.5324
Low Fat,Canned,49.0692,Tier 1,Medium,Supermarket Type1,0.021619564,4,295.6152,50.6982
Low Fat,Canned,144.2812,Tier 1,Medium,Supermarket Type1,0.010658153,4,4844.3608,83.0908
Low Fat,Canned,129.3994,Tier 1,Medium,Supermarket Type1,0,4,3340.9844,178.2686
Low Fat,Canned,166.5158,Tier 1,Medium,Supermarket Type1,0.021240491,4,3509.4318,216.9824
Low Fat,Canned,177.7712,Tier 1,Medium,Supermarket Type1,0.07867708,4,4921.5936,37.8506
Low Fat,Canned,244.117,Tier 1,Medium,Supermarket Type1,0.063127333,4,5346.374,100.47
Low Fat,Canned,107.8254,Tier 1,Medium,Supermarket Type1,0.072952298,4,2387.5588,76.0986
Low Fat,Canned,114.7176,Tier 1,Medium,Supermarket Type1,0.073306615,4,2404.8696,155.0972
Low Fat,Canned,144.9786,Tier 1,Medium,Supermarket Type1,0.042716162,4,1011.3502,257.833
Low Fat,Dairy,210.9902,Tier 1,Medium,Supermarket Type1,0.025519534,4,6371.706,238.7538
Low Fat,Dairy,172.4422,Tier 1,Medium,Supermarket Type1,0.055476238,4,1551.9798,196.8768
Low Fat,Dairy,208.527,Tier 1,Medium,Supermarket Type1,0.017182935,4,3145.905,51.235
Low Fat,Dairy,153.7998,Tier 1,Medium,Supermarket Type1,0.061883353,4,922.7988,147.905
Low Fat,Dairy,194.782,Tier 1,Medium,Supermarket Type1,0.011557563,4,3475.476,165.3526
Low Fat,Dairy,98.8068,Tier 1,Medium,Supermarket Type1,0.075695552,4,2527.3768,168.4158
Low Fat,Dairy,151.7366,Tier 1,Medium,Supermarket Type1,0.020903193,4,604.5464,119.2782
Low Fat,Dairy,56.7588,Tier 1,Medium,Supermarket Type1,0,4,343.5528,231.9668
Low Fat,Dairy,229.601,Tier 1,Medium,Supermarket Type1,0.042246575,4,2526.711,54.2982
Low Fat,Dairy,187.1872,Tier 1,Medium,Supermarket Type1,0.045055587,4,3214.4824,242.3854
Low Fat,Dairy,172.1106,Tier 1,Medium,Supermarket Type1,0.06063976,4,3422.212,173.0106
Low Fat,Dairy,151.8366,Tier 1,Medium,Supermarket Type1,0.03048292,4,1057.9562,257.2672
Low Fat,Dairy,190.9872,Tier 1,Medium,Supermarket Type1,0.101932076,4,3025.3952,54.5956
Low Fat,Dairy,193.0478,Tier 1,Medium,Supermarket Type1,0.005243282,4,1549.9824,266.1884
Low Fat,Frozen Foods,144.9786,Tier 1,Medium,Supermarket Type1,0.072410764,4,2022.7004,122.5098
Low Fat,Frozen Foods,225.3062,Tier 1,Medium,Supermarket Type1,0.007359711,4,677.1186,60.1536
Low Fat,Frozen Foods,236.259,Tier 1,Medium,Supermarket Type1,0.084885375,4,4727.18,39.2796
Low Fat,Frozen Foods,75.8328,Tier 1,Medium,Supermarket Type1,0.022602061,4,154.4656,98.1068
Low Fat,Frozen Foods,249.5066,Tier 1,Medium,Supermarket Type1,0.040245222,4,4267.1122,54.9298
Low Fat,Frozen Foods,92.9804,Tier 1,Medium,Supermarket Type1,0.115064263,4,183.7608,58.6246
Low Fat,Frozen Foods,160.2578,Tier 1,Medium,Supermarket Type1,0.063664998,4,4492.8184,151.6708
Low Fat,Frozen Foods,166.2842,Tier 1,Medium,Supermarket Type1,0.139669224,4,4807.7418,147.6392
Low Fat,Frozen Foods,59.322,Tier 1,Medium,Supermarket Type1,0.044291251,4,539.298,43.3454
Low Fat,Frozen Foods,107.2938,Tier 1,Medium,Supermarket Type1,0.119570595,4,2143.876,249.7434
Low Fat,Frozen Foods,94.8094,Tier 1,Medium,Supermarket Type1,0.124645538,4,1428.141,117.2124
Low Fat,Fruits and Vegetables,107.8254,Tier 1,Medium,Supermarket Type1,0.10234983,4,1410.8302,55.0298
Low Fat,Fruits and Vegetables,55.3588,Tier 1,Medium,Supermarket Type1,0.120731024,4,1030.6584,46.506
Low Fat,Fruits and Vegetables,112.1228,Tier 1,Medium,Supermarket Type1,0.066724663,4,1105.228,187.724
Low Fat,Fruits and Vegetables,194.3478,Tier 1,Medium,Supermarket Type1,0.055213208,4,4649.9472,129.5994
Low Fat,Fruits and Vegetables,150.8708,Tier 1,Medium,Supermarket Type1,0.071010513,4,4363.6532,190.9162
Low Fat,Fruits and Vegetables,76.7354,Tier 1,Medium,Supermarket Type1,0.038789271,4,2482.7682,115.6808
Low Fat,Fruits and Vegetables,96.3726,Tier 1,Medium,Supermarket Type1,0.053950661,4,2740.4328,182.7292
Low Fat,Fruits and Vegetables,225.9062,Tier 1,Medium,Supermarket Type1,0.059940022,4,451.4124,149.1366
Low Fat,Fruits and Vegetables,144.2812,Tier 1,Medium,Supermarket Type1,0.022639195,4,1282.3308,179.7318
Low Fat,Fruits and Vegetables,182.3608,Tier 1,Medium,Supermarket Type1,0.025776994,4,551.2824,169.9474
Low Fat,Fruits and Vegetables,84.3566,Tier 1,Medium,Supermarket Type1,0.081446638,4,761.0094,257.0988
Low Fat,Fruits and Vegetables,89.2514,Tier 1,Medium,Supermarket Type1,0.128614205,4,1416.8224,111.6886
Low Fat,Fruits and Vegetables,208.7612,Tier 1,Medium,Supermarket Type1,0.014602837,4,5226.53,158.6262
Low Fat,Fruits and Vegetables,181.7608,Tier 1,Medium,Supermarket Type1,0.055159054,4,4961.5416,145.6444
Low Fat,Fruits and Vegetables,155.1288,Tier 1,Medium,Supermarket Type1,0.053305463,4,1414.1592,58.193
Low Fat,Hard Drinks,190.253,Tier 1,Medium,Supermarket Type1,0.075675438,4,4174.566,53.3614
Low Fat,Hard Drinks,114.6518,Tier 1,Medium,Supermarket Type1,0.163233667,4,2846.295,144.6444
Low Fat,Hard Drinks,141.5838,Tier 1,Medium,Supermarket Type1,0.064163983,4,1685.8056,229.9694
Low Fat,Hard Drinks,110.0544,Tier 1,Medium,Supermarket Type1,0.085223447,4,2572.6512,189.2872
Low Fat,Hard Drinks,193.0136,Tier 1,Medium,Supermarket Type1,0.112399145,4,4860.34,111.686
Low Fat,Hard Drinks,36.7506,Tier 1,Medium,Supermarket Type1,0.019402371,4,531.3084,38.7164
Low Fat,Hard Drinks,163.7842,Tier 1,Medium,Supermarket Type1,0.054238448,4,1657.842,75.4012
Low Fat,Hard Drinks,162.8894,Tier 1,Medium,Supermarket Type1,0.034624104,4,3397.5774,115.0492
Low Fat,Hard Drinks,208.9612,Tier 1,Medium,Supermarket Type1,0.020952705,4,4181.224,143.5128
Low Fat,Hard Drinks,197.8768,Tier 1,Medium,Supermarket Type1,0.137410256,4,197.0768,161.7578
Low Fat,Health and Hygiene,38.1164,Tier 1,Medium,Supermarket Type1,0.059940022,4,656.4788,262.4226
Low Fat,Health and Hygiene,59.4536,Tier 1,Medium,Supermarket Type1,0.046631836,4,2021.3688,98.4384
Low Fat,Health and Hygiene,159.1578,Tier 1,Medium,Supermarket Type1,0.032672263,4,160.4578,141.2154
Low Fat,Health and Hygiene,145.0102,Tier 1,Medium,Supermarket Type1,0.050130529,4,1895.5326,128.3336
Low Fat,Health and Hygiene,119.1124,Tier 1,Medium,Supermarket Type1,0.032306341,4,1303.6364,166.3526
Low Fat,Health and Hygiene,223.0404,Tier 1,Medium,Supermarket Type1,0.021639678,4,1125.202,150.1708
Low Fat,Health and Hygiene,87.0856,Tier 1,Medium,Supermarket Type1,0.022879017,4,527.3136,176.0686
Low Fat,Health and Hygiene,34.6532,Tier 1,Medium,Supermarket Type1,0.14526636,4,719.064,224.0404
Low Fat,Health and Hygiene,158.8288,Tier 1,Medium,Supermarket Type1,0,4,4399.6064,47.8034
Low Fat,Health and Hygiene,244.417,Tier 1,Medium,Supermarket Type1,0,4,1944.136,182.1608
Low Fat,Health and Hygiene,43.0796,Tier 1,Medium,Supermarket Type1,0.035711426,4,619.194,93.612
Low Fat,Health and Hygiene,143.0786,Tier 1,Medium,Supermarket Type1,0.097862839,4,3178.5292,239.3196
Low Fat,Health and Hygiene,160.9578,Tier 1,Medium,Supermarket Type1,0,4,2246.4092,158.0604
Low Fat,Health and Hygiene,198.8084,Tier 1,Medium,Supermarket Type1,0.16334971,4,2976.126,45.1086
Low Fat,Health and Hygiene,182.4976,Tier 1,Medium,Supermarket Type1,0.030542489,4,1629.8784,193.1162
Low Fat,Health and Hygiene,169.279,Tier 1,Medium,Supermarket Type1,0.046159928,4,3735.138,152.3682
Low Fat,Health and Hygiene,55.2956,Tier 1,Medium,Supermarket Type1,0.148302815,4,873.5296,108.3938
Low Fat,Health and Hygiene,91.812,Tier 1,Medium,Supermarket Type1,0.025169703,4,1771.028,150.4734
Low Fat,Household,41.2454,Tier 1,Medium,Supermarket Type1,0.024926013,4,1342.2528,149.9392
Low Fat,Household,72.5038,Tier 1,Medium,Supermarket Type1,0.093170838,4,2512.7292,127.3652
Low Fat,Household,184.0266,Tier 1,Medium,Supermarket Type1,0.020229757,4,2397.5458,260.8962
Low Fat,Household,163.3526,Tier 1,Medium,Supermarket Type1,0.076975118,4,2631.2416,116.6492
Low Fat,Household,225.3062,Tier 1,Medium,Supermarket Type1,0.075845634,4,4288.4178,156.0656
Low Fat,Household,142.9154,Tier 1,Medium,Supermarket Type1,0,4,141.8154,59.2588
Low Fat,Household,149.3076,Tier 1,Medium,Supermarket Type1,0.069524391,4,2808.3444,91.8146
Low Fat,Household,34.8216,Tier 1,Medium,Supermarket Type1,0.098775709,4,311.5944,208.927
Low Fat,Household,158.9604,Tier 1,Medium,Supermarket Type1,0.080417724,4,1584.604,48.8718
Low Fat,Household,43.1086,Tier 1,Medium,Supermarket Type1,0.006708517,4,89.2172,164.6184
Low Fat,Household,159.692,Tier 1,Medium,Supermarket Type1,0.029569276,4,5592.72,115.015
Low Fat,Household,166.85,Tier 1,Medium,Supermarket Type1,0.006775667,4,499.35,42.9112
Low Fat,Household,158.9604,Tier 1,Medium,Supermarket Type1,0.042276746,4,4436.8912,108.4938
Low Fat,Household,87.1198,Tier 1,Medium,Supermarket Type1,0.099479703,4,959.4178,44.906
Low Fat,Household,193.8162,Tier 1,Medium,Supermarket Type1,0.04188955,4,3463.4916,255.9014
Low Fat,Household,191.453,Tier 1,Medium,Supermarket Type1,0.092811105,4,1707.777,159.7604
Low Fat,Household,55.4614,Tier 1,Medium,Supermarket Type1,0.024369007,4,552.614,40.2454
Low Fat,Household,141.6838,Tier 1,Medium,Supermarket Type1,0.083488992,4,3231.1274,161.3552
Low Fat,Household,119.9756,Tier 1,Medium,Supermarket Type1,0.033651278,4,1938.8096,108.9912
Low Fat,Household,260.5962,Tier 1,Medium,Supermarket Type1,0.099290166,4,3884.943,214.0902
Low Fat,Household,43.4086,Tier 1,Medium,Supermarket Type1,0.034726222,4,401.4774,125.602
Low Fat,Household,109.5228,Tier 1,Medium,Supermarket Type1,0.06725846,4,3757.7752,115.186
Low Fat,Household,131.4968,Tier 1,Medium,Supermarket Type1,0.049016517,4,1565.9616,128.7336
Low Fat,Household,239.6906,Tier 1,Medium,Supermarket Type1,0.012673238,4,2614.5966,121.5414
Low Fat,Household,62.951,Tier 1,Medium,Supermarket Type1,0.010381661,4,1138.518,207.8954
Low Fat,Household,98.6042,Tier 1,Medium,Supermarket Type1,0.034360687,4,1091.2462,215.7218
Low Fat,Household,123.5046,Tier 1,Medium,Supermarket Type1,0.027028323,4,1743.0644,127.0336
Low Fat,Household,223.1404,Tier 1,Medium,Supermarket Type1,0.094308058,4,5175.9292,251.8698
Low Fat,Household,144.4444,Tier 1,Medium,Supermarket Type1,0.011838464,4,2902.888,155.134
Low Fat,Household,183.695,Tier 1,Medium,Supermarket Type1,0.032819637,4,2929.52,38.9822
Low Fat,Household,222.1456,Tier 1,Medium,Supermarket Type1,0.071103348,4,5747.1856,75.4696
Low Fat,Meat,105.828,Tier 1,Medium,Supermarket Type1,0.012737719,4,958.752,38.5822
Low Fat,Meat,147.905,Tier 1,Medium,Supermarket Type1,0.008960445,4,2247.075,119.1756
Low Fat,Meat,123.1414,Tier 1,Medium,Supermarket Type1,0.037955309,4,2314.9866,62.8826
Low Fat,Meat,34.8558,Tier 1,Medium,Supermarket Type1,0.081260969,4,441.4254,221.7798
Low Fat,Meat,133.4942,Tier 1,Medium,Supermarket Type1,0.081168135,4,1457.4362,190.5846
Low Fat,Others,167.5158,Tier 1,Medium,Supermarket Type1,0.040023967,4,4345.0108,85.5908
Low Fat,Others,65.0826,Tier 1,Medium,Supermarket Type1,0.11147467,4,1162.4868,108.0912
Low Fat,Others,143.947,Tier 1,Medium,Supermarket Type1,0.18293775,4,2576.646,243.0196
Low Fat,Seafood,124.2388,Tier 1,Medium,Supermarket Type1,0.05616476,4,247.6776,51.8982
Low Fat,Snack Foods,146.6734,Tier 1,Medium,Supermarket Type1,0.141475625,4,2227.101,155.0998
Low Fat,Snack Foods,80.4302,Tier 1,Medium,Supermarket Type1,0.08509812,4,316.9208,108.2912
Low Fat,Snack Foods,111.857,Tier 1,Medium,Supermarket Type1,0.027991093,4,2966.139,145.976
Low Fat,Snack Foods,119.8466,Tier 1,Medium,Supermarket Type1,0.086088353,4,2239.0854,168.7816
Low Fat,Snack Foods,142.9128,Tier 1,Medium,Supermarket Type1,0.039980644,4,2013.3792,227.3694
Low Fat,Snack Foods,110.2544,Tier 1,Medium,Supermarket Type1,0.036997104,4,1789.6704,115.9834
Low Fat,Snack Foods,48.7692,Tier 1,Medium,Supermarket Type1,0.091348964,4,788.3072,150.3708
Low Fat,Snack Foods,182.4266,Tier 1,Medium,Supermarket Type1,0.036016619,4,5163.9448,186.3924
Low Fat,Snack Foods,87.9198,Tier 1,Medium,Supermarket Type1,0.058485617,4,1133.8574,44.7744
Low Fat,Snack Foods,129.1678,Tier 1,Medium,Supermarket Type1,0.019064377,4,1017.3424,238.2248
Low Fat,Snack Foods,158.7604,Tier 1,Medium,Supermarket Type1,0.105018817,4,3010.7476,155.263
Low Fat,Snack Foods,230.0668,Tier 1,Medium,Supermarket Type1,0.036446751,4,691.1004,90.3488
Low Fat,Snack Foods,174.2054,Tier 1,Medium,Supermarket Type1,0.010055503,4,4377.635,163.7552
Low Fat,Snack Foods,106.3622,Tier 1,Medium,Supermarket Type1,0.049144165,4,2117.244,112.7176
Low Fat,Snack Foods,37.3506,Tier 1,Medium,Supermarket Type1,0.105042025,4,1024.6662,163.8868
Low Fat,Snack Foods,166.4816,Tier 1,Medium,Supermarket Type1,0.052257982,4,2013.3792,121.8072
Low Fat,Snack Foods,79.196,Tier 1,Medium,Supermarket Type1,0.039071642,4,1278.336,145.3418
Low Fat,Snack Foods,125.8678,Tier 1,Medium,Supermarket Type1,0.012627478,4,3433.5306,140.818
Low Fat,Snack Foods,37.2874,Tier 1,Medium,Supermarket Type1,0.054318517,4,705.748,140.9154
Low Fat,Snack Foods,174.4422,Tier 1,Medium,Supermarket Type1,0.07784544,4,3448.844,260.5962
Low Fat,Snack Foods,170.5764,Tier 1,Medium,Supermarket Type1,0.076975118,4,4466.1864,161.8236
Low Fat,Snack Foods,50.5008,Tier 1,Medium,Supermarket Type1,0.033942546,4,253.004,213.5902
Low Fat,Snack Foods,220.0482,Tier 1,Medium,Supermarket Type1,0.121438886,4,2628.5784,196.1452
Low Fat,Snack Foods,76.867,Tier 1,Medium,Supermarket Type1,0.049381666,4,2526.711,193.0478
Low Fat,Soft Drinks,46.8402,Tier 1,Medium,Supermarket Type1,0.014577695,4,413.4618,147.2102
Low Fat,Soft Drinks,119.3466,Tier 1,Medium,Supermarket Type1,0.079094835,4,3064.0116,114.386
Low Fat,Soft Drinks,121.5098,Tier 1,Medium,Supermarket Type1,0.027748176,4,2410.196,86.5198
Low Fat,Soft Drinks,49.9376,Tier 1,Medium,Supermarket Type1,0.020609218,4,623.1888,155.1656
Low Fat,Soft Drinks,175.3712,Tier 1,Medium,Supermarket Type1,0,4,2988.1104,166.5158
Low Fat,Soft Drinks,105.5306,Tier 1,Medium,Supermarket Type1,0.11350542,4,940.7754,186.8924
Low Fat,Soft Drinks,170.5422,Tier 1,Medium,Supermarket Type1,0.115346634,4,344.8844,200.2084
Low Fat,Soft Drinks,108.6912,Tier 1,Medium,Supermarket Type1,0.029827665,4,1310.2944,144.3444
Low Fat,Soft Drinks,98.341,Tier 1,Medium,Supermarket Type1,0.041681059,4,1351.574,164.2526
Low Fat,Soft Drinks,74.667,Tier 1,Medium,Supermarket Type1,0.037885683,4,2143.876,190.4188
Low Fat,Soft Drinks,241.2538,Tier 1,Medium,Supermarket Type1,0.03395415,4,3124.5994,56.4614
Low Fat,Soft Drinks,40.4822,Tier 1,Medium,Supermarket Type1,0.02128304,4,589.233,153.5024
Low Fat,Starchy Foods,109.857,Tier 1,Medium,Supermarket Type1,0.014883661,4,1208.427,174.508
Low Fat,Starchy Foods,248.046,Tier 1,Medium,Supermarket Type1,0.041355366,4,7883.072,182.0634
Regular,Baking Goods,175.4396,Tier 1,Medium,Supermarket Type1,0.041837331,4,2616.594,161.8868
Regular,Baking Goods,106.3306,Tier 1,Medium,Supermarket Type1,0.104183308,4,1254.3672,166.15
Regular,Baking Goods,175.4738,Tier 1,Medium,Supermarket Type1,0.02960641,4,2954.1546,65.4142
Regular,Baking Goods,186.5924,Tier 1,Medium,Supermarket Type1,0.161798604,4,4442.2176,37.2848
Regular,Baking Goods,109.2254,Tier 1,Medium,Supermarket Type1,0.046960237,4,976.7286,111.857
Regular,Baking Goods,182.1608,Tier 1,Medium,Supermarket Type1,0.045337184,4,3123.9336,36.8874
Regular,Baking Goods,258.3988,Tier 1,Medium,Supermarket Type1,0.048218142,4,256.9988,42.2138
Regular,Baking Goods,176.437,Tier 1,Medium,Supermarket Type1,0.058822142,4,4587.362,173.5422
Regular,Baking Goods,85.6908,Tier 1,Medium,Supermarket Type1,0.082394321,4,1593.9252,48.5034
Regular,Breads,241.0512,Tier 1,Medium,Supermarket Type1,0.034658144,4,242.3512,155.8288
Regular,Breads,38.319,Tier 1,Medium,Supermarket Type1,0,4,292.952,131.531
Regular,Breakfast,42.0454,Tier 1,Medium,Supermarket Type1,0.033103556,4,629.181,48.9008
Regular,Breakfast,173.2764,Tier 1,Medium,Supermarket Type1,0.125419157,4,1030.6584,40.048
Regular,Canned,39.3138,Tier 1,Medium,Supermarket Type1,0.028320655,4,1015.345,172.5422
Regular,Canned,257.833,Tier 1,Medium,Supermarket Type1,0.05281112,4,3332.329,86.6224
Regular,Canned,254.004,Tier 1,Medium,Supermarket Type1,0.042378864,4,2277.036,125.4046
Regular,Canned,226.9404,Tier 1,Medium,Supermarket Type1,0.014649641,4,1800.3232,207.3638
Regular,Canned,101.6332,Tier 1,Medium,Supermarket Type1,0.041313203,4,1845.5976,42.0454
Regular,Dairy,256.8672,Tier 1,Medium,Supermarket Type1,0.075287081,4,3579.3408,115.3176
Regular,Dairy,155.1998,Tier 1,Medium,Supermarket Type1,0.023358738,4,307.5996,184.4608
Regular,Dairy,193.982,Tier 1,Medium,Supermarket Type1,0.020601791,4,1737.738,86.054
Regular,Dairy,106.8254,Tier 1,Medium,Supermarket Type1,0,4,108.5254,57.8562
Regular,Dairy,93.712,Tier 1,Medium,Supermarket Type1,0.119361718,4,745.696,231.63
Regular,Dairy,153.434,Tier 1,Medium,Supermarket Type1,0.065165046,4,1378.206,79.3986
Regular,Dairy,176.9028,Tier 1,Medium,Supermarket Type1,0.007551607,4,3010.7476,145.8102
Regular,Dairy,131.0626,Tier 1,Medium,Supermarket Type1,0.183579854,4,524.6504,110.857
Regular,Dairy,103.499,Tier 1,Medium,Supermarket Type1,0.030975716,4,1547.985,253.9672
Regular,Frozen Foods,188.4214,Tier 1,Medium,Supermarket Type1,0.105181277,4,376.8428,214.4218
Regular,Frozen Foods,102.599,Tier 1,Medium,Supermarket Type1,0.035895934,4,1651.184,244.4486
Regular,Frozen Foods,246.5434,Tier 1,Medium,Supermarket Type1,0.008046878,4,4470.1812,78.7618
Regular,Frozen Foods,110.8544,Tier 1,Medium,Supermarket Type1,0.047503318,4,1677.816,244.6144
Regular,Frozen Foods,247.346,Tier 1,Medium,Supermarket Type1,0.048738014,4,1970.768,262.1278
Regular,Frozen Foods,145.8102,Tier 1,Medium,Supermarket Type1,0,4,874.8612,155.263
Regular,Frozen Foods,49.5376,Tier 1,Medium,Supermarket Type1,0.080765853,4,143.8128,262.8936
Regular,Frozen Foods,165.9526,Tier 1,Medium,Supermarket Type1,0.016679232,4,2631.2416,96.3726
Regular,Frozen Foods,152.6366,Tier 1,Medium,Supermarket Type1,0.121709653,4,1662.5026,119.7466
Regular,Frozen Foods,221.3114,Tier 1,Medium,Supermarket Type1,0.083736551,4,2217.114,178.7318
Regular,Fruits and Vegetables,151.505,Tier 1,Medium,Supermarket Type1,0.107223632,4,2846.295,144.8786
Regular,Fruits and Vegetables,140.5838,Tier 1,Medium,Supermarket Type1,0.059820884,4,2669.1922,130.3968
Regular,Fruits and Vegetables,179.866,Tier 1,Medium,Supermarket Type1,0.063916425,4,1258.362,117.1492
Regular,Fruits and Vegetables,178.237,Tier 1,Medium,Supermarket Type1,0.030616757,4,3705.177,112.7176
Regular,Fruits and Vegetables,122.0098,Tier 1,Medium,Supermarket Type1,0.152364317,4,2651.2156,254.0382
Regular,Fruits and Vegetables,99.8726,Tier 1,Medium,Supermarket Type1,0.064307102,4,587.2356,77.3012
Regular,Fruits and Vegetables,98.4068,Tier 1,Medium,Supermarket Type1,0.026342897,4,1846.9292,104.1332
Regular,Fruits and Vegetables,111.4544,Tier 1,Medium,Supermarket Type1,0.100922503,4,2013.3792,199.0768
Regular,Fruits and Vegetables,188.2556,Tier 1,Medium,Supermarket Type1,0.142910689,4,3755.112,89.6514
Regular,Fruits and Vegetables,94.1752,Tier 1,Medium,Supermarket Type1,0.012223687,4,575.2512,57.1904
Regular,Fruits and Vegetables,146.8418,Tier 1,Medium,Supermarket Type1,0.066400129,4,2059.9852,250.1092
Regular,Fruits and Vegetables,236.8564,Tier 1,Medium,Supermarket Type1,0.10361083,4,5005.4844,228.372
Regular,Fruits and Vegetables,105.3622,Tier 1,Medium,Supermarket Type1,0.022954444,4,3387.5904,184.495
Regular,Fruits and Vegetables,154.9972,Tier 1,Medium,Supermarket Type1,0.112584813,4,3739.1328,192.0478
Regular,Meat,37.4506,Tier 1,Medium,Supermarket Type1,0.04710181,4,303.6048,181.8608
Regular,Meat,223.9088,Tier 1,Medium,Supermarket Type1,0.137580452,4,223.7088,182.8608
Regular,Meat,50.8324,Tier 1,Medium,Supermarket Type1,0.025966531,4,1298.31,102.2674
Regular,Meat,96.0094,Tier 1,Medium,Supermarket Type1,0.020442889,4,380.8376,98.0042
Regular,Meat,245.846,Tier 1,Medium,Supermarket Type1,0.033813351,4,4434.228,198.1426
Regular,Meat,172.0422,Tier 1,Medium,Supermarket Type1,0.061190964,4,2586.633,47.1744
Regular,Meat,170.3106,Tier 1,Medium,Supermarket Type1,0.122065518,4,4277.765,103.3674
Regular,Meat,178.2344,Tier 1,Medium,Supermarket Type1,0.17174348,4,1070.6064,48.8376
Regular,Snack Foods,251.2408,Tier 1,Medium,Supermarket Type1,0.123307177,4,1001.3632,93.5436
Regular,Snack Foods,149.5366,Tier 1,Medium,Supermarket Type1,0.041346469,4,2871.5954,103.1332
Regular,Snack Foods,186.024,Tier 1,Medium,Supermarket Type1,0.032960823,4,4287.752,115.0518
Regular,Snack Foods,232.63,Tier 1,Medium,Supermarket Type1,0.117667492,4,1864.24,159.5578
Regular,Snack Foods,237.7248,Tier 1,Medium,Supermarket Type1,0.021039273,4,2607.2728,160.0578
Regular,Snack Foods,172.3106,Tier 1,Medium,Supermarket Type1,0.045763062,4,4277.765,38.4848
Regular,Snack Foods,50.8324,Tier 1,Medium,Supermarket Type1,0.093909644,4,155.7972,213.7244
Regular,Snack Foods,100.9674,Tier 1,Medium,Supermarket Type1,0.076839735,4,1222.4088,34.9558
Regular,Snack Foods,185.1266,Tier 1,Medium,Supermarket Type1,0.125469442,4,2766.399,264.491
Regular,Snack Foods,148.6708,Tier 1,Medium,Supermarket Type1,0.025961116,4,2106.5912,80.4302
Regular,Snack Foods,123.5414,Tier 1,Medium,Supermarket Type1,0.099286298,4,4508.1318,49.8666
Regular,Snack Foods,117.7782,Tier 1,Medium,Supermarket Type1,0.067181098,4,1191.782,258.8304
Regular,Snack Foods,221.7798,Tier 1,Medium,Supermarket Type1,0.128235131,4,3085.3172,169.2816
Regular,Soft Drinks,42.5138,Tier 1,Medium,Supermarket Type1,0.061270647,4,649.8208,53.2614
Regular,Soft Drinks,194.0478,Tier 1,Medium,Supermarket Type1,0.024892129,4,3293.7126,37.8822
Regular,Soft Drinks,184.4924,Tier 1,Medium,Supermarket Type1,0.039990314,4,9069.5276,165.0868
Regular,Starchy Foods,235.259,Tier 1,Medium,Supermarket Type1,0.043968652,4,5672.616,57.6904
Regular,Starchy Foods,164.1526,Tier 1,Medium,Supermarket Type1,0.048761223,4,2960.1468,186.5898
Regular,Starchy Foods,121.044,Tier 1,Medium,Supermarket Type1,0.129016487,4,1557.972,98.4068
low fat,Breads,65.0168,Tier 1,Medium,Supermarket Type1,0.048857925,4,447.4176,61.0194
low fat,Hard Drinks,119.8414,Tier 1,Medium,Supermarket Type1,0,4,365.5242,72.338
low fat,Household,63.751,Tier 1,Medium,Supermarket Type1,0.129534812,4,126.502,190.1872
reg,Baking Goods,65.9826,Tier 1,Medium,Supermarket Type1,0.035627489,4,1162.4868,146.6444
reg,Baking Goods,107.6622,Tier 1,Medium,Supermarket Type1,0.062321222,4,2858.2794,87.2514
reg,Breads,93.0462,Tier 1,Medium,Supermarket Type1,0.074847665,4,185.0924,78.8986
reg,Frozen Foods,187.5214,Tier 1,Medium,Supermarket Type1,0.128621941,4,1695.7926,175.537
reg,Fruits and Vegetables,252.3382,Tier 1,Medium,Supermarket Type1,0,4,6056.1168,256.633
reg,Meat,116.0176,Tier 1,Medium,Supermarket Type1,0.009883257,4,1488.7288,149.8366
reg,Snack Foods,110.4912,Tier 1,Medium,Supermarket Type1,0.085268317,4,1310.2944,229.7668
LF,Fruits and Vegetables,189.653,Tier 1,Small,Grocery Store,0.054363971,4,569.259,105.099
LF,Fruits and Vegetables,258.8278,Tier 1,Small,Grocery Store,0,4,1041.3112,258.3988
LF,Household,153.3656,Tier 1,Small,Grocery Store,0.058827583,4,463.3968,110.4912
LF,Household,66.2142,Tier 1,Small,Grocery Store,0.046609281,4,131.8284,248.6776
LF,Snack Foods,172.0738,Tier 1,Small,Grocery Store,0.284065879,4,3301.7022,105.5622
LF,Soft Drinks,165.6526,Tier 1,Small,Grocery Store,0,4,1808.9786,40.5138
Low Fat,Baking Goods,196.3768,Tier 1,Small,Grocery Store,0.009921107,4,4138.6128,183.6924
Low Fat,Baking Goods,194.7452,Tier 1,Small,Grocery Store,0.027767577,4,1370.2164,82.1592
Low Fat,Baking Goods,104.528,Tier 1,Small,Grocery Store,0.148742896,4,852.224,107.128
Low Fat,Baking Goods,113.286,Tier 1,Small,Grocery Store,0.105893301,4,1471.418,86.254
Low Fat,Baking Goods,148.2418,Tier 1,Small,Grocery Store,0.137870237,4,2354.2688,175.037
Low Fat,Baking Goods,144.4102,Tier 1,Small,Grocery Store,0.048637888,4,4374.306,149.7708
Low Fat,Baking Goods,146.8734,Tier 1,Small,Grocery Store,0.016476619,4,3563.3616,74.338
Low Fat,Breads,151.5682,Tier 1,Small,Grocery Store,0.25637539,4,3506.7686,94.8436
Low Fat,Breads,250.3092,Tier 1,Small,Grocery Store,0.120986139,4,249.0092,216.1166
Low Fat,Breads,186.4556,Tier 1,Small,Grocery Store,0.094910421,4,563.2668,84.5566
Low Fat,Breads,91.3804,Tier 1,Small,Grocery Store,0.081197035,4,1653.8472,121.7414
Low Fat,Breads,56.7904,Tier 1,Small,Grocery Store,0.03627089,4,1113.2176,85.9566
Low Fat,Breakfast,103.099,Tier 1,Small,Grocery Store,0.126760908,4,1341.587,176.937
Low Fat,Breakfast,65.7826,Tier 1,Small,Grocery Store,0.250560049,4,968.739,126.9994
Low Fat,Canned,158.292,Tier 1,Small,Grocery Store,0.113669629,4,3994.8,89.0198
Low Fat,Canned,256.433,Tier 1,Small,Grocery Store,0.032516546,4,3844.995,188.8214
Low Fat,Dairy,96.5384,Tier 1,Small,Grocery Store,0.041740624,4,1182.4608,98.3042
Low Fat,Dairy,153.2024,Tier 1,Small,Grocery Store,0.19244045,4,3795.06,43.9428
Low Fat,Dairy,78.5618,Tier 1,Small,Grocery Store,0.067441726,4,2255.7304,57.4272
Low Fat,Dairy,97.241,Tier 1,Small,Grocery Store,0.157528118,4,1448.115,142.9154
Low Fat,Dairy,158.6604,Tier 1,Small,Grocery Store,0.102157958,4,2535.3664,145.0128
Low Fat,Dairy,108.157,Tier 1,Small,Grocery Store,0.304737387,4,1098.57,54.7298
Low Fat,Dairy,197.2084,Tier 1,Small,Grocery Store,0.178192864,4,4166.5764,54.9956
Low Fat,Dairy,113.9518,Tier 1,Small,Grocery Store,0.014008751,4,910.8144,171.3422
Low Fat,Frozen Foods,117.3124,Tier 1,Small,Grocery Store,0.064208126,4,2014.7108,180.1976
Low Fat,Frozen Foods,231.2984,Tier 1,Small,Grocery Store,0.063649582,4,6024.1584,74.7696
Low Fat,Frozen Foods,98.1068,Tier 1,Small,Grocery Store,0.077427883,4,1458.102,41.8454
Low Fat,Frozen Foods,174.708,Tier 1,Small,Grocery Store,0.046124444,4,2423.512,206.7954
Low Fat,Frozen Foods,165.1158,Tier 1,Small,Grocery Store,0.010615026,4,1504.0422,185.1898
Low Fat,Frozen Foods,85.2224,Tier 1,Small,Grocery Store,0.024546148,4,1278.336,34.619
Low Fat,Frozen Foods,197.911,Tier 1,Small,Grocery Store,0.167725251,4,1767.699,128.3678
Low Fat,Frozen Foods,151.9682,Tier 1,Small,Grocery Store,0.111654545,4,1677.1502,157.063
Low Fat,Fruits and Vegetables,140.2838,Tier 1,Small,Grocery Store,0.041063069,4,280.9676,93.5778
Low Fat,Fruits and Vegetables,112.2544,Tier 1,Small,Grocery Store,0.037345714,4,3914.904,106.5306
Low Fat,Fruits and Vegetables,180.366,Tier 1,Small,Grocery Store,0.173527068,4,1258.362,92.0462
Low Fat,Fruits and Vegetables,127.8652,Tier 1,Small,Grocery Store,0.086352403,4,2195.8084,149.8734
Low Fat,Fruits and Vegetables,154.663,Tier 1,Small,Grocery Store,0.178923163,4,2659.871,55.7298
Low Fat,Fruits and Vegetables,99.9384,Tier 1,Small,Grocery Store,0.32111501,4,689.7688,100.77
Low Fat,Fruits and Vegetables,113.386,Tier 1,Small,Grocery Store,0.039576776,4,2603.278,179.9318
Low Fat,Fruits and Vegetables,141.1496,Tier 1,Small,Grocery Store,0.074517508,4,282.2992,227.372
Low Fat,Fruits and Vegetables,192.3162,Tier 1,Small,Grocery Store,0.096658404,4,769.6648,216.9166
Low Fat,Hard Drinks,195.8426,Tier 1,Small,Grocery Store,0.094817105,4,4152.5946,77.9012
Low Fat,Hard Drinks,256.9672,Tier 1,Small,Grocery Store,0.159096908,4,1534.0032,129.3336
Low Fat,Health and Hygiene,245.246,Tier 1,Small,Grocery Store,0.037829469,4,3202.498,151.0708
Low Fat,Health and Hygiene,38.5822,Tier 1,Small,Grocery Store,0.112249603,4,353.5398,123.3414
Low Fat,Health and Hygiene,63.4194,Tier 1,Small,Grocery Store,0.039996021,4,1547.985,176.7686
Low Fat,Household,121.744,Tier 1,Small,Grocery Store,0.028048877,4,2277.036,106.1964
Low Fat,Household,120.644,Tier 1,Small,Grocery Store,0.173574402,4,3475.476,214.0902
Low Fat,Household,175.137,Tier 1,Small,Grocery Store,0.293066133,4,2822.992,177.0712
Low Fat,Household,40.5454,Tier 1,Small,Grocery Store,0.123557061,4,1216.4166,216.6192
Low Fat,Household,116.6834,Tier 1,Small,Grocery Store,0.127234249,4,3570.6854,158.392
Low Fat,Household,113.7202,Tier 1,Small,Grocery Store,0.060706749,4,3263.0858,127.502
Low Fat,Household,159.792,Tier 1,Small,Grocery Store,0.060672263,4,2716.464,119.8782
Low Fat,Household,224.1772,Tier 1,Small,Grocery Store,0.025039776,4,3558.0352,102.7332
Low Fat,Household,183.6924,Tier 1,Small,Grocery Store,0.117825569,4,555.2772,43.2796
Low Fat,Household,260.991,Tier 1,Small,Grocery Store,0.124299531,4,7100.757,73.4696
Low Fat,Household,116.8492,Tier 1,Small,Grocery Store,0.055566935,4,2664.5316,263.591
Low Fat,Household,170.8422,Tier 1,Small,Grocery Store,0.140582485,4,1724.422,47.1718
Low Fat,Household,88.5198,Tier 1,Small,Grocery Store,0.097768728,4,1308.297,142.4496
Low Fat,Household,235.5248,Tier 1,Small,Grocery Store,0.015397129,4,4740.496,194.911
Low Fat,Household,146.2786,Tier 1,Small,Grocery Store,0.010467749,4,433.4358,162.9526
Low Fat,Household,200.5742,Tier 1,Small,Grocery Store,0.325780807,4,2388.8904,252.7698
Low Fat,Meat,81.0276,Tier 1,Small,Grocery Store,0.057933643,4,1868.2348,175.1738
Low Fat,Meat,149.605,Tier 1,Small,Grocery Store,0.20914265,4,449.415,190.953
Low Fat,Meat,262.0252,Tier 1,Small,Grocery Store,0,4,4459.5284,196.8426
Low Fat,Others,185.3924,Tier 1,Small,Grocery Store,0.210596485,4,370.1848,144.747
Low Fat,Others,47.1402,Tier 1,Small,Grocery Store,0.194874778,4,1516.0266,110.2912
Low Fat,Seafood,127.102,Tier 1,Small,Grocery Store,0.054670967,4,253.004,158.6604
Low Fat,Snack Foods,45.6086,Tier 1,Small,Grocery Store,0.103918113,4,1025.9978,100.67
Low Fat,Snack Foods,58.2562,Tier 1,Small,Grocery Store,0.086326707,4,592.562,192.6478
Low Fat,Snack Foods,50.3324,Tier 1,Small,Grocery Store,0.134564284,4,675.1212,159.8236
Low Fat,Snack Foods,100.0384,Tier 1,Small,Grocery Store,0.094957079,4,1970.768,143.5154
Low Fat,Snack Foods,138.6838,Tier 1,Small,Grocery Store,0.156304192,4,2950.1598,256.3672
Low Fat,Snack Foods,39.5138,Tier 1,Small,Grocery Store,0.236616754,4,568.5932,217.6482
Low Fat,Snack Foods,55.1956,Tier 1,Small,Grocery Store,0.062294473,4,1255.6988,242.417
Low Fat,Snack Foods,153.934,Tier 1,Small,Grocery Store,0.18358896,4,153.134,154.663
Low Fat,Snack Foods,190.3504,Tier 1,Small,Grocery Store,0.117091213,4,1917.504,197.9084
Low Fat,Soft Drinks,252.7698,Tier 1,Small,Grocery Store,0.079440262,4,5834.4054,86.7882
Low Fat,Soft Drinks,37.2506,Tier 1,Small,Grocery Store,0.138269873,4,493.3578,111.686
Low Fat,Soft Drinks,83.5566,Tier 1,Small,Grocery Store,0.164966345,4,1860.2452,189.4872
Low Fat,Soft Drinks,144.847,Tier 1,Small,Grocery Store,0.078576075,4,2433.499,78.467
Low Fat,Soft Drinks,172.3106,Tier 1,Small,Grocery Store,0.058444176,4,3251.1014,73.0696
Low Fat,Soft Drinks,149.1734,Tier 1,Small,Grocery Store,0.077046505,4,4454.202,189.453
Regular,Baking Goods,127.6652,Tier 1,Small,Grocery Store,0.2004264,4,2841.6344,88.8514
Regular,Baking Goods,183.1292,Tier 1,Small,Grocery Store,0,4,6385.022,38.1848
Regular,Baking Goods,159.4604,Tier 1,Small,Grocery Store,0.191500528,4,2376.906,121.2098
Regular,Baking Goods,110.2544,Tier 1,Small,Grocery Store,0.132630345,4,1677.816,263.8568
Regular,Baking Goods,192.1478,Tier 1,Small,Grocery Store,0.182128363,4,1937.478,165.65
Regular,Breads,147.0734,Tier 1,Small,Grocery Store,0.097275777,4,296.9468,223.9088
Regular,Breads,252.6066,Tier 1,Small,Grocery Store,0.076851759,4,2259.0594,111.857
Regular,Breads,130.3284,Tier 1,Small,Grocery Store,0.139913045,4,2504.7396,227.9036
Regular,Breakfast,170.5422,Tier 1,Small,Grocery Store,0.274592283,4,2069.3064,167.8474
Regular,Breakfast,92.5436,Tier 1,Small,Grocery Store,0.120965853,4,1701.7848,55.8614
Regular,Canned,62.8826,Tier 1,Small,Grocery Store,0,4,710.4086,92.312
Regular,Canned,194.3452,Tier 1,Small,Grocery Store,0.044063785,4,4502.1396,147.2418
Regular,Canned,88.5856,Tier 1,Small,Grocery Store,0,4,703.0848,78.896
Regular,Canned,195.8136,Tier 1,Small,Grocery Store,0.161030847,4,2138.5496,251.2408
Regular,Canned,237.3564,Tier 1,Small,Grocery Store,0.021031586,4,2145.2076,164.7184
Regular,Dairy,55.6614,Tier 1,Small,Grocery Store,0.129425145,4,331.5684,219.3482
Regular,Dairy,82.1592,Tier 1,Small,Grocery Store,0.074620291,4,412.796,120.1782
Regular,Dairy,82.925,Tier 1,Small,Grocery Store,0.133347119,4,1165.15,193.0794
Regular,Dairy,76.7986,Tier 1,Small,Grocery Store,0.153456703,4,1324.2762,264.091
Regular,Frozen Foods,45.6086,Tier 1,Small,Grocery Store,0.019912606,4,356.8688,91.0488
Regular,Frozen Foods,224.8404,Tier 1,Small,Grocery Store,0.127660257,4,3600.6464,198.5426
Regular,Frozen Foods,122.3414,Tier 1,Small,Grocery Store,0,4,243.6828,230.0668
Regular,Frozen Foods,112.1518,Tier 1,Small,Grocery Store,0.063079544,4,1821.6288,175.7712
Regular,Frozen Foods,180.9976,Tier 1,Small,Grocery Store,0.133144259,4,4165.2448,190.8846
Regular,Frozen Foods,88.2514,Tier 1,Small,Grocery Store,0.145200948,4,88.5514,35.4558
Regular,Frozen Foods,190.4846,Tier 1,Small,Grocery Store,0.073541072,4,8789.8916,192.282
Regular,Fruits and Vegetables,104.6306,Tier 1,Small,Grocery Store,0.099780431,4,1149.8366,225.2088
Regular,Fruits and Vegetables,151.0392,Tier 1,Small,Grocery Store,0.075215349,4,3281.0624,108.4254
Regular,Fruits and Vegetables,230.201,Tier 1,Small,Grocery Store,0.214423791,4,5742.525,111.6544
Regular,Fruits and Vegetables,228.0352,Tier 1,Small,Grocery Store,0.187443314,4,10306.584,145.8786
Regular,Fruits and Vegetables,133.3284,Tier 1,Small,Grocery Store,0.086077865,4,263.6568,143.8102
Regular,Fruits and Vegetables,186.924,Tier 1,Small,Grocery Store,0.27321283,4,2237.088,240.9538
Regular,Fruits and Vegetables,93.112,Tier 1,Small,Grocery Store,0.037569401,4,932.12,120.7098
Regular,Fruits and Vegetables,128.1994,Tier 1,Small,Grocery Store,0.06173052,4,2184.4898,159.1578
Regular,Fruits and Vegetables,173.2396,Tier 1,Small,Grocery Store,0.165101585,4,3139.9128,87.7882
Regular,Fruits and Vegetables,231.83,Tier 1,Small,Grocery Store,0,4,466.06,234.7958
Regular,Fruits and Vegetables,56.6272,Tier 1,Small,Grocery Store,0.109274313,4,447.4176,225.3062
Regular,Fruits and Vegetables,102.499,Tier 1,Small,Grocery Store,0.164391573,4,2063.98,62.8194
Regular,Meat,48.2376,Tier 1,Small,Grocery Store,0.277459381,4,527.3136,156.3946
Regular,Meat,92.812,Tier 1,Small,Grocery Store,0.014998914,4,2609.936,72.4038
Regular,Meat,123.4072,Tier 1,Small,Grocery Store,0.149305497,4,2082.6224,119.6124
Regular,Meat,104.728,Tier 1,Small,Grocery Store,0.136592891,4,2450.144,238.0248
Regular,Meat,179.466,Tier 1,Small,Grocery Store,0.074729835,4,3775.086,183.795
Regular,Meat,44.5086,Tier 1,Small,Grocery Store,0.019117392,4,713.7376,110.6544
Regular,Meat,103.0016,Tier 1,Small,Grocery Store,0.070017381,4,202.4032,89.3514
Regular,Seafood,90.7488,Tier 1,Small,Grocery Store,0.256152243,4,2263.72,151.005
Regular,Seafood,49.9692,Tier 1,Small,Grocery Store,0.245542627,4,837.5764,172.2764
Regular,Seafood,125.9362,Tier 1,Small,Grocery Store,0,4,1635.8706,184.3582
Regular,Snack Foods,189.7214,Tier 1,Small,Grocery Store,0.02363057,4,5841.0634,141.7154
Regular,Snack Foods,172.5764,Tier 1,Small,Grocery Store,0.302478871,4,1030.6584,155.4972
Regular,Snack Foods,216.885,Tier 1,Small,Grocery Store,0.057620562,4,6275.165,115.4518
Regular,Snack Foods,185.0898,Tier 1,Small,Grocery Store,0.045068892,4,1870.898,190.8872
Regular,Snack Foods,162.2578,Tier 1,Small,Grocery Store,0.134327613,4,3690.5294,35.0558
Regular,Snack Foods,150.3734,Tier 1,Small,Grocery Store,0.019227816,4,296.9468,163.9842
Regular,Soft Drinks,58.022,Tier 1,Small,Grocery Store,0.223985293,4,898.83,186.2924
Regular,Soft Drinks,146.9444,Tier 1,Small,Grocery Store,0.13511877,4,1596.5884,232.9958
Regular,Starchy Foods,245.4118,Tier 1,Small,Grocery Store,0.00978492,4,6669.3186,225.9062
low fat,Baking Goods,245.4144,Tier 1,Small,Grocery Store,0.132995494,4,7105.4176,113.5544
low fat,Canned,121.0756,Tier 1,Small,Grocery Store,0.037131628,4,1696.4584,216.4824
low fat,Fruits and Vegetables,86.054,Tier 1,Small,Grocery Store,0.041970938,4,1384.864,55.4272
low fat,Others,114.8492,Tier 1,Small,Grocery Store,0.019592289,4,1390.1904,56.9614
LF,Canned,177.037,Tier 1,Small,Supermarket Type1,0.124506117,4,176.437,264.7884
LF,Canned,104.0964,Tier 1,Small,Supermarket Type1,0.102055777,4,1788.3388,184.0292
LF,Dairy,177.037,Tier 1,Small,Supermarket Type1,0.008001018,4,4587.362,170.4422
LF,Frozen Foods,171.8422,Tier 1,Small,Supermarket Type1,0.095795326,4,1034.6532,128.4678
LF,Frozen Foods,94.9094,Tier 1,Small,Supermarket Type1,0.143129124,4,761.6752,58.8878
LF,Frozen Foods,94.1436,Tier 1,Small,Supermarket Type1,0.032628111,4,1418.154,148.7392
LF,Fruits and Vegetables,53.5324,Tier 1,Small,Supermarket Type1,0.020714523,4,415.4592,124.2046
LF,Fruits and Vegetables,157.8604,Tier 1,Small,Supermarket Type1,0.044414056,4,3803.0496,182.4266
LF,Fruits and Vegetables,121.7414,Tier 1,Small,Supermarket Type1,0.175995526,4,365.5242,224.0772
LF,Health and Hygiene,61.9168,Tier 1,Small,Supermarket Type1,0.017642229,4,767.0016,131.8626
LF,Starchy Foods,151.9024,Tier 1,Small,Supermarket Type1,0.141792841,4,1669.8264,89.7172
Low Fat,Baking Goods,152.2366,Tier 1,Small,Supermarket Type1,0.082012293,4,151.1366,37.5164
Low Fat,Baking Goods,102.9016,Tier 1,Small,Supermarket Type1,0.007215314,4,1922.8304,47.6034
Low Fat,Baking Goods,95.0094,Tier 1,Small,Supermarket Type1,0.082427854,4,1713.7692,149.3076
Low Fat,Baking Goods,51.3324,Tier 1,Small,Supermarket Type1,0.013929059,4,311.5944,94.1462
Low Fat,Baking Goods,56.1956,Tier 1,Small,Supermarket Type1,0.101294945,4,1364.89,46.2744
Low Fat,Baking Goods,126.2704,Tier 1,Small,Supermarket Type1,0.07554831,4,2002.7264,121.9388
Low Fat,Baking Goods,155.0998,Tier 1,Small,Supermarket Type1,0.11487406,4,3691.1952,221.4114
Low Fat,Baking Goods,113.2834,Tier 1,Small,Supermarket Type1,0.009410528,4,575.917,73.738
Low Fat,Baking Goods,168.4448,Tier 1,Small,Supermarket Type1,0.081103929,4,170.4448,112.3544
Low Fat,Baking Goods,116.8808,Tier 1,Small,Supermarket Type1,0.021431134,4,820.2656,157.0288
Low Fat,Breads,162.6526,Tier 1,Small,Supermarket Type1,0,4,4275.7676,98.27
Low Fat,Breads,92.412,Tier 1,Small,Supermarket Type1,0.051661272,4,1304.968,33.3558
Low Fat,Breads,129.2626,Tier 1,Small,Supermarket Type1,0.048027043,4,1705.1138,218.9166
Low Fat,Breads,93.2462,Tier 1,Small,Supermarket Type1,0.069100548,4,1480.7392,216.6166
Low Fat,Canned,90.3172,Tier 1,Small,Supermarket Type1,0.127449031,4,1338.258,210.527
Low Fat,Canned,208.4954,Tier 1,Small,Supermarket Type1,0.050750977,4,6251.862,122.2072
Low Fat,Canned,32.9216,Tier 1,Small,Supermarket Type1,0.139228412,4,588.5672,49.5376
Low Fat,Canned,106.128,Tier 1,Small,Supermarket Type1,0.126383094,4,319.584,112.1886
Low Fat,Canned,148.2392,Tier 1,Small,Supermarket Type1,0.017744999,4,1491.392,177.9686
Low Fat,Canned,107.128,Tier 1,Small,Supermarket Type1,0.033974436,4,958.752,181.8976
Low Fat,Dairy,93.1436,Tier 1,Small,Supermarket Type1,0.038454076,4,1418.154,61.5852
Low Fat,Dairy,41.877,Tier 1,Small,Supermarket Type1,0.105110692,4,1125.202,41.1138
Low Fat,Dairy,190.6846,Tier 1,Small,Supermarket Type1,0.070040195,4,9554.23,263.0226
Low Fat,Dairy,197.2426,Tier 1,Small,Supermarket Type1,0.174049032,4,2966.139,52.9298
Low Fat,Dairy,117.1834,Tier 1,Small,Supermarket Type1,0.141352562,4,691.1004,264.1884
Low Fat,Dairy,151.0682,Tier 1,Small,Supermarket Type1,0.042180995,4,1829.6184,52.0982
Low Fat,Dairy,43.3086,Tier 1,Small,Supermarket Type1,0.122571209,4,758.3462,122.373
Low Fat,Dairy,73.0696,Tier 1,Small,Supermarket Type1,0.165838224,4,223.7088,36.6506
Low Fat,Dairy,225.9404,Tier 1,Small,Supermarket Type1,0.070154899,4,1350.2424,218.185
Low Fat,Dairy,115.0518,Tier 1,Small,Supermarket Type1,0.055433377,4,1366.2216,221.1114
Low Fat,Dairy,40.7138,Tier 1,Small,Supermarket Type1,0.024226902,4,406.138,48.7718
Low Fat,Dairy,192.5504,Tier 1,Small,Supermarket Type1,0.074627201,4,2109.2544,110.3228
Low Fat,Dairy,161.9552,Tier 1,Small,Supermarket Type1,0.036326064,4,2111.9176,220.1482
Low Fat,Frozen Foods,90.7172,Tier 1,Small,Supermarket Type1,0.015108194,4,1338.258,83.725
Low Fat,Frozen Foods,184.724,Tier 1,Small,Supermarket Type1,0,4,1677.816,154.2998
Low Fat,Frozen Foods,194.682,Tier 1,Small,Supermarket Type1,0.086132373,4,2316.984,148.8076
Low Fat,Frozen Foods,117.6492,Tier 1,Small,Supermarket Type1,0.052312034,4,1158.492,58.5588
Low Fat,Frozen Foods,140.5496,Tier 1,Small,Supermarket Type1,0,4,2681.8424,121.8414
Low Fat,Frozen Foods,116.6834,Tier 1,Small,Supermarket Type1,0.114885647,4,460.7336,59.6246
Low Fat,Frozen Foods,122.0388,Tier 1,Small,Supermarket Type1,0.037955094,4,1609.9044,62.151
Low Fat,Frozen Foods,174.5054,Tier 1,Small,Supermarket Type1,0.052555346,4,2626.581,89.683
Low Fat,Frozen Foods,75.8012,Tier 1,Small,Supermarket Type1,0.071257912,4,1138.518,121.3098
Low Fat,Frozen Foods,188.653,Tier 1,Small,Supermarket Type1,0.053296868,4,3605.307,59.6904
Low Fat,Frozen Foods,170.3764,Tier 1,Small,Supermarket Type1,0.131179812,4,343.5528,245.246
Low Fat,Frozen Foods,142.047,Tier 1,Small,Supermarket Type1,0.098993139,4,2719.793,39.3164
Low Fat,Frozen Foods,150.7366,Tier 1,Small,Supermarket Type1,0.036672107,4,2418.1856,182.5976
Low Fat,Frozen Foods,86.254,Tier 1,Small,Supermarket Type1,0.013812772,4,173.108,64.7168
Low Fat,Frozen Foods,90.1514,Tier 1,Small,Supermarket Type1,0.116913245,4,442.757,78.167
Low Fat,Frozen Foods,263.7884,Tier 1,Small,Supermarket Type1,0.045203854,4,1324.942,180.266
Low Fat,Frozen Foods,126.3704,Tier 1,Small,Supermarket Type1,0.014691784,4,3880.2824,74.1038
Low Fat,Frozen Foods,54.9614,Tier 1,Small,Supermarket Type1,0.100074524,4,552.614,110.2886
Low Fat,Frozen Foods,102.8016,Tier 1,Small,Supermarket Type1,0.037403973,4,1012.016,192.5478
Low Fat,Fruits and Vegetables,154.2972,Tier 1,Small,Supermarket Type1,0.05696122,4,1090.5804,176.337
Low Fat,Fruits and Vegetables,183.3292,Tier 1,Small,Supermarket Type1,0.025408702,4,2006.7212,160.892
Low Fat,Fruits and Vegetables,89.7146,Tier 1,Small,Supermarket Type1,0.016958832,4,547.2876,210.0586
Low Fat,Fruits and Vegetables,148.4418,Tier 1,Small,Supermarket Type1,0.093385381,4,2354.2688,91.3146
Low Fat,Fruits and Vegetables,209.7586,Tier 1,Small,Supermarket Type1,0.055127499,4,5487.5236,128.2994
Low Fat,Fruits and Vegetables,149.5366,Tier 1,Small,Supermarket Type1,0.070900282,4,604.5464,192.6162
Low Fat,Fruits and Vegetables,48.7034,Tier 1,Small,Supermarket Type1,0.025967624,4,680.4476,119.9414
Low Fat,Fruits and Vegetables,146.3444,Tier 1,Small,Supermarket Type1,0.059846975,4,3773.7544,150.1366
Low Fat,Fruits and Vegetables,52.1008,Tier 1,Small,Supermarket Type1,0.099757833,4,50.6008,113.9518
Low Fat,Fruits and Vegetables,161.5578,Tier 1,Small,Supermarket Type1,0.033220169,4,4653.2762,196.6768
Low Fat,Fruits and Vegetables,192.282,Tier 1,Small,Supermarket Type1,0.030094192,4,386.164,215.7192
Low Fat,Fruits and Vegetables,188.453,Tier 1,Small,Supermarket Type1,0.17138805,4,379.506,50.7692
Low Fat,Fruits and Vegetables,89.4172,Tier 1,Small,Supermarket Type1,0.057396092,4,1159.8236,125.8046
Low Fat,Fruits and Vegetables,117.4492,Tier 1,Small,Supermarket Type1,0.089901774,4,3243.7776,197.511
Low Fat,Fruits and Vegetables,65.7168,Tier 1,Small,Supermarket Type1,0.161489509,4,1086.5856,37.619
Low Fat,Fruits and Vegetables,105.8648,Tier 1,Small,Supermarket Type1,0.045669236,4,1973.4312,126.402
Low Fat,Fruits and Vegetables,117.2782,Tier 1,Small,Supermarket Type1,0.036140297,4,715.0692,120.0756
Low Fat,Fruits and Vegetables,124.5362,Tier 1,Small,Supermarket Type1,0.04875891,4,1132.5258,37.3506
Low Fat,Hard Drinks,228.372,Tier 1,Small,Supermarket Type1,0.06406438,4,4527.44,229.2694
Low Fat,Hard Drinks,207.2638,Tier 1,Small,Supermarket Type1,0.086781204,4,5383.6588,152.2682
Low Fat,Hard Drinks,245.7802,Tier 1,Small,Supermarket Type1,0.046584552,4,245.6802,61.2878
Low Fat,Hard Drinks,171.3422,Tier 1,Small,Supermarket Type1,0,4,862.211,114.086
Low Fat,Hard Drinks,52.9324,Tier 1,Small,Supermarket Type1,0.140603316,4,51.9324,252.8382
Low Fat,Hard Drinks,250.4408,Tier 1,Small,Supermarket Type1,0.038736781,4,3004.0896,127.4362
Low Fat,Health and Hygiene,211.4902,Tier 1,Small,Supermarket Type1,0.059846975,4,4035.4138,262.5226
Low Fat,Health and Hygiene,163.8868,Tier 1,Small,Supermarket Type1,0.046559448,4,3111.9492,100.5384
Low Fat,Health and Hygiene,44.177,Tier 1,Small,Supermarket Type1,0.113939434,4,173.108,160.2604
Low Fat,Health and Hygiene,41.748,Tier 1,Small,Supermarket Type1,0.054939029,4,199.74,101.4358
Low Fat,Health and Hygiene,194.882,Tier 1,Small,Supermarket Type1,0.104230135,4,4440.886,259.5278
Low Fat,Health and Hygiene,165.1158,Tier 1,Small,Supermarket Type1,0.041737627,4,1838.2738,33.1216
Low Fat,Health and Hygiene,188.6898,Tier 1,Small,Supermarket Type1,0.064110725,4,3367.6164,122.3414
Low Fat,Health and Hygiene,56.6614,Tier 1,Small,Supermarket Type1,0.032586709,4,607.8754,191.9162
Low Fat,Health and Hygiene,113.1176,Tier 1,Small,Supermarket Type1,0.077454252,4,4695.2216,59.2536
Low Fat,Household,126.4994,Tier 1,Small,Supermarket Type1,0.034874689,4,1670.4922,161.721
Low Fat,Household,265.2884,Tier 1,Small,Supermarket Type1,0.093026207,4,264.9884,128.7652
Low Fat,Household,176.9028,Tier 1,Small,Supermarket Type1,0.015162573,4,708.4112,145.147
Low Fat,Household,186.4898,Tier 1,Small,Supermarket Type1,0.090295708,4,2993.4368,84.6882
Low Fat,Household,167.4816,Tier 1,Small,Supermarket Type1,0,4,1006.6896,263.691
Low Fat,Household,126.8362,Tier 1,Small,Supermarket Type1,0.090191431,4,125.8362,112.9176
Low Fat,Household,122.5388,Tier 1,Small,Supermarket Type1,0.069416467,4,371.5164,92.5146
Low Fat,Household,63.9168,Tier 1,Small,Supermarket Type1,0.098622378,4,1597.92,208.427
Low Fat,Household,147.7418,Tier 1,Small,Supermarket Type1,0.048059871,4,4119.9704,105.8622
Low Fat,Household,115.9492,Tier 1,Small,Supermarket Type1,0.056077574,4,231.6984,117.8492
Low Fat,Household,185.6266,Tier 1,Small,Supermarket Type1,0.028679894,4,4979.5182,115.1808
Low Fat,Household,153.8314,Tier 1,Small,Supermarket Type1,0.079806266,4,3723.1536,172.1106
Low Fat,Household,149.9392,Tier 1,Small,Supermarket Type1,0.052502049,4,1938.8096,190.853
Low Fat,Household,242.6486,Tier 1,Small,Supermarket Type1,0.163941937,4,2199.1374,117.0124
Low Fat,Household,252.1698,Tier 1,Small,Supermarket Type1,0.055840055,4,2283.0282,139.8496
Low Fat,Household,80.3644,Tier 1,Small,Supermarket Type1,0.099136036,4,157.1288,210.3902
Low Fat,Household,173.6764,Tier 1,Small,Supermarket Type1,0.026620627,4,515.3292,249.2776
Low Fat,Household,93.512,Tier 1,Small,Supermarket Type1,0.126244059,4,1677.816,124.6362
Low Fat,Household,187.7898,Tier 1,Small,Supermarket Type1,0.067154053,4,2057.9878,114.386
Low Fat,Household,179.4344,Tier 1,Small,Supermarket Type1,0.048940428,4,5888.3352,127.5336
Low Fat,Household,85.3882,Tier 1,Small,Supermarket Type1,0.010365546,4,1288.323,207.0954
Low Fat,Household,89.783,Tier 1,Small,Supermarket Type1,0.034307348,4,2247.075,215.2218
Low Fat,Household,105.5306,Tier 1,Small,Supermarket Type1,0.16758389,4,1567.959,194.6136
Low Fat,Household,160.9578,Tier 1,Small,Supermarket Type1,0.026986367,4,4813.734,127.1336
Low Fat,Household,131.2968,Tier 1,Small,Supermarket Type1,0.041291169,4,1957.452,86.9514
Low Fat,Household,110.4228,Tier 1,Small,Supermarket Type1,0.025968706,4,1105.228,49.5376
Low Fat,Household,85.2882,Tier 1,Small,Supermarket Type1,0.143283608,4,2061.3168,37.919
Low Fat,Household,249.5092,Tier 1,Small,Supermarket Type1,0.026899856,4,6474.2392,73.9354
Low Fat,Household,208.7928,Tier 1,Small,Supermarket Type1,0.039245805,4,5890.9984,151.4366
Low Fat,Household,51.9982,Tier 1,Small,Supermarket Type1,0.029008944,4,999.3658,143.3786
Low Fat,Meat,188.8214,Tier 1,Small,Supermarket Type1,0,4,753.6856,107.8938
Low Fat,Meat,112.3544,Tier 1,Small,Supermarket Type1,0.156298858,4,2572.6512,162.1578
Low Fat,Meat,98.77,Tier 1,Small,Supermarket Type1,0.083799283,4,1298.31,184.1292
Low Fat,Others,51.1666,Tier 1,Small,Supermarket Type1,0.039961837,4,1179.1318,84.0908
Low Fat,Others,102.8016,Tier 1,Small,Supermarket Type1,0.048686689,4,1922.8304,164.1526
Low Fat,Others,197.2452,Tier 1,Small,Supermarket Type1,0,4,195.7452,189.253
Low Fat,Others,177.337,Tier 1,Small,Supermarket Type1,0.020559846,4,2822.992,78.7618
Low Fat,Others,117.3492,Tier 1,Small,Supermarket Type1,0.091917786,4,1506.0396,182.7608
Low Fat,Others,197.0794,Tier 1,Small,Supermarket Type1,0.182653772,4,4681.9056,243.0196
Low Fat,Snack Foods,93.8094,Tier 1,Small,Supermarket Type1,0.099962524,4,3237.1196,193.8452
Low Fat,Snack Foods,154.3656,Tier 1,Small,Supermarket Type1,0.026788937,4,2471.4496,110.357
Low Fat,Snack Foods,80.2618,Tier 1,Small,Supermarket Type1,0.020391845,4,644.4944,248.9092
Low Fat,Snack Foods,148.4734,Tier 1,Small,Supermarket Type1,0.103813029,4,3563.3616,113.7544
Low Fat,Snack Foods,144.0786,Tier 1,Small,Supermarket Type1,0.162242617,4,2600.6148,107.8622
Low Fat,Snack Foods,100.0384,Tier 1,Small,Supermarket Type1,0.036939673,4,2266.3832,113.1834
Low Fat,Snack Foods,175.7738,Tier 1,Small,Supermarket Type1,0.009581155,4,1911.5118,64.951
Low Fat,Snack Foods,176.6344,Tier 1,Small,Supermarket Type1,0,4,356.8688,43.4744
Low Fat,Snack Foods,37.3506,Tier 1,Small,Supermarket Type1,0.103442268,4,645.1602,144.847
Low Fat,Snack Foods,169.9474,Tier 1,Small,Supermarket Type1,0.028418817,4,2863.6058,92.8146
Low Fat,Snack Foods,133.2942,Tier 1,Small,Supermarket Type1,0.049067877,4,2649.884,115.6176
Low Fat,Snack Foods,87.3882,Tier 1,Small,Supermarket Type1,0.104878967,4,1374.2112,164.8868
Low Fat,Soft Drinks,83.5566,Tier 1,Small,Supermarket Type1,0.045371855,4,1268.349,86.0882
Low Fat,Soft Drinks,132.1626,Tier 1,Small,Supermarket Type1,0.115032406,4,1573.9512,161.0236
Low Fat,Soft Drinks,253.7014,Tier 1,Small,Supermarket Type1,0.02705936,4,5865.0322,153.3682
Low Fat,Soft Drinks,261.9252,Tier 1,Small,Supermarket Type1,0.023885957,4,4984.1788,106.628
Low Fat,Soft Drinks,119.3756,Tier 1,Small,Supermarket Type1,0.038925251,4,1454.1072,34.919
Low Fat,Soft Drinks,176.8712,Tier 1,Small,Supermarket Type1,0.013841737,4,3691.1952,45.206
Low Fat,Soft Drinks,199.1084,Tier 1,Small,Supermarket Type1,0.061101383,4,396.8168,151.9024
Low Fat,Soft Drinks,120.8756,Tier 1,Small,Supermarket Type1,0.094219593,4,1211.756,189.9872
Low Fat,Soft Drinks,155.8946,Tier 1,Small,Supermarket Type1,0.095378221,4,473.3838,170.5106
Low Fat,Soft Drinks,197.011,Tier 1,Small,Supermarket Type1,0,4,3338.987,96.6752
Low Fat,Soft Drinks,169.6448,Tier 1,Small,Supermarket Type1,0.033901442,4,2045.3376,56.2614
Low Fat,Soft Drinks,147.7102,Tier 1,Small,Supermarket Type1,0.024655594,4,437.4306,84.3592
Low Fat,Starchy Foods,161.821,Tier 1,Small,Supermarket Type1,0.122837694,4,2446.815,208.7638
Regular,Baking Goods,81.7276,Tier 1,Small,Supermarket Type1,0.114472403,4,2030.69,88.3514
Regular,Baking Goods,60.222,Tier 1,Small,Supermarket Type1,0.065783783,4,539.298,188.224
Regular,Baking Goods,44.8428,Tier 1,Small,Supermarket Type1,0.049621701,4,703.0848,226.1062
Regular,Baking Goods,132.9626,Tier 1,Small,Supermarket Type1,0.030151351,4,1442.7886,98.7384
Regular,Baking Goods,156.4604,Tier 1,Small,Supermarket Type1,0.14061104,4,2376.906,49.8008
Regular,Baking Goods,174.9396,Tier 1,Small,Supermarket Type1,0.116673795,4,1744.396,161.721
Regular,Baking Goods,123.1046,Tier 1,Small,Supermarket Type1,0.105307659,4,871.5322,102.0648
Regular,Baking Goods,85.1908,Tier 1,Small,Supermarket Type1,0.026840766,4,1342.2528,219.8456
Regular,Baking Goods,108.228,Tier 1,Small,Supermarket Type1,0.106752081,4,1171.808,181.4634
Regular,Baking Goods,217.5166,Tier 1,Small,Supermarket Type1,0.07929647,4,4572.0486,97.2042
Regular,Breads,38.0506,Tier 1,Small,Supermarket Type1,0.067700925,4,265.6542,256.5988
Regular,Breads,123.7704,Tier 1,Small,Supermarket Type1,0.029372367,4,2503.408,186.7556
Regular,Breads,189.2872,Tier 1,Small,Supermarket Type1,0.074731477,4,6050.7904,77.5986
Regular,Breads,127.5994,Tier 1,Small,Supermarket Type1,0.054484461,4,2441.4886,130.131
Regular,Breakfast,123.8388,Tier 1,Small,Supermarket Type1,0.066249551,4,123.8388,183.3292
Regular,Breakfast,178.666,Tier 1,Small,Supermarket Type1,0.039247736,4,1797.66,157.663
Regular,Canned,174.2054,Tier 1,Small,Supermarket Type1,0.055226755,4,1926.1594,123.1046
Regular,Canned,219.7456,Tier 1,Small,Supermarket Type1,0.072155462,4,3094.6384,183.3924
Regular,Canned,109.057,Tier 1,Small,Supermarket Type1,0.026358005,4,1428.141,39.6138
Regular,Canned,145.7418,Tier 1,Small,Supermarket Type1,0.073735058,4,882.8508,87.1198
Regular,Canned,264.3226,Tier 1,Small,Supermarket Type1,0.041249072,4,4229.1616,40.5454
Regular,Canned,228.001,Tier 1,Small,Supermarket Type1,0.16143544,4,1148.505,185.1266
Regular,Canned,88.0856,Tier 1,Small,Supermarket Type1,0.084765192,4,1318.284,215.0218
Regular,Canned,102.4016,Tier 1,Small,Supermarket Type1,0.027617046,4,1720.4272,168.279
Regular,Dairy,164.1184,Tier 1,Small,Supermarket Type1,0.037699423,4,2807.0128,125.5704
Regular,Dairy,98.9358,Tier 1,Small,Supermarket Type1,0.138679995,4,1508.037,53.7298
Regular,Dairy,114.4518,Tier 1,Small,Supermarket Type1,0.048207017,4,1366.2216,45.9376
Regular,Dairy,122.0072,Tier 1,Small,Supermarket Type1,0.067872402,4,1470.0864,57.8562
Regular,Dairy,196.7768,Tier 1,Small,Supermarket Type1,0.156831826,4,5912.304,241.0538
Regular,Dairy,108.6938,Tier 1,Small,Supermarket Type1,0.067953506,4,1393.5194,119.044
Regular,Dairy,220.3798,Tier 1,Small,Supermarket Type1,0.076160451,4,5289.1152,196.2794
Regular,Frozen Foods,184.7266,Tier 1,Small,Supermarket Type1,0.034357169,4,2213.1192,112.6544
Regular,Frozen Foods,229.7326,Tier 1,Small,Supermarket Type1,0.011372972,4,6930.978,89.6488
Regular,Frozen Foods,165.5526,Tier 1,Small,Supermarket Type1,0.087260103,4,3453.5046,105.0306
Regular,Frozen Foods,62.351,Tier 1,Small,Supermarket Type1,0.033555399,4,2150.534,74.7354
Regular,Frozen Foods,166.6184,Tier 1,Small,Supermarket Type1,0.126869718,4,1155.8288,74.4354
Regular,Frozen Foods,215.1218,Tier 1,Small,Supermarket Type1,0.087847141,4,3205.827,156.863
Regular,Frozen Foods,186.7556,Tier 1,Small,Supermarket Type1,0.066729996,4,3942.8676,257.2962
Regular,Frozen Foods,217.885,Tier 1,Small,Supermarket Type1,0.072912432,4,3894.93,198.4426
Regular,Frozen Foods,141.547,Tier 1,Small,Supermarket Type1,0.080640478,4,2290.352,262.6936
Regular,Frozen Foods,100.1042,Tier 1,Small,Supermarket Type1,0.037864721,4,892.8378,124.1046
Regular,Frozen Foods,142.4496,Tier 1,Small,Supermarket Type1,0.099271209,4,564.5984,88.5856
Regular,Frozen Foods,172.2764,Tier 1,Small,Supermarket Type1,0.092226754,4,1545.9876,184.4266
Regular,Frozen Foods,241.4196,Tier 1,Small,Supermarket Type1,0.062256921,4,482.0392,148.0418
Regular,Frozen Foods,195.211,Tier 1,Small,Supermarket Type1,0.054455495,4,2356.932,149.5366
Regular,Fruits and Vegetables,84.5882,Tier 1,Small,Supermarket Type1,0.107057186,4,2061.3168,144.9786
Regular,Fruits and Vegetables,42.3796,Tier 1,Small,Supermarket Type1,0.038756864,4,123.8388,260.7252
Regular,Fruits and Vegetables,240.7538,Tier 1,Small,Supermarket Type1,0.028982682,4,4566.7222,79.596
Regular,Fruits and Vegetables,43.5744,Tier 1,Small,Supermarket Type1,0.078400465,4,498.0184,259.0646
Regular,Fruits and Vegetables,251.7724,Tier 1,Small,Supermarket Type1,0.039844429,4,3020.0688,190.1188
Regular,Fruits and Vegetables,192.0478,Tier 1,Small,Supermarket Type1,0.024991056,4,4649.9472,217.9508
Regular,Fruits and Vegetables,85.6198,Tier 1,Small,Supermarket Type1,0.132083542,4,610.5386,189.5872
Regular,Fruits and Vegetables,53.7298,Tier 1,Small,Supermarket Type1,0.038500421,4,862.8768,110.757
Regular,Fruits and Vegetables,156.463,Tier 1,Small,Supermarket Type1,0.041557653,4,312.926,124.5072
Regular,Fruits and Vegetables,255.3988,Tier 1,Small,Supermarket Type1,0.15604396,4,4625.9784,239.6538
Regular,Fruits and Vegetables,141.2496,Tier 1,Small,Supermarket Type1,0.044192372,4,3387.5904,180.3318
Regular,Fruits and Vegetables,179.766,Tier 1,Small,Supermarket Type1,0.064207277,4,5932.278,76.0012
Regular,Fruits and Vegetables,99.8674,Tier 1,Small,Supermarket Type1,0.105666833,4,1018.674,41.6796
Regular,Fruits and Vegetables,231.4668,Tier 1,Small,Supermarket Type1,0.016596645,4,3225.1352,48.3034
Regular,Fruits and Vegetables,165.8526,Tier 1,Small,Supermarket Type1,0.066297055,4,3124.5994,247.1092
Regular,Fruits and Vegetables,105.828,Tier 1,Small,Supermarket Type1,0.094296835,4,1704.448,84.3882
Regular,Fruits and Vegetables,152.0024,Tier 1,Small,Supermarket Type1,0.065633934,4,2884.2456,186.5214
Regular,Fruits and Vegetables,86.9198,Tier 1,Small,Supermarket Type1,0.018805105,4,1133.8574,220.6772
Regular,Fruits and Vegetables,177.937,Tier 1,Small,Supermarket Type1,0.014825605,4,6881.043,233.2958
Regular,Meat,104.799,Tier 1,Small,Supermarket Type1,0.06117708,4,1238.388,121.8388
Regular,Meat,88.2856,Tier 1,Small,Supermarket Type1,0.179077475,4,175.7712,94.3752
Regular,Meat,227.901,Tier 1,Small,Supermarket Type1,0.033437991,4,459.402,153.2314
Regular,Meat,93.412,Tier 1,Small,Supermarket Type1,0.015089965,4,932.12,249.6408
Regular,Meat,87.0856,Tier 1,Small,Supermarket Type1,0.069587171,4,1406.1696,234.6616
Regular,Meat,55.5588,Tier 1,Small,Supermarket Type1,0.042681522,4,916.1408,184.295
Regular,Seafood,149.8366,Tier 1,Small,Supermarket Type1,0.14024028,4,1964.7758,171.0764
Regular,Snack Foods,53.464,Tier 1,Small,Supermarket Type1,0.022974812,4,1597.92,208.7928
Regular,Snack Foods,174.937,Tier 1,Small,Supermarket Type1,0.136428395,4,882.185,193.982
Regular,Snack Foods,255.2014,Tier 1,Small,Supermarket Type1,0,4,3570.0196,41.8112
Regular,Snack Foods,186.724,Tier 1,Small,Supermarket Type1,0.117484834,4,4474.176,158.5578
Regular,Snack Foods,63.0536,Tier 1,Small,Supermarket Type1,0.085135953,4,980.0576,232.3668
Regular,Snack Foods,250.9092,Tier 1,Small,Supermarket Type1,0.085931544,4,4731.1748,169.679
Regular,Snack Foods,222.8746,Tier 1,Small,Supermarket Type1,0.037952777,4,3589.9936,89.5856
Regular,Snack Foods,77.9012,Tier 1,Small,Supermarket Type1,0.125274674,4,75.9012,262.191
Regular,Snack Foods,185.8924,Tier 1,Small,Supermarket Type1,0.097201128,4,3516.7556,159.4262
Regular,Snack Foods,146.8418,Tier 1,Small,Supermarket Type1,0.030624844,4,1765.7016,252.2724
Regular,Snack Foods,184.3582,Tier 1,Small,Supermarket Type1,0.172759093,4,185.7582,157.0972
Regular,Snack Foods,165.4842,Tier 1,Small,Supermarket Type1,0.159720671,4,1492.0578,144.5128
Regular,Snack Foods,170.5106,Tier 1,Small,Supermarket Type1,0.015965308,4,2395.5484,229.4352
Regular,Snack Foods,145.1444,Tier 1,Small,Supermarket Type1,0.047266211,4,3338.3212,97.0068
Regular,Soft Drinks,233.0642,Tier 1,Small,Supermarket Type1,0.109096371,4,6041.4692,44.6112
Regular,Soft Drinks,195.6478,Tier 1,Small,Supermarket Type1,0.044984874,4,4262.4516,175.0054
Regular,Starchy Foods,126.7362,Tier 1,Small,Supermarket Type1,0.142410775,4,1258.362,171.9448
Regular,Starchy Foods,194.711,Tier 1,Small,Supermarket Type1,0,4,5892.33,78.296
low fat,Breads,175.437,Tier 1,Small,Supermarket Type1,0.111220521,4,3175.866,65.7826
low fat,Frozen Foods,163.221,Tier 1,Small,Supermarket Type1,0.005474515,4,2773.057,99.7016
low fat,Health and Hygiene,85.554,Tier 1,Small,Supermarket Type1,0.077234113,4,1211.756,56.893
low fat,Household,84.1592,Tier 1,Small,Supermarket Type1,0.096413261,4,1238.388,55.3588
reg,Baking Goods,147.5102,Tier 1,Small,Supermarket Type1,0.08073703,4,5540.7876,197.011
reg,Canned,210.8244,Tier 1,Small,Supermarket Type1,0.031267496,4,2540.6928,51.464
reg,Meat,35.0874,Tier 1,Small,Supermarket Type1,0.049676157,4,458.7362,212.4586
reg,Snack Foods,256.1646,Tier 1,Small,Supermarket Type1,0.0127517,4,3349.6398,55.5588
LF,Frozen Foods,82.0276,Tier 2,Medium,Supermarket Type1,0.041823046,4,1624.552,108.0912
LF,Hard Drinks,128.9678,Tier 2,Medium,Supermarket Type1,0.075711199,4,254.3356,55.6614
LF,Snack Foods,116.3176,Tier 2,Medium,Supermarket Type1,0.043852434,4,1259.6936,182.695
LF,Baking Goods,125.1362,Tier 2,Medium,Supermarket Type1,0.034563936,4,251.6724,45.3086
LF,Fruits and Vegetables,47.1744,Tier 2,Medium,Supermarket Type1,0.035949725,4,996.0368,132.9284
LF,Hard Drinks,149.8076,Tier 2,Medium,Supermarket Type1,0.034765901,4,2217.114,114.2492
LF,Health and Hygiene,57.4272,Tier 2,Medium,Supermarket Type1,0.008609602,4,111.8544,114.8492
LF,Health and Hygiene,261.4278,Tier 2,Medium,Supermarket Type1,0.055301055,4,4165.2448,34.6874
LF,Health and Hygiene,195.3768,Tier 2,Medium,Supermarket Type1,0.077892365,4,1576.6144,59.3536
LF,Household,142.247,Tier 2,Medium,Supermarket Type1,0.058799705,4,2433.499,220.7456
LF,Snack Foods,224.1404,Tier 2,Medium,Supermarket Type1,0,4,4725.8484,119.8124
LF,Soft Drinks,76.0354,Tier 2,Medium,Supermarket Type1,0.034093203,4,601.8832,56.6614
Low Fat,Baking Goods,129.9626,Tier 2,Medium,Supermarket Type1,0.082178616,4,3410.2276,37.0164
Low Fat,Baking Goods,95.2068,Tier 2,Medium,Supermarket Type1,0.037573095,4,583.2408,50.2034
Low Fat,Baking Goods,185.8556,Tier 2,Medium,Supermarket Type1,0.031467128,4,1689.8004,91.8462
Low Fat,Baking Goods,216.9824,Tier 2,Medium,Supermarket Type1,0.08259502,4,4804.4128,149.1076
Low Fat,Baking Goods,179.1344,Tier 2,Medium,Supermarket Type1,0.101500374,4,1605.9096,45.2744
Low Fat,Baking Goods,154.1998,Tier 2,Medium,Supermarket Type1,0.085125951,4,3537.3954,107.128
Low Fat,Baking Goods,178.1028,Tier 2,Medium,Supermarket Type1,0.078903499,4,1416.8224,177.637
Low Fat,Baking Goods,112.6202,Tier 2,Medium,Supermarket Type1,0,4,675.1212,245.2118
Low Fat,Baking Goods,130.2626,Tier 2,Medium,Supermarket Type1,0.065082452,4,3016.7398,93.0804
Low Fat,Baking Goods,85.5224,Tier 2,Medium,Supermarket Type1,0.023783007,4,1278.336,104.0332
Low Fat,Baking Goods,124.673,Tier 2,Medium,Supermarket Type1,0.08126841,4,2093.941,110.2544
Low Fat,Baking Goods,119.2782,Tier 2,Medium,Supermarket Type1,0.056032247,4,3098.6332,102.3016
Low Fat,Baking Goods,198.6084,Tier 2,Medium,Supermarket Type1,0.026355345,4,2182.4924,127.102
Low Fat,Breads,44.7744,Tier 2,Medium,Supermarket Type1,0.03565903,4,135.8232,218.3166
Low Fat,Breads,231.401,Tier 2,Medium,Supermarket Type1,0.106051405,4,2526.711,124.4046
Low Fat,Breads,109.8254,Tier 2,Medium,Supermarket Type1,0.02176755,4,1627.881,164.6184
Low Fat,Breads,176.0712,Tier 2,Medium,Supermarket Type1,0.020739698,4,1581.9408,198.9742
Low Fat,Breads,197.2426,Tier 2,Medium,Supermarket Type1,0.020757926,4,3163.8816,84.3566
Low Fat,Breads,172.5422,Tier 2,Medium,Supermarket Type1,0.069240685,4,2241.7486,217.5166
Low Fat,Breads,163.9184,Tier 2,Medium,Supermarket Type1,0,4,4293.0784,88.7856
Low Fat,Breakfast,55.6614,Tier 2,Medium,Supermarket Type1,0.061183503,4,165.7842,164.5526
Low Fat,Breakfast,165.0868,Tier 2,Medium,Supermarket Type1,0.152366659,4,982.7208,98.5358
Low Fat,Canned,214.7192,Tier 2,Medium,Supermarket Type1,0.03495749,4,3020.0688,177.1344
Low Fat,Canned,34.3532,Tier 2,Medium,Supermarket Type1,0.053397989,4,251.6724,149.3734
Low Fat,Canned,93.8462,Tier 2,Medium,Supermarket Type1,0.041189152,4,647.8234,82.8934
Low Fat,Canned,41.6138,Tier 2,Medium,Supermarket Type1,0.151712642,4,284.2966,104.828
Low Fat,Canned,241.6854,Tier 2,Medium,Supermarket Type1,0.079506434,4,6042.135,78.3644
Low Fat,Canned,45.2718,Tier 2,Medium,Supermarket Type1,0.017780986,4,47.2718,177.3686
Low Fat,Canned,109.8596,Tier 2,Medium,Supermarket Type1,0.153930108,4,3235.788,76.7986
Low Fat,Canned,41.0112,Tier 2,Medium,Supermarket Type1,0.021250528,4,42.6112,216.5824
Low Fat,Canned,148.3418,Tier 2,Medium,Supermarket Type1,0.122742389,4,1765.7016,134.2942
Low Fat,Canned,118.9124,Tier 2,Medium,Supermarket Type1,0.136774734,4,1540.6612,94.4094
Low Fat,Canned,45.9086,Tier 2,Medium,Supermarket Type1,0.073977473,4,1070.6064,206.8638
Low Fat,Canned,154.3972,Tier 2,Medium,Supermarket Type1,0.050392993,4,311.5944,118.4124
Low Fat,Dairy,183.7924,Tier 2,Medium,Supermarket Type1,0.131221393,4,2591.2936,87.8172
Low Fat,Dairy,157.9946,Tier 2,Medium,Supermarket Type1,0.055502454,4,3313.6866,196.5768
Low Fat,Dairy,216.0192,Tier 2,Medium,Supermarket Type1,0.045016894,4,2588.6304,87.6198
Low Fat,Dairy,189.2214,Tier 2,Medium,Supermarket Type1,0.105323859,4,3956.8494,39.1138
Low Fat,Dairy,143.2812,Tier 2,Medium,Supermarket Type1,0.045076878,4,3277.0676,241.3854
Low Fat,Dairy,100.5016,Tier 2,Medium,Supermarket Type1,0.060668416,4,1315.6208,172.4106
Low Fat,Dairy,109.8544,Tier 2,Medium,Supermarket Type1,0.057654132,4,223.7088,83.1566
Low Fat,Frozen Foods,75.5354,Tier 2,Medium,Supermarket Type1,0.007363189,4,150.4708,63.2536
Low Fat,Frozen Foods,225.3088,Tier 2,Medium,Supermarket Type1,0.022612742,4,5816.4288,97.0068
Low Fat,Frozen Foods,111.6886,Tier 2,Medium,Supermarket Type1,0.03269312,4,1556.6404,238.7906
Low Fat,Frozen Foods,249.1092,Tier 2,Medium,Supermarket Type1,0.026397141,4,8217.3036,207.8954
Low Fat,Frozen Foods,174.437,Tier 2,Medium,Supermarket Type1,0.038032068,4,1587.933,61.351
Low Fat,Frozen Foods,33.6558,Tier 2,Medium,Supermarket Type1,0.026934673,4,203.7348,106.128
Low Fat,Frozen Foods,96.9094,Tier 2,Medium,Supermarket Type1,0.131445848,4,952.094,246.846
Low Fat,Frozen Foods,153.1998,Tier 2,Medium,Supermarket Type1,0.006075007,4,1537.998,187.5898
Low Fat,Frozen Foods,46.706,Tier 2,Medium,Supermarket Type1,0.026375082,4,699.09,79.6302
Low Fat,Frozen Foods,34.9874,Tier 2,Medium,Supermarket Type1,0.107258822,4,247.0118,40.1822
Low Fat,Frozen Foods,262.9568,Tier 2,Medium,Supermarket Type1,0.013664703,4,1845.5976,257.7304
Low Fat,Frozen Foods,85.025,Tier 2,Medium,Supermarket Type1,0.0793795,4,2080.625,226.1062
Low Fat,Fruits and Vegetables,78.4328,Tier 2,Medium,Supermarket Type1,0.085447928,4,1158.492,165.85
Low Fat,Fruits and Vegetables,185.9266,Tier 2,Medium,Supermarket Type1,0.025460232,4,4610.665,160.892
Low Fat,Fruits and Vegetables,142.9154,Tier 2,Medium,Supermarket Type1,0.110234793,4,3261.7542,171.708
Low Fat,Fruits and Vegetables,228.5668,Tier 2,Medium,Supermarket Type1,0.042646566,4,1151.834,225.172
Low Fat,Fruits and Vegetables,192.682,Tier 2,Medium,Supermarket Type1,0.183774965,4,3861.64,101.77
Low Fat,Fruits and Vegetables,178.366,Tier 2,Medium,Supermarket Type1,0.130261652,4,4314.384,185.2898
Low Fat,Fruits and Vegetables,249.0092,Tier 2,Medium,Supermarket Type1,0.106933748,4,2988.1104,175.337
Low Fat,Fruits and Vegetables,196.511,Tier 2,Medium,Supermarket Type1,0.057909547,4,4713.864,60.4536
Low Fat,Fruits and Vegetables,151.005,Tier 2,Medium,Supermarket Type1,0.059968347,4,149.805,152.8366
Low Fat,Fruits and Vegetables,161.1578,Tier 2,Medium,Supermarket Type1,0.022649893,4,4011.445,179.3318
Low Fat,Fruits and Vegetables,220.1482,Tier 2,Medium,Supermarket Type1,0,4,4600.0122,216.4166
Low Fat,Fruits and Vegetables,182.5266,Tier 2,Medium,Supermarket Type1,0.068219025,4,6454.931,198.9426
Low Fat,Fruits and Vegetables,196.6768,Tier 2,Medium,Supermarket Type1,0.041448824,4,2759.0752,116.5466
Low Fat,Fruits and Vegetables,263.7884,Tier 2,Medium,Supermarket Type1,0.02137305,4,5564.7564,103.3306
Low Fat,Hard Drinks,226.5694,Tier 2,Medium,Supermarket Type1,0.122901056,4,913.4776,174.4396
Low Fat,Hard Drinks,246.8144,Tier 2,Medium,Supermarket Type1,0,4,2450.144,148.2392
Low Fat,Hard Drinks,88.4856,Tier 2,Medium,Supermarket Type1,0.086957199,4,1406.1696,152.5682
Low Fat,Hard Drinks,250.1408,Tier 2,Medium,Supermarket Type1,0,4,4005.4528,232.9616
Low Fat,Hard Drinks,106.6254,Tier 2,Medium,Supermarket Type1,0,4,325.5762,190.9872
Low Fat,Hard Drinks,119.8414,Tier 2,Medium,Supermarket Type1,0.054264078,4,1340.2554,75.0012
Low Fat,Hard Drinks,95.141,Tier 2,Small,Supermarket Type1,0.170663661,4,2510.066,56.4614
Low Fat,Hard Drinks,118.344,Tier 2,Small,Supermarket Type1,0.064271703,4,1797.66,45.506
Low Fat,Hard Drinks,87.7172,Tier 2,Small,Supermarket Type1,0.041753387,4,802.9548,187.6872
Low Fat,Health and Hygiene,177.4344,Tier 2,Small,Supermarket Type1,0.046653872,4,1962.7784,98.6384
Low Fat,Health and Hygiene,245.4802,Tier 2,Small,Supermarket Type1,0.152865879,4,3193.8426,84.9224
Low Fat,Health and Hygiene,48.8034,Tier 2,Small,Supermarket Type1,0.143713508,4,777.6544,96.641
Low Fat,Health and Hygiene,184.3924,Tier 2,Small,Supermarket Type1,0.114170506,4,370.1848,158.9604
Low Fat,Health and Hygiene,37.9532,Tier 2,Small,Supermarket Type1,0.089333332,4,826.9236,145.6102
Low Fat,Health and Hygiene,229.3694,Tier 2,Small,Supermarket Type1,0.054741627,4,5024.1268,200.2084
Low Fat,Health and Hygiene,93.4804,Tier 2,Small,Supermarket Type1,0.030269774,4,1102.5648,152.4656
Low Fat,Health and Hygiene,130.7942,Tier 2,Small,Supermarket Type1,0.037971697,4,3047.3666,38.948
Low Fat,Health and Hygiene,86.8514,Tier 2,Small,Supermarket Type1,0.009898492,4,354.2056,48.8034
Low Fat,Health and Hygiene,157.0946,Tier 2,Small,Supermarket Type1,0.079592733,4,2209.1244,37.3506
Low Fat,Health and Hygiene,120.4756,Tier 2,Small,Supermarket Type1,0.064240743,4,1938.8096,121.9414
Low Fat,Health and Hygiene,142.047,Tier 2,Small,Supermarket Type1,0.077390746,4,3149.234,54.693
Low Fat,Health and Hygiene,63.1826,Tier 2,Small,Supermarket Type1,0.04499948,4,2002.0606,140.4838
Low Fat,Health and Hygiene,183.1634,Tier 2,Small,Supermarket Type1,0.097258937,4,5634.6654,114.8492
Low Fat,Health and Hygiene,252.8382,Tier 2,Small,Supermarket Type1,0.012663476,4,6308.455,39.3506
Low Fat,Health and Hygiene,35.2532,Tier 2,Small,Supermarket Type1,0.018943666,4,970.7364,237.359
Low Fat,Health and Hygiene,263.1594,Tier 2,Small,Supermarket Type1,0.017755213,4,2616.594,211.7244
Low Fat,Health and Hygiene,172.6422,Tier 2,Small,Supermarket Type1,0.148372897,4,344.8844,108.8938
Low Fat,Household,208.4954,Tier 2,Small,Supermarket Type1,0.034945416,4,3751.1172,161.121
Low Fat,Household,173.808,Tier 2,Small,Supermarket Type1,0.015193323,4,1211.756,143.347
Low Fat,Household,159.3262,Tier 2,Small,Supermarket Type1,0.026238087,4,2864.2716,121.6098
Low Fat,Household,73.1038,Tier 2,Small,Supermarket Type1,0.031214809,4,886.8456,177.1054
Low Fat,Household,128.6994,Tier 2,Small,Supermarket Type1,0.029131242,4,2441.4886,123.8414
Low Fat,Household,248.6408,Tier 2,Small,Supermarket Type1,0.031801103,4,3504.7712,261.591
Low Fat,Household,256.3988,Tier 2,Small,Supermarket Type1,0.130191993,4,256.9988,176.837
Low Fat,Household,107.5254,Tier 2,Small,Supermarket Type1,0.060188932,4,325.5762,233.0642
Low Fat,Household,183.7608,Tier 2,Small,Supermarket Type1,0.056191301,4,4777.7808,115.7492
Low Fat,Household,188.3898,Tier 2,Small,Supermarket Type1,0.047814463,4,5238.5144,179.266
Low Fat,Household,222.1088,Tier 2,Small,Supermarket Type1,0.066816565,4,4026.7584,192.2478
Low Fat,Household,47.1034,Tier 2,Small,Supermarket Type1,0.029583249,4,145.8102,114.715
Low Fat,Household,98.141,Tier 2,Small,Supermarket Type1,0.028656248,4,386.164,149.3708
Low Fat,Household,84.3882,Tier 2,Small,Supermarket Type1,0.042296724,4,1116.5466,106.3938
Low Fat,Household,33.39,Tier 2,Small,Supermarket Type1,0.010013429,4,33.29,176.437
Low Fat,Household,47.0402,Tier 2,Small,Supermarket Type1,0.050442528,4,1470.0864,190.8162
Low Fat,Household,140.318,Tier 2,Small,Supermarket Type1,0.012567811,4,139.818,168.4474
Low Fat,Household,44.2744,Tier 2,Small,Supermarket Type1,0.012679226,4,90.5488,120.9414
Low Fat,Household,152.934,Tier 2,Small,Supermarket Type1,0.112549008,4,2450.144,123.1046
Low Fat,Household,189.553,Tier 2,Small,Supermarket Type1,0.074390007,4,379.506,91.4462
Low Fat,Household,100.1016,Tier 2,Small,Supermarket Type1,0.059055045,4,2125.2336,247.346
Low Fat,Household,172.908,Tier 2,Small,Supermarket Type1,0.143574191,4,6231.888,37.219
Low Fat,Household,31.49,Tier 2,Small,Supermarket Type1,0.071136948,4,466.06,76.3696
Low Fat,Meat,44.4086,Tier 2,Small,Supermarket Type1,0.025813943,4,1159.8236,89.1172
Low Fat,Others,164.75,Tier 2,Small,Supermarket Type1,0.090649107,4,1498.05,194.3478
Low Fat,Others,156.5288,Tier 2,Small,Supermarket Type1,0.048785427,4,2356.932,163.9526
Low Fat,Others,165.2526,Tier 2,Small,Supermarket Type1,0.031402114,4,3946.8624,40.248
Low Fat,Others,46.8034,Tier 2,Small,Supermarket Type1,0.081492092,4,923.4646,35.519
Low Fat,Seafood,97.141,Tier 2,Small,Supermarket Type1,0.031288338,4,2799.689,159.5604
Low Fat,Snack Foods,126.1704,Tier 2,Small,Supermarket Type1,0.072131519,4,1877.556,120.1098
Low Fat,Snack Foods,111.0544,Tier 2,Small,Supermarket Type1,0.04200648,4,223.7088,92.6462
Low Fat,Snack Foods,114.4518,Tier 2,Small,Supermarket Type1,0.10016525,4,2390.8878,193.9452
Low Fat,Snack Foods,84.2908,Tier 2,Small,Supermarket Type1,0.015332872,4,755.0172,154.034
Low Fat,Snack Foods,57.1614,Tier 2,Small,Supermarket Type1,0.0204332,4,331.5684,248.9092
Low Fat,Snack Foods,74.0696,Tier 2,Small,Supermarket Type1,0.010032624,4,1416.8224,248.3408
Low Fat,Snack Foods,44.0402,Tier 2,Small,Supermarket Type1,0.111666665,4,597.2226,155.2998
Low Fat,Snack Foods,196.2136,Tier 2,Small,Supermarket Type1,0.174703862,4,1944.136,104.0964
Low Fat,Snack Foods,193.1136,Tier 2,Small,Supermarket Type1,0.112324552,4,2332.9632,60.622
Low Fat,Snack Foods,258.8304,Tier 2,Small,Supermarket Type1,0.029001987,4,5424.9384,238.6222
Low Fat,Snack Foods,79.2618,Tier 2,Small,Supermarket Type1,0.135416391,4,966.7416,218.3482
Low Fat,Snack Foods,169.879,Tier 2,Small,Supermarket Type1,0.030869612,4,339.558,49.8008
Low Fat,Snack Foods,157.0288,Tier 2,Small,Supermarket Type1,0.067011609,4,2199.8032,197.1084
Low Fat,Snack Foods,60.9562,Tier 2,Small,Supermarket Type1,0.119131749,4,533.3058,226.9694
Low Fat,Snack Foods,40.348,Tier 2,Small,Supermarket Type1,0.058513255,4,79.896,46.9744
Low Fat,Snack Foods,187.3872,Tier 2,Small,Supermarket Type1,0.105068444,4,2836.308,156.663
Low Fat,Snack Foods,168.1158,Tier 2,Small,Supermarket Type1,0.139700397,4,2005.3896,147.776
Low Fat,Snack Foods,254.7698,Tier 2,Small,Supermarket Type1,0.052550476,4,5073.396,101.299
Low Fat,Snack Foods,120.1782,Tier 2,Small,Supermarket Type1,0.049167388,4,357.5346,114.9176
Low Fat,Snack Foods,46.2376,Tier 2,Small,Supermarket Type1,0.015309885,4,814.9392,197.6084
Low Fat,Snack Foods,98.1042,Tier 2,Small,Supermarket Type1,0.077882226,4,2777.7176,258.0962
Low Fat,Snack Foods,34.2216,Tier 2,Small,Supermarket Type1,0.075347426,4,173.108,126.3046
Low Fat,Snack Foods,216.1166,Tier 2,Small,Supermarket Type1,0.108930629,4,5007.4818,160.9578
Low Fat,Snack Foods,110.5886,Tier 2,Small,Supermarket Type1,0.019462623,4,1556.6404,120.8756
Low Fat,Soft Drinks,55.6614,Tier 2,Small,Supermarket Type1,0.014584584,4,1049.9666,146.3102
Low Fat,Soft Drinks,151.8708,Tier 2,Small,Supermarket Type1,0.115265695,4,1655.1788,160.5236
Low Fat,Soft Drinks,118.6782,Tier 2,Small,Supermarket Type1,0.027761289,4,2502.7422,85.8198
Low Fat,Soft Drinks,89.8856,Tier 2,Small,Supermarket Type1,0.014021626,4,1406.1696,127.1652
Low Fat,Soft Drinks,249.7092,Tier 2,Small,Supermarket Type1,0.077350112,4,7719.2852,91.4146
Low Fat,Soft Drinks,214.885,Tier 2,Small,Supermarket Type1,0.061188147,4,4976.855,94.0436
Low Fat,Soft Drinks,188.7872,Tier 2,Small,Supermarket Type1,0.023934398,4,1701.7848,105.828
Low Fat,Soft Drinks,141.8128,Tier 2,Small,Supermarket Type1,0.013869809,4,143.8128,47.406
Low Fat,Soft Drinks,157.063,Tier 2,Small,Supermarket Type1,0.16817143,4,312.926,237.7564
Low Fat,Soft Drinks,160.7894,Tier 2,Small,Supermarket Type1,0.02984176,4,3235.788,144.4444
Low Fat,Soft Drinks,160.5236,Tier 2,Small,Supermarket Type1,0.056543464,4,2094.6068,140.5812
Low Fat,Soft Drinks,109.7254,Tier 2,Small,Supermarket Type1,0.049178998,4,651.1524,65.6168
Low Fat,Starchy Foods,212.4586,Tier 2,Small,Supermarket Type1,0.025916883,4,3799.0548,120.244
Low Fat,Starchy Foods,172.1422,Tier 2,Small,Supermarket Type1,0.030678825,4,5000.8238,251.704
Low Fat,Starchy Foods,100.67,Tier 2,Small,Supermarket Type1,0.154301621,4,399.48,105.9938
Low Fat,Starchy Foods,147.1444,Tier 2,Small,Supermarket Type1,0.043322254,4,870.8664,39.6164
Low Fat,Baking Goods,241.8512,Tier 2,Small,Supermarket Type1,0.029859711,4,484.7024,94.1436
Low Fat,Baking Goods,262.1278,Tier 2,Small,Supermarket Type1,0.0828941,4,3904.917,149.3076
Low Fat,Baking Goods,85.054,Tier 2,Small,Supermarket Type1,0.015949001,4,1731.08,84.1592
Low Fat,Baking Goods,226.0062,Tier 2,Small,Supermarket Type1,0.028683422,4,1805.6496,195.8136
Low Fat,Baking Goods,127.0994,Tier 2,Small,Supermarket Type1,0.093991286,4,1927.491,140.9812
Low Fat,Baking Goods,145.8418,Tier 2,Small,Supermarket Type1,0.076505799,4,5591.3884,91.583
Low Fat,Baking Goods,173.5764,Tier 2,Small,Supermarket Type1,0.081562686,4,2061.3168,112.7544
Low Fat,Baking Goods,140.3154,Tier 2,Small,Supermarket Type1,0.074083388,4,1843.6002,253.3724
Low Fat,Baking Goods,110.4544,Tier 2,Small,Supermarket Type1,0.008589133,4,4250.4672,81.0618
Low Fat,Breads,257.0988,Tier 2,Small,Supermarket Type1,0.069491408,4,6424.97,218.2166
Low Fat,Breads,120.8756,Tier 2,Small,Supermarket Type1,0.054514169,4,1575.2828,84.4566
Low Fat,Canned,230.2668,Tier 2,Small,Supermarket Type1,0.010497273,4,8062.838,118.3808
Low Fat,Canned,148.5734,Tier 2,Small,Supermarket Type1,0.0413383,4,1336.2606,83.3934
Low Fat,Canned,242.2512,Tier 2,Small,Supermarket Type1,0.030297819,4,484.7024,74.767
Low Fat,Canned,131.531,Tier 2,Small,Supermarket Type1,0.01867669,4,2466.789,188.7214
Low Fat,Canned,164.2526,Tier 2,Small,Supermarket Type1,0.07325106,4,1315.6208,76.4986
Low Fat,Canned,144.047,Tier 2,Small,Supermarket Type1,0.142443405,4,286.294,170.4132
Low Fat,Canned,115.7834,Tier 2,Small,Supermarket Type1,0.042891098,4,2073.3012,257.633
Low Fat,Dairy,191.482,Tier 2,Small,Supermarket Type1,0.022832115,4,5020.132,176.7028
Low Fat,Dairy,177.0686,Tier 2,Small,Supermarket Type1,0,4,1422.1488,155.1288
Low Fat,Dairy,232.3958,Tier 2,Small,Supermarket Type1,0,4,6076.0908,205.7296
Low Fat,Dairy,254.904,Tier 2,Small,Supermarket Type1,0.038736838,4,4048.064,55.8272
Low Fat,Dairy,93.7804,Tier 2,Small,Supermarket Type1,0.011604894,4,2848.2924,166.0526
Low Fat,Dairy,107.728,Tier 2,Small,Supermarket Type1,0.076005548,4,2024.032,166.1158
Low Fat,Dairy,50.5324,Tier 2,Small,Supermarket Type1,0.075363922,4,882.8508,73.8354
Low Fat,Dairy,125.8046,Tier 2,Small,Supermarket Type1,0.097611115,4,249.0092,54.893
Low Fat,Dairy,42.0454,Tier 2,Small,Supermarket Type1,0.08849163,4,377.5086,231.1668
Low Fat,Dairy,106.4596,Tier 2,Small,Supermarket Type1,0.123264522,4,215.7192,123.273
Low Fat,Dairy,140.3838,Tier 2,Small,Supermarket Type1,0.070551723,4,1404.838,217.685
Low Fat,Dairy,111.3228,Tier 2,Small,Supermarket Type1,0.088305201,4,1436.7964,182.3292
Low Fat,Dairy,189.6214,Tier 2,Small,Supermarket Type1,0.075049323,4,2826.321,110.4228
Low Fat,Frozen Foods,238.2248,Tier 2,Small,Supermarket Type1,0.096337184,4,3555.372,125.2678
Low Fat,Frozen Foods,91.083,Tier 2,Small,Supermarket Type1,0,4,539.298,59.7536
Low Fat,Frozen Foods,115.2176,Tier 2,Small,Supermarket Type1,0.023012718,4,1030.6584,262.0594
Low Fat,Frozen Foods,257.8962,Tier 2,Small,Supermarket Type1,0.022694623,4,4402.9354,98.8068
Low Fat,Frozen Foods,115.7176,Tier 2,Small,Supermarket Type1,0.086619573,4,1717.764,147.6076
Low Fat,Frozen Foods,165.9526,Tier 2,Small,Supermarket Type1,0.026492726,4,1644.526,208.4954
Low Fat,Frozen Foods,232.83,Tier 2,Small,Supermarket Type1,0.115535487,4,1398.18,59.5246
Low Fat,Frozen Foods,142.9154,Tier 2,Small,Supermarket Type1,0.038169783,4,992.7078,64.551
Low Fat,Frozen Foods,172.0422,Tier 2,Small,Supermarket Type1,0.046116319,4,3966.1706,141.818
Low Fat,Frozen Foods,251.9724,Tier 2,Small,Supermarket Type1,0.071660976,4,3523.4136,119.7098
Low Fat,Frozen Foods,125.4388,Tier 2,Small,Supermarket Type1,0,4,3715.164,60.5904
Low Fat,Frozen Foods,50.8666,Tier 2,Small,Supermarket Type1,0.015548178,4,871.5322,211.2928
Low Fat,Frozen Foods,84.9224,Tier 2,Small,Supermarket Type1,0.018514652,4,1619.2256,252.7698
Low Fat,Frozen Foods,116.6124,Tier 2,Small,Supermarket Type1,0.036879539,4,3199.8348,181.3976
Low Fat,Frozen Foods,144.4444,Tier 2,Small,Supermarket Type1,0.040049609,4,3628.61,34.4558
Low Fat,Frozen Foods,57.7272,Tier 2,Small,Supermarket Type1,0.12826315,4,503.3448,83.4224
Low Fat,Frozen Foods,246.2144,Tier 2,Small,Supermarket Type1,0.120060274,4,3675.216,246.5434
Low Fat,Frozen Foods,121.9388,Tier 2,Small,Supermarket Type1,0.032812669,4,3219.8088,147.1392
Low Fat,Frozen Foods,132.9626,Tier 2,Small,Supermarket Type1,0.10764721,4,1967.439,39.3822
Low Fat,Frozen Foods,179.5344,Tier 2,Small,Supermarket Type1,0.013714183,4,4103.9912,259.2304
Low Fat,Frozen Foods,195.5478,Tier 2,Small,Supermarket Type1,0.10527024,4,3874.956,122.9072
Low Fat,Frozen Foods,103.1648,Tier 2,Small,Supermarket Type1,0.016705436,4,1973.4312,120.8098
Low Fat,Fruits and Vegetables,257.4988,Tier 2,Small,Supermarket Type1,0.025552424,4,3083.9856,158.492
Low Fat,Fruits and Vegetables,153.8314,Tier 2,Small,Supermarket Type1,0.08816538,4,155.1314,126.8678
Low Fat,Fruits and Vegetables,234.9958,Tier 2,Small,Supermarket Type1,0.066997921,4,5842.395,186.524
Low Fat,Fruits and Vegetables,107.7622,Tier 2,Small,Supermarket Type1,0.071301323,4,105.8622,190.8162
Low Fat,Fruits and Vegetables,191.6188,Tier 2,Small,Supermarket Type1,0.038948125,4,2475.4444,115.4808
Low Fat,Fruits and Vegetables,120.7098,Tier 2,Small,Supermarket Type1,0.038904624,4,3735.8038,245.4144
Low Fat,Fruits and Vegetables,199.9084,Tier 2,Small,Supermarket Type1,0.024107056,4,2380.9008,56.6272
Low Fat,Fruits and Vegetables,195.411,Tier 2,Small,Supermarket Type1,0.050000257,4,2749.754,243.9144
Low Fat,Fruits and Vegetables,148.005,Tier 2,Small,Supermarket Type1,0.037793818,4,898.83,173.8054
Low Fat,Fruits and Vegetables,176.1028,Tier 2,Small,Supermarket Type1,0.172357491,4,1948.1308,50.8692
Low Fat,Fruits and Vegetables,121.6098,Tier 2,Small,Supermarket Type1,0.055518167,4,2410.196,217.3166
Low Fat,Fruits and Vegetables,262.2568,Tier 2,Small,Supermarket Type1,0.022526293,4,3954.852,95.0094
Low Fat,Fruits and Vegetables,220.8798,Tier 2,Small,Supermarket Type1,0.036344721,4,6170.6344,122.3756
Low Fat,Hard Drinks,179.6976,Tier 2,Small,Supermarket Type1,0.070843019,4,5070.7328,177.7344
Low Fat,Hard Drinks,111.6544,Tier 2,Small,Supermarket Type1,0.054460571,4,335.5632,77.0012
Low Fat,Health and Hygiene,258.062,Tier 2,Small,Supermarket Type1,0.034668802,4,2856.282,98.5726
Low Fat,Health and Hygiene,211.0612,Tier 2,Small,Supermarket Type1,0.153419412,4,418.1224,86.4224
Low Fat,Health and Hygiene,189.053,Tier 2,Small,Supermarket Type1,0.014541462,4,5313.084,184.495
Low Fat,Health and Hygiene,228.4352,Tier 2,Small,Supermarket Type1,0.018920019,4,8245.2672,238.088
Low Fat,Health and Hygiene,50.6982,Tier 2,Small,Supermarket Type1,0.032806066,4,736.3748,143.6154
Low Fat,Health and Hygiene,155.2972,Tier 2,Small,Supermarket Type1,0.069938838,4,3583.3356,264.8884
Low Fat,Health and Hygiene,213.456,Tier 2,Small,Supermarket Type1,0.054939848,4,2556.672,199.5084
Low Fat,Health and Hygiene,165.121,Tier 2,Small,Supermarket Type1,0.042102658,4,2936.178,189.7214
Low Fat,Health and Hygiene,198.011,Tier 2,Small,Supermarket Type1,0.038109194,4,392.822,40.948
Low Fat,Health and Hygiene,173.8054,Tier 2,Small,Supermarket Type1,0.032438645,4,2801.6864,163.0526
Low Fat,Health and Hygiene,196.5084,Tier 2,Small,Supermarket Type1,0.01774202,4,198.4084,129.6626
Low Fat,Health and Hygiene,77.0012,Tier 2,Small,Supermarket Type1,0,4,2277.036,262.3278
Low Fat,Health and Hygiene,265.5568,Tier 2,Small,Supermarket Type1,0.041973712,4,4482.1656,35.7216
Low Fat,Health and Hygiene,196.911,Tier 2,Small,Supermarket Type1,0.077670981,4,392.822,55.093
Low Fat,Health and Hygiene,114.186,Tier 2,Small,Supermarket Type1,0.029026218,4,1924.162,131.331
Low Fat,Health and Hygiene,184.1924,Tier 2,Small,Supermarket Type1,0.090286009,4,185.0924,159.9604
Low Fat,Health and Hygiene,39.9506,Tier 2,Small,Supermarket Type1,0.097611115,4,872.8638,116.5492
Low Fat,Health and Hygiene,216.7824,Tier 2,Small,Supermarket Type1,0.032771033,4,436.7648,192.3162
Low Fat,Health and Hygiene,132.7626,Tier 2,Small,Supermarket Type1,0.082797778,4,2885.5772,161.492
Low Fat,Health and Hygiene,120.8756,Tier 2,Small,Supermarket Type1,0.080956792,4,1454.1072,95.2436
Low Fat,Health and Hygiene,54.5956,Tier 2,Small,Supermarket Type1,0.046348967,4,1037.3164,153.6682
Low Fat,Health and Hygiene,41.3112,Tier 2,Small,Supermarket Type1,0.058812134,4,255.6672,111.6544
Low Fat,Health and Hygiene,130.531,Tier 2,Small,Supermarket Type1,0.045675104,4,5582.733,150.9392
Low Fat,Household,101.1332,Tier 2,Small,Supermarket Type1,0,4,1332.9316,128.9652
Low Fat,Household,131.331,Tier 2,Small,Supermarket Type1,0.027222517,4,3635.268,174.0396
Low Fat,Household,172.0764,Tier 2,Small,Supermarket Type1,0.028710065,4,2748.4224,158.1604
Low Fat,Household,165.7842,Tier 2,Small,Supermarket Type1,0.031327839,4,1823.6262,174.6054
Low Fat,Household,100.37,Tier 2,Small,Supermarket Type1,0.01319424,4,1298.31,217.4192
Low Fat,Household,177.9028,Tier 2,Small,Supermarket Type1,0.076156245,4,1416.8224,156.4656
Low Fat,Household,189.3846,Tier 2,Small,Supermarket Type1,0.121178848,4,4777.115,165.1868
Low Fat,Household,115.8834,Tier 2,Small,Supermarket Type1,0.070968081,4,1036.6506,215.9192
Low Fat,Household,34.719,Tier 2,Small,Supermarket Type1,0.120211747,4,768.999,93.2094
Low Fat,Household,193.0794,Tier 2,Small,Supermarket Type1,0.130663423,4,975.397,175.237
Low Fat,Household,119.9124,Tier 2,Small,Supermarket Type1,0.076987408,4,948.0992,247.946
Low Fat,Household,231.8668,Tier 2,High,Supermarket Type1,0.06153089,4,230.3668,132.2968
Low Fat,Household,125.7362,Tier 2,High,Supermarket Type1,0,4,3020.0688,127.902
Low Fat,Household,226.3036,Tier 2,High,Supermarket Type1,0.015775777,4,910.8144,179.1976
Low Fat,Household,219.7798,Tier 2,High,Supermarket Type1,0.040599963,4,2644.5576,244.0144
Low Fat,Household,151.5682,Tier 2,High,Supermarket Type1,0.01581384,4,1982.0866,183.2608
Low Fat,Household,64.2168,Tier 2,High,Supermarket Type1,0.026115595,4,1278.336,49.0376
Low Fat,Household,147.976,Tier 2,High,Supermarket Type1,0.034848629,4,732.38,118.6782
Low Fat,Household,196.7084,Tier 2,High,Supermarket Type1,0.100477461,4,3174.5344,187.7898
Low Fat,Household,65.4168,Tier 2,High,Supermarket Type1,0,4,127.8336,125.1678
Low Fat,Household,121.0072,Tier 2,High,Supermarket Type1,0.144094079,4,2940.1728,34.819
Low Fat,Meat,145.1444,Tier 2,High,Supermarket Type1,0.012789884,4,3918.8988,39.1822
Low Fat,Meat,237.988,Tier 2,High,Supermarket Type1,0.146999264,4,7190.64,103.7648
Low Fat,Meat,84.5566,Tier 2,High,Supermarket Type1,0.123726711,4,253.6698,107.7938
Low Fat,Meat,95.4436,Tier 2,High,Supermarket Type1,0.036241797,4,567.2616,57.3562
Low Fat,Meat,105.9306,Tier 2,High,Supermarket Type1,0.084273286,4,209.0612,181.7292
Low Fat,Others,45.106,Tier 2,High,Supermarket Type1,0.120961347,4,1398.18,143.847
Low Fat,Others,131.0284,Tier 2,High,Supermarket Type1,0.04896208,4,131.8284,165.8526
Low Fat,Others,109.1938,Tier 2,High,Supermarket Type1,0.073783159,4,2036.6822,66.0142
Low Fat,Seafood,78.8302,Tier 2,High,Supermarket Type1,0.056394771,4,713.0718,51.3982
Low Fat,Seafood,37.1874,Tier 2,High,Supermarket Type1,0.054331235,4,247.0118,198.7768
Low Fat,Snack Foods,108.9596,Tier 2,High,Supermarket Type1,0.034091649,4,539.298,146.2076
Low Fat,Snack Foods,113.4544,Tier 2,High,Supermarket Type1,0.057152139,4,2908.2144,211.8218
Low Fat,Snack Foods,61.851,Tier 2,High,Supermarket Type1,0.069514712,4,1454.773,108.7228
Low Fat,Snack Foods,150.4366,Tier 2,High,Supermarket Type1,0.031271134,4,151.1366,186.0582
Low Fat,Snack Foods,62.7194,Tier 2,High,Supermarket Type1,0.086440911,4,1857.582,167.0816
Low Fat,Snack Foods,190.0214,Tier 2,High,Supermarket Type1,0.108501676,4,2449.4782,183.6634
Low Fat,Snack Foods,60.2904,Tier 2,High,Supermarket Type1,0.175336471,4,117.1808,107.0964
Low Fat,Snack Foods,84.2224,Tier 2,High,Supermarket Type1,0.045525961,4,852.224,83.425
Low Fat,Snack Foods,179.0686,Tier 2,High,Supermarket Type1,0.04217956,4,5688.5952,44.2428
Low Fat,Snack Foods,84.625,Tier 2,High,Supermarket Type1,0.108004532,4,2496.75,148.7076
Low Fat,Snack Foods,61.351,Tier 2,High,Supermarket Type1,0.020684919,4,822.263,148.5734
Low Fat,Snack Foods,47.306,Tier 2,High,Supermarket Type1,0.093824276,4,652.484,119.9124
Low Fat,Snack Foods,119.8124,Tier 2,High,Supermarket Type1,0.096756649,4,1896.1984,208.7612
Low Fat,Snack Foods,59.1246,Tier 2,High,Supermarket Type1,0.091723066,4,753.0198,148.8708
Low Fat,Snack Foods,212.1902,Tier 2,High,Supermarket Type1,0.026760329,4,424.7804,86.0198
Low Fat,Snack Foods,146.2076,Tier 2,High,Supermarket Type1,0.105448901,4,2364.9216,156.163
Low Fat,Snack Foods,142.0838,Tier 2,High,Supermarket Type1,0.052740763,4,280.9676,103.799
Low Fat,Snack Foods,191.5504,Tier 2,High,Supermarket Type1,0.049345425,4,5944.2624,115.4176
Low Fat,Snack Foods,128.102,Tier 2,High,Supermarket Type1,0.105472205,4,885.514,165.6868
Low Fat,Snack Foods,115.7176,Tier 2,High,Supermarket Type1,0.05310896,4,1374.2112,193.6504
Low Fat,Soft Drinks,80.8276,Tier 2,High,Supermarket Type1,0.067836851,4,1868.2348,246.1486
Low Fat,Soft Drinks,80.8592,Tier 2,High,Supermarket Type1,0.034647829,4,82.5592,171.2422
Low Fat,Soft Drinks,248.8092,Tier 2,High,Supermarket Type1,0,4,6474.2392,195.3768
Low Fat,Soft Drinks,218.5798,Tier 2,High,Supermarket Type1,0.020693619,4,4407.596,153.1656
Low Fat,Soft Drinks,166.1526,Tier 2,High,Supermarket Type1,0.160235723,4,2466.789,227.872
Low Fat,Soft Drinks,36.2216,Tier 2,High,Supermarket Type1,0.052363244,4,346.216,236.5564
Low Fat,Soft Drinks,188.224,Tier 2,High,Supermarket Type1,0.11397026,4,5779.144,185.1924
Low Fat,Soft Drinks,213.356,Tier 2,High,Supermarket Type1,0.020441939,4,3835.008,216.4508
Low Fat,Soft Drinks,89.1856,Tier 2,High,Supermarket Type1,0.033568871,4,1581.9408,74.9696
Low Fat,Soft Drinks,172.4106,Tier 2,High,Supermarket Type1,0.041851756,4,2908.8802,162.7526
Low Fat,Soft Drinks,139.8496,Tier 2,High,Supermarket Type1,0.014675574,4,1270.3464,50.8324
Low Fat,Starchy Foods,233.03,Tier 2,High,Supermarket Type1,0.026010729,4,5592.72,119.144
Low Fat,Starchy Foods,89.6856,Tier 2,High,Supermarket Type1,0.098170402,4,878.856,224.0746
Regular,Baking Goods,89.3856,Tier 2,High,Supermarket Type1,0.041857101,4,1318.284,162.7868
Regular,Baking Goods,37.4822,Tier 2,High,Supermarket Type1,0.161875063,4,942.7728,35.6848
Regular,Baking Goods,172.6764,Tier 2,High,Supermarket Type1,0.035644325,4,2061.3168,147.1444
Regular,Baking Goods,228.2036,Tier 2,High,Supermarket Type1,0.039120291,4,4781.7756,206.8296
Regular,Baking Goods,210.5244,Tier 2,High,Supermarket Type1,0.026424424,4,6775.1808,145.2128
Regular,Baking Goods,162.621,Tier 2,High,Supermarket Type1,0.031598706,4,815.605,172.9764
Regular,Baking Goods,160.9552,Tier 2,High,Supermarket Type1,0.0268952,4,162.4552,220.3456
Regular,Baking Goods,81.925,Tier 2,High,Supermarket Type1,0.075904695,4,3079.325,263.9568
Regular,Baking Goods,112.0544,Tier 2,High,Supermarket Type1,0.106968577,4,223.7088,180.5634
Regular,Baking Goods,59.5246,Tier 2,High,Supermarket Type1,0.060022526,4,810.9444,168.7132
Regular,Baking Goods,95.7068,Tier 2,High,Supermarket Type1,0.117599259,4,1166.4816,195.311
Regular,Baking Goods,187.124,Tier 2,High,Supermarket Type1,0.062350672,4,3728.48,86.9514
Regular,Breads,261.691,Tier 2,High,Supermarket Type1,0.056500895,4,3155.892,85.8908
Regular,Breads,149.9366,Tier 2,High,Supermarket Type1,0.142827296,4,1662.5026,159.4578
Regular,Canned,92.9436,Tier 2,High,Supermarket Type1,0.046729336,4,2174.5028,153.4998
Regular,Canned,177.937,Tier 2,High,Supermarket Type1,0.052836076,4,2293.681,86.6224
Regular,Canned,169.179,Tier 2,High,Supermarket Type1,0.029223424,4,2037.348,175.437
Regular,Canned,98.77,Tier 2,High,Supermarket Type1,0.13341564,4,1697.79,218.7798
Regular,Canned,187.6872,Tier 2,High,Supermarket Type1,0.014656564,4,2836.308,208.5638
Regular,Canned,157.4288,Tier 2,High,Supermarket Type1,0.031508924,4,2042.6744,98.77
Regular,Canned,133.7942,Tier 2,High,Supermarket Type1,0.014762987,4,2384.8956,90.7172
Regular,Canned,106.628,Tier 2,High,Supermarket Type1,0.084937098,4,639.168,214.0218
Regular,Canned,180.4292,Tier 2,High,Supermarket Type1,0.027673055,4,4013.4424,169.279
Regular,Canned,193.4162,Tier 2,High,Supermarket Type1,0.139804885,4,2116.5782,265.7884
Regular,Canned,74.3012,Tier 2,High,Supermarket Type1,0.026622757,4,1669.8264,144.247
Regular,Canned,154.934,Tier 2,High,Supermarket Type1,0.046903482,4,1225.072,142.0838
Regular,Canned,172.8738,Tier 2,High,Supermarket Type1,0.085122855,4,3649.2498,155.4314
Regular,Canned,206.8296,Tier 2,High,Supermarket Type1,0.034770109,4,4154.592,141.9496
Regular,Canned,234.9958,Tier 2,High,Supermarket Type1,0.03075661,4,13086.9648,86.254
Regular,Canned,42.377,Tier 2,High,Supermarket Type1,0.016238512,4,1211.756,186.4556
Regular,Dairy,101.4332,Tier 2,High,Supermarket Type1,0.046079575,4,1948.1308,43.5744
Regular,Dairy,245.2802,Tier 2,High,Supermarket Type1,0.087823675,4,10072.8882,261.091
Regular,Dairy,116.0834,Tier 2,High,Supermarket Type1,0.068010049,4,1267.0174,57.2562
Regular,Dairy,120.944,Tier 2,High,Supermarket Type1,0.007555176,4,2037.348,145.9102
Regular,Dairy,79.6644,Tier 2,High,Supermarket Type1,0.068091318,4,1571.288,120.644
Regular,Dairy,165.85,Tier 2,High,Supermarket Type1,0.047587685,4,1830.95,215.0876
Regular,Frozen Foods,93.4436,Tier 2,High,Supermarket Type1,0.087437069,4,1701.7848,106.1306
Regular,Frozen Foods,140.8838,Tier 2,High,Supermarket Type1,0,4,2247.7408,211.8218
Regular,Frozen Foods,153.434,Tier 2,High,Supermarket Type1,0.150319469,4,3981.484,156.9288
Regular,Frozen Foods,119.9414,Tier 2,High,Supermarket Type1,0.082568705,4,1462.0968,56.1588
Regular,Frozen Foods,173.8422,Tier 2,High,Supermarket Type1,0.048761046,4,3448.844,260.5278
Regular,Frozen Foods,108.128,Tier 2,High,Supermarket Type1,0.146960375,4,1065.28,142.2838
Regular,Frozen Foods,220.8772,Tier 2,High,Supermarket Type1,0.066865326,4,4225.1668,260.1962
Regular,Frozen Foods,259.7304,Tier 2,High,Supermarket Type1,0.077321087,4,3616.6256,169.3106
Regular,Frozen Foods,242.3538,Tier 2,High,Supermarket Type1,0.091098018,4,5287.7836,233.5984
Regular,Frozen Foods,127.1704,Tier 2,High,Supermarket Type1,0.092413792,4,3004.0896,183.6266
Regular,Frozen Foods,110.8544,Tier 2,High,Supermarket Type1,0.041655865,4,111.8544,48.5376
Regular,Fruits and Vegetables,213.7902,Tier 2,High,Supermarket Type1,0.031007381,4,1274.3412,123.4072
Regular,Fruits and Vegetables,34.9558,Tier 2,High,Supermarket Type1,0.074778547,4,1120.5414,186.3556
Regular,Fruits and Vegetables,118.4124,Tier 2,High,Supermarket Type1,0.063946629,4,3199.8348,116.6492
Regular,Fruits and Vegetables,79.0618,Tier 2,High,Supermarket Type1,0.045073782,4,1208.427,119.1808
Regular,Fruits and Vegetables,130.3968,Tier 2,High,Supermarket Type1,0,4,3523.4136,189.053
Regular,Fruits and Vegetables,264.5226,Tier 2,High,Supermarket Type1,0.025041738,4,3436.1938,218.7508
Regular,Fruits and Vegetables,162.6552,Tier 2,High,Supermarket Type1,0.038578501,4,5685.932,109.557
Regular,Fruits and Vegetables,172.0422,Tier 2,High,Supermarket Type1,0.110215444,4,517.3266,81.8592
Regular,Fruits and Vegetables,123.9704,Tier 2,High,Supermarket Type1,0.044281996,4,375.5112,178.5318
Regular,Fruits and Vegetables,37.2848,Tier 2,High,Supermarket Type1,0.103988736,4,745.696,177.0054
Regular,Fruits and Vegetables,107.128,Tier 2,High,Supermarket Type1,0.125942816,4,319.584,176.0028
Regular,Fruits and Vegetables,72.2038,Tier 2,High,Supermarket Type1,0.079875237,4,886.8456,102.7332
Regular,Fruits and Vegetables,101.8016,Tier 2,High,Supermarket Type1,0.119704498,4,1720.4272,181.9976
Regular,Fruits and Vegetables,164.2526,Tier 2,High,Supermarket Type1,0.094488071,4,3946.8624,87.1882
Regular,Fruits and Vegetables,256.3672,Tier 2,High,Supermarket Type1,0.028180789,4,255.6672,46.8744
Regular,Fruits and Vegetables,196.311,Tier 2,High,Supermarket Type1,0,4,589.233,234.4958
Regular,Fruits and Vegetables,181.7634,Tier 2,High,Supermarket Type1,0.0480335,4,2544.6876,188.2556
Regular,Fruits and Vegetables,177.966,Tier 2,High,Supermarket Type1,0.100378096,4,3415.554,122.4388
Regular,Meat,210.727,Tier 2,High,Supermarket Type1,0.009887927,4,4194.54,150.7366
Regular,Meat,114.4492,Tier 2,High,Supermarket Type1,0.173821519,4,579.246,151.4708
Regular,Meat,33.3558,Tier 2,High,Supermarket Type1,0.033505804,4,848.895,153.4314
Regular,Meat,133.0626,Tier 2,High,Supermarket Type1,0.012483408,4,1573.9512,195.411
Regular,Meat,91.6804,Tier 2,High,Supermarket Type1,0.025978802,4,3858.9768,102.5674
Regular,Meat,90.5514,Tier 2,High,Supermarket Type1,0.078172471,4,2036.6822,238.8248
Regular,Meat,84.9224,Tier 2,High,Supermarket Type1,0.020989308,4,1278.336,260.7936
Regular,Meat,246.2802,Tier 2,High,Supermarket Type1,0.027135522,4,1228.401,196.311
Regular,Seafood,49.9324,Tier 2,High,Supermarket Type1,0,4,259.662,150.205
Regular,Snack Foods,129.6968,Tier 2,High,Supermarket Type1,0.023021406,4,1174.4712,208.9928
Regular,Snack Foods,105.6306,Tier 2,High,Supermarket Type1,0.070847865,4,627.1836,91.712
Regular,Snack Foods,178.237,Tier 2,High,Supermarket Type1,0,4,7939.665,41.7112
Regular,Snack Foods,60.4562,Tier 2,High,Supermarket Type1,0.115911972,4,1125.8678,177.3028
Regular,Snack Foods,120.9756,Tier 2,High,Supermarket Type1,0.093954022,4,2787.0388,211.8244
Regular,Snack Foods,127.2678,Tier 2,High,Supermarket Type1,0.085308611,4,2416.1882,230.2668
Regular,Snack Foods,59.2588,Tier 2,High,Supermarket Type1,0.011448629,4,916.1408,72.9038
Regular,Snack Foods,186.5924,Tier 2,High,Supermarket Type1,0.045073782,4,2591.2936,101.9016
Regular,Snack Foods,95.012,Tier 2,High,Supermarket Type1,0.070444232,4,2050.664,63.4484
Regular,Snack Foods,122.2098,Tier 2,High,Supermarket Type1,0.025973384,4,1205.098,79.6302
Regular,Snack Foods,48.8376,Tier 2,High,Supermarket Type1,0.099333217,4,287.6256,51.3666
Regular,Snack Foods,174.1422,Tier 2,High,Supermarket Type1,0.067212845,4,517.3266,260.2304
Regular,Snack Foods,117.0834,Tier 2,High,Supermarket Type1,0,4,1842.9344,178.166
Regular,Snack Foods,145.8128,Tier 2,High,Supermarket Type1,0.173109453,4,1725.7536,155.2972
Regular,Snack Foods,100.1042,Tier 2,High,Supermarket Type1,0.062170334,4,1289.6546,60.9562
Regular,Snack Foods,153.6682,Tier 2,High,Supermarket Type1,0.12829573,4,1829.6184,167.2816
Regular,Snack Foods,79.2328,Tier 2,High,Supermarket Type1,0.121500143,4,154.4656,95.0752
Regular,Soft Drinks,238.3538,Tier 2,High,Supermarket Type1,0.019238942,4,2163.1842,49.8692
Regular,Soft Drinks,164.95,Tier 2,High,Supermarket Type1,0.061299601,4,4161.25,56.2614
Regular,Starchy Foods,82.9908,Tier 2,High,Supermarket Type1,0.017666978,4,1258.362,239.4538
Regular,Starchy Foods,183.8266,Tier 2,High,Supermarket Type1,0.054739692,4,1844.266,65.7168
Regular,Baking Goods,173.6422,Tier 2,High,Supermarket Type1,0.048801674,4,517.3266,132.1626
Regular,Baking Goods,219.3482,Tier 2,High,Supermarket Type1,0.129008866,4,8323.8316,226.9404
Regular,Baking Goods,198.4426,Tier 2,High,Supermarket Type1,0.091688111,4,5536.7928,49.0008
Regular,Baking Goods,168.4474,Tier 2,High,Supermarket Type1,0.031713126,4,2358.2636,172.5764
Regular,Baking Goods,144.3444,Tier 2,High,Supermarket Type1,0.054142088,4,3483.4656,124.1072
Regular,Baking Goods,122.8388,Tier 2,High,Supermarket Type1,0.06121901,4,2972.1312,100.0384
Regular,Baking Goods,246.1486,Tier 2,High,Supermarket Type1,0.081193712,4,5375.6692,198.411
Regular,Baking Goods,220.7482,Tier 2,High,Supermarket Type1,0,4,4380.964,98.7042
Regular,Breads,96.2094,Tier 2,High,Supermarket Type1,0.029538509,4,952.094,189.4556
Regular,Breads,153.8682,Tier 2,High,Supermarket Type1,0.064224789,4,1829.6184,262.7594
Regular,Canned,39.1506,Tier 2,High,Supermarket Type1,0.053924587,4,1480.0734,198.2742
Regular,Canned,188.4872,Tier 2,High,Supermarket Type1,0.046898544,4,3592.6568,153.7998
Regular,Canned,215.1192,Tier 2,High,Supermarket Type1,0,4,2157.192,206.9638
Regular,Canned,96.6094,Tier 2,High,Supermarket Type1,0.140311123,4,2189.8162,265.6884
Regular,Canned,123.773,Tier 2,High,Supermarket Type1,0.161610636,4,3325.671,255.2014
Regular,Canned,95.741,Tier 2,High,Supermarket Type1,0.012063121,4,965.41,183.5924
Regular,Dairy,52.3324,Tier 2,High,Supermarket Type1,0.020686161,4,1298.31,85.054
Regular,Dairy,157.663,Tier 2,High,Supermarket Type1,0.144832027,4,2659.871,239.8222
Regular,Dairy,103.699,Tier 2,High,Supermarket Type1,0.107662745,4,412.796,224.1772
Regular,Dairy,109.1254,Tier 2,High,Supermarket Type1,0.079523619,4,1627.881,181.7608
Regular,Dairy,153.4998,Tier 2,High,Supermarket Type1,0.099704558,4,2922.1962,63.1194
Regular,Dairy,100.8332,Tier 2,High,Supermarket Type1,0.17179432,4,1537.998,154.663
Regular,Frozen Foods,37.0874,Tier 2,High,Supermarket Type1,0.030418998,4,423.4488,103.099
Regular,Frozen Foods,163.221,Tier 2,High,Supermarket Type1,0.011437302,4,326.242,92.4488
Regular,Frozen Foods,193.1162,Tier 2,High,Supermarket Type1,0.127587344,4,2501.4106,76.5354
Regular,Frozen Foods,103.8332,Tier 2,High,Supermarket Type1,0.13842353,4,1743.0644,163.0236
Regular,Frozen Foods,65.9168,Tier 2,High,Supermarket Type1,0.03263762,4,958.752,147.7102
Regular,Frozen Foods,195.0136,Tier 2,High,Supermarket Type1,0.099343352,4,194.4136,198.1768
Regular,Frozen Foods,226.172,Tier 2,High,Supermarket Type1,0.060768862,4,3848.324,154.8656
Regular,Frozen Foods,260.7936,Tier 2,High,Supermarket Type1,0.110653377,4,4697.8848,36.9506
Regular,Frozen Foods,74.2012,Tier 2,High,Supermarket Type1,0.04807227,4,1290.3204,126.5362
Regular,Frozen Foods,60.1536,Tier 2,High,Supermarket Type1,0.041806702,4,1102.5648,48.8376
Regular,Frozen Foods,216.9166,Tier 2,High,Supermarket Type1,0.122208091,4,217.7166,119.7466
Regular,Fruits and Vegetables,194.282,Tier 2,High,Supermarket Type1,0.077756427,4,1544.656,254.533
Regular,Fruits and Vegetables,103.699,Tier 2,Medium,Supermarket Type1,0.02914662,4,1651.184,79.296
Regular,Fruits and Vegetables,122.473,Tier 2,Medium,Supermarket Type1,0.088864488,4,1354.903,119.3466
Regular,Fruits and Vegetables,183.095,Tier 2,Medium,Supermarket Type1,0.172042892,4,5492.85,139.9838
Regular,Fruits and Vegetables,54.5614,Tier 2,Medium,Supermarket Type1,0.053887301,4,1713.1034,225.6088
Regular,Fruits and Vegetables,87.4172,Tier 2,Medium,Supermarket Type1,0.054079556,4,178.4344,165.9526
Regular,Fruits and Vegetables,98.241,Tier 2,Medium,Supermarket Type1,0.106928681,4,1930.82,173.7396
Regular,Fruits and Vegetables,122.3756,Tier 2,Medium,Supermarket Type1,0.038718195,4,2544.6876,110.657
Regular,Fruits and Vegetables,116.9492,Tier 2,Medium,Supermarket Type1,0.082215187,4,1969.4364,91.4488
Regular,Fruits and Vegetables,155.963,Tier 2,Medium,Supermarket Type1,0.110614538,4,4537.427,80.6592
Regular,Fruits and Vegetables,108.3938,Tier 2,Medium,Supermarket Type1,0.152988295,4,2787.0388,253.7382
Regular,Fruits and Vegetables,177.637,Tier 2,Medium,Supermarket Type1,0.160624116,4,3352.303,147.0102
Regular,Fruits and Vegetables,166.2816,Tier 2,Medium,Supermarket Type1,0.100423086,4,2516.724,144.7786
Regular,Fruits and Vegetables,185.324,Tier 2,Medium,Supermarket Type1,0.01903743,4,3728.48,60.5536
Regular,Fruits and Vegetables,184.495,Tier 2,Medium,Supermarket Type1,0.120137953,4,7873.085,181.2976
Regular,Fruits and Vegetables,117.0124,Tier 2,Medium,Supermarket Type1,0.143495952,4,1540.6612,88.7514
Regular,Fruits and Vegetables,50.9666,Tier 2,Medium,Supermarket Type1,0.026018497,4,717.7324,148.2418
Regular,Fruits and Vegetables,133.5284,Tier 2,Medium,Supermarket Type1,0.021578923,4,263.6568,120.5098
Regular,Fruits and Vegetables,37.4506,Tier 2,Medium,Supermarket Type1,0.014909465,4,1062.6168,232.3958
Regular,Fruits and Vegetables,44.2744,Tier 2,Medium,Supermarket Type1,0.048207431,4,588.5672,188.0556
Regular,Fruits and Vegetables,131.531,Tier 2,Medium,Supermarket Type1,0.162418495,4,1428.141,64.9168
Regular,Meat,94.841,Tier 2,Medium,Supermarket Type1,0.009923732,4,193.082,152.8366
Regular,Meat,168.679,Tier 2,Medium,Supermarket Type1,0,4,4923.591,176.937
Regular,Meat,89.5856,Tier 2,Medium,Supermarket Type1,0.012528611,4,1494.0552,195.111
Regular,Meat,86.5566,Tier 2,Medium,Supermarket Type1,0.008615,4,1183.7924,72.4038
Regular,Meat,64.7168,Tier 2,Medium,Supermarket Type1,0.097059596,4,3068.0064,178.6028
Regular,Snack Foods,106.9964,Tier 2,Medium,Supermarket Type1,0.005997615,4,1788.3388,100.4358
Regular,Snack Foods,43.7086,Tier 2,Medium,Supermarket Type1,0.116331694,4,1293.6494,176.9028
Regular,Snack Foods,93.2462,Tier 2,Medium,Supermarket Type1,0.088693595,4,1018.0082,122.5756
Regular,Snack Foods,110.157,Tier 2,Medium,Supermarket Type1,0.08154715,4,2306.997,49.8008
Regular,Snack Foods,32.9558,Tier 2,Medium,Supermarket Type1,0.087272074,4,101.8674,153.7972
Regular,Snack Foods,194.1794,Tier 2,Medium,Supermarket Type1,0.099692906,4,3316.3498,50.9666
Regular,Snack Foods,197.211,Tier 2,Medium,Supermarket Type1,0.066269294,4,3535.398,179.666
Regular,Snack Foods,165.3184,Tier 2,Medium,Supermarket Type1,0.047524635,4,1651.184,118.2782
Regular,Snack Foods,225.172,Tier 2,Medium,Supermarket Type1,0.039443715,4,452.744,95.841
Regular,Snack Foods,237.7906,Tier 2,Medium,Supermarket Type1,0.018667601,4,1188.453,112.9544
Regular,Snack Foods,37.4506,Tier 2,Medium,Supermarket Type1,0.077193256,4,796.9626,112.7518
Regular,Soft Drinks,156.663,Tier 2,Medium,Supermarket Type1,0.007084185,4,2816.334,191.153
Regular,Soft Drinks,173.8712,Tier 2,Medium,Supermarket Type1,0.032625074,4,4570.0512,124.673
Regular,Soft Drinks,147.5392,Tier 2,Medium,Supermarket Type1,0.109713464,4,2684.5056,41.3112
Regular,Soft Drinks,36.1874,Tier 2,Medium,Supermarket Type1,0.040154087,4,423.4488,164.6868
Regular,Starchy Foods,74.0038,Tier 2,Medium,Supermarket Type1,0.066555152,4,1034.6532,80.896
Regular,Starchy Foods,95.9094,Tier 2,Medium,Supermarket Type1,0.064984487,4,2285.0256,92.5804
Regular,Starchy Foods,188.0872,Tier 2,Medium,Supermarket Type1,0.054937907,4,2458.1336,64.2168
low fat,Dairy,107.5596,Tier 2,Medium,Supermarket Type1,0.030497325,4,431.4384,256.9672
low fat,Fruits and Vegetables,145.976,Tier 2,Medium,Supermarket Type1,0.031112643,4,585.904,104.999
low fat,Fruits and Vegetables,57.8562,Tier 2,Medium,Supermarket Type1,0.021617996,4,651.8182,179.6976
low fat,Household,139.7496,Tier 2,Medium,Supermarket Type1,0.091074449,4,3952.1888,196.811
low fat,Snack Foods,167.25,Tier 2,Medium,Supermarket Type1,0.11830085,4,1830.95,196.2136
low fat,Snack Foods,140.9154,Tier 2,Medium,Supermarket Type1,0.036596012,4,1134.5232,90.6488
reg,Frozen Foods,197.711,Tier 2,Medium,Supermarket Type1,0.125857678,4,4910.275,100.5358
reg,Fruits and Vegetables,255.0014,Tier 2,Medium,Supermarket Type1,0.066431507,4,5865.0322,250.1092
reg,Baking Goods,148.2418,Tier 2,Medium,Supermarket Type1,0.122274118,4,1618.5598,40.3454
reg,Baking Goods,175.1028,Tier 2,Medium,Supermarket Type1,0.025513973,4,1593.9252,83.7934
reg,Frozen Foods,88.5172,Tier 2,Medium,Supermarket Type1,0.062609071,4,2408.8644,148.6418
reg,Fruits and Vegetables,183.0292,Tier 2,Medium,Supermarket Type1,0.059160135,4,8209.314,170.7448
LF,Dairy,228.5668,Tier 2,Small,Supermarket Type1,0.061775607,4,3225.1352,150.105
LF,Dairy,34.3558,Tier 2,Small,Supermarket Type1,0.119930029,4,271.6464,44.2744
LF,Frozen Foods,143.4154,Tier 2,Small,Supermarket Type1,0.114863923,4,3545.385,59.0246
LF,Fruits and Vegetables,141.947,Tier 2,Small,Supermarket Type1,0.173483253,4,4008.116,129.0652
LF,Health and Hygiene,255.3672,Tier 2,Small,Supermarket Type1,0.030349723,4,767.0016,37.0874
LF,Soft Drinks,55.8298,Tier 2,Small,Supermarket Type1,0.017322454,4,485.3682,196.8768
LF,Soft Drinks,233.3642,Tier 2,Small,Supermarket Type1,0,4,3950.1914,141.9154
Low Fat,Baking Goods,196.8426,Tier 2,Small,Supermarket Type1,0.015856295,4,593.2278,81.6592
Low Fat,Baking Goods,91.912,Tier 2,Small,Supermarket Type1,0.078728915,4,559.272,178.437
Low Fat,Baking Goods,64.3168,Tier 2,Small,Supermarket Type1,0.176182345,4,127.8336,158.1604
Low Fat,Baking Goods,64.951,Tier 2,Small,Supermarket Type1,0.056921876,4,1644.526,107.1622
Low Fat,Baking Goods,78.6618,Tier 2,Small,Supermarket Type1,0.119339241,4,80.5618,106.0596
Low Fat,Breads,90.2514,Tier 2,Small,Supermarket Type1,0.011087128,4,974.0654,41.4454
Low Fat,Breads,192.0478,Tier 2,Small,Supermarket Type1,0.020693809,4,1549.9824,199.1742
Low Fat,Breakfast,131.531,Tier 2,Small,Supermarket Type1,0.06316338,4,2856.282,132.2626
Low Fat,Breakfast,124.6362,Tier 2,Small,Supermarket Type1,0.089243789,4,3900.9222,192.0478
Low Fat,Canned,227.6352,Tier 2,Small,Supermarket Type1,0.117308165,4,2748.4224,195.7768
Low Fat,Canned,177.1054,Tier 2,Small,Supermarket Type1,0.037391881,4,3151.8972,83.2224
Low Fat,Canned,125.073,Tier 2,Small,Supermarket Type1,0.127424932,4,369.519,208.127
Low Fat,Canned,47.806,Tier 2,Small,Supermarket Type1,0.041098016,4,1071.938,81.6934
Low Fat,Canned,155.0972,Tier 2,Small,Supermarket Type1,0.05074138,4,3894.93,123.2072
Low Fat,Canned,196.9084,Tier 2,Small,Supermarket Type1,0.187523164,4,595.2252,146.2418
Low Fat,Canned,89.4172,Tier 2,Small,Supermarket Type1,0.126359196,4,2498.0816,109.2886
Low Fat,Canned,192.2478,Tier 2,Small,Supermarket Type1,0.01326146,4,4068.7038,108.0254
Low Fat,Canned,250.7724,Tier 2,Small,Supermarket Type1,0.018568129,4,251.6724,188.2214
Low Fat,Canned,77.6302,Tier 2,Small,Supermarket Type1,0.068809463,4,950.7624,258.5278
Low Fat,Dairy,158.8604,Tier 2,Small,Supermarket Type1,0.0226994,4,2693.8268,176.4028
Low Fat,Dairy,171.7106,Tier 2,Small,Supermarket Type1,0.038446805,4,1711.106,63.5852
Low Fat,Dairy,48.8376,Tier 2,Small,Supermarket Type1,0.159165324,4,1294.3152,207.1296
Low Fat,Dairy,49.8008,Tier 2,Small,Supermarket Type1,0.036127671,4,759.012,117.4782
Low Fat,Dairy,86.6198,Tier 2,Small,Supermarket Type1,0.044917289,4,2529.3742,88.5198
Low Fat,Dairy,102.3648,Tier 2,Small,Supermarket Type1,0.070026951,4,1557.972,263.6226
Low Fat,Dairy,141.8496,Tier 2,Small,Supermarket Type1,0.056785183,4,2399.5432,231.9642
Low Fat,Dairy,210.8612,Tier 2,Small,Supermarket Type1,0.132645493,4,1254.3672,96.9726
Low Fat,Dairy,215.7218,Tier 2,Small,Supermarket Type1,0.079791176,4,1923.4962,232.73
Low Fat,Dairy,184.0924,Tier 2,Small,Supermarket Type1,0.141325834,4,555.2772,265.0884
Low Fat,Dairy,123.3414,Tier 2,Small,Supermarket Type1,0.042233642,4,4751.8146,173.3764
Low Fat,Dairy,122.2072,Tier 2,Small,Supermarket Type1,0.097198194,4,3552.7088,89.8856
Low Fat,Frozen Foods,160.6236,Tier 2,Small,Supermarket Type1,0.022878953,4,1611.236,262.3594
Low Fat,Frozen Foods,163.621,Tier 2,Small,Supermarket Type1,0,4,815.605,237.7906
Low Fat,Frozen Foods,179.5976,Tier 2,Small,Supermarket Type1,0.081996013,4,2173.1712,216.2534
Low Fat,Frozen Foods,177.637,Tier 2,Small,Supermarket Type1,0.015457803,4,4234.488,209.9928
Low Fat,Frozen Foods,121.373,Tier 2,Small,Supermarket Type1,0.065618434,4,369.519,47.6402
Low Fat,Frozen Foods,164.6526,Tier 2,Small,Supermarket Type1,0.025988508,4,657.8104,146.6076
Low Fat,Frozen Foods,33.8874,Tier 2,Small,Supermarket Type1,0.119362409,4,35.2874,249.4434
Low Fat,Frozen Foods,39.7506,Tier 2,Small,Supermarket Type1,0.014689006,4,227.7036,74.5038
Low Fat,Frozen Foods,63.1168,Tier 2,Small,Supermarket Type1,0.026865809,4,191.7504,261.691
Low Fat,Frozen Foods,149.6708,Tier 2,Small,Supermarket Type1,0.056281276,4,300.9416,40.3454
Low Fat,Frozen Foods,166.1158,Tier 2,Small,Supermarket Type1,0.065797601,4,1169.8106,147.805
Low Fat,Frozen Foods,232.7326,Tier 2,Small,Supermarket Type1,0.111902259,4,3696.5216,105.4622
Low Fat,Frozen Foods,139.5838,Tier 2,Small,Supermarket Type1,0.100055601,4,4495.4816,112.4886
Low Fat,Frozen Foods,49.8008,Tier 2,Small,Supermarket Type1,0.037396901,4,303.6048,193.8478
Low Fat,Fruits and Vegetables,258.9962,Tier 2,Small,Supermarket Type1,0.05695045,4,258.9962,177.937
Low Fat,Fruits and Vegetables,198.3742,Tier 2,Small,Supermarket Type1,0.102171627,4,2587.9646,53.8298
Low Fat,Fruits and Vegetables,86.1856,Tier 2,Small,Supermarket Type1,0.012146608,4,1494.0552,37.9848
Low Fat,Fruits and Vegetables,96.0094,Tier 2,Small,Supermarket Type1,0.066608487,4,1713.7692,184.624
Low Fat,Fruits and Vegetables,85.1908,Tier 2,Small,Supermarket Type1,0.128011859,4,671.1264,210.9902
Low Fat,Fruits and Vegetables,57.1904,Tier 2,Small,Supermarket Type1,0.04295842,4,1640.5312,89.3172
Low Fat,Fruits and Vegetables,91.0488,Tier 2,Small,Supermarket Type1,0.035740763,4,1629.8784,131.9284
Low Fat,Fruits and Vegetables,90.5804,Tier 2,Small,Supermarket Type1,0.059835659,4,183.7608,151.3366
Low Fat,Fruits and Vegetables,263.791,Tier 2,Small,Supermarket Type1,0,4,4996.829,177.3002
Low Fat,Fruits and Vegetables,139.818,Tier 2,Small,Supermarket Type1,0.076045655,4,1398.18,96.541
Low Fat,Fruits and Vegetables,218.7508,Tier 2,Small,Supermarket Type1,0.072284689,4,3255.762,49.8034
Low Fat,Fruits and Vegetables,237.759,Tier 2,Small,Supermarket Type1,0.034300475,4,3545.385,253.2356
Low Fat,Fruits and Vegetables,182.0976,Tier 2,Small,Supermarket Type1,0.057385239,4,6157.3184,126.2046
Low Fat,Fruits and Vegetables,116.5466,Tier 2,Small,Supermarket Type1,0.135707553,4,2828.3184,172.5106
Low Fat,Fruits and Vegetables,91.7146,Tier 2,Small,Supermarket Type1,0.014577412,4,2462.7942,160.7262
Low Fat,Fruits and Vegetables,172.0764,Tier 2,Small,Supermarket Type1,0.089884775,4,4466.1864,195.111
Low Fat,Fruits and Vegetables,117.4782,Tier 2,Small,Supermarket Type1,0.03761584,4,2026.0294,109.1886
Low Fat,Fruits and Vegetables,82.8592,Tier 2,Small,Supermarket Type1,0.175962247,4,1733.7432,223.0772
Low Fat,Fruits and Vegetables,123.9046,Tier 2,Small,Supermarket Type1,0.036133463,4,1120.5414,120.1756
Low Fat,Hard Drinks,207.2612,Tier 2,Small,Supermarket Type1,0.122629121,4,4390.2852,175.4396
Low Fat,Hard Drinks,92.4462,Tier 2,Small,Supermarket Type1,0.070431235,4,185.0924,177.5344
Low Fat,Hard Drinks,109.5228,Tier 2,Small,Supermarket Type1,0.112203445,4,994.7052,111.786
Low Fat,Hard Drinks,184.6582,Tier 2,Small,Supermarket Type1,0.021220113,4,5015.4714,55.1298
Low Fat,Hard Drinks,145.8128,Tier 2,Small,Supermarket Type1,0,4,2444.8176,162.0578
Low Fat,Health and Hygiene,170.5422,Tier 2,Small,Supermarket Type1,0.12574524,4,1551.9798,122.473
Low Fat,Health and Hygiene,238.6564,Tier 2,Small,Supermarket Type1,0.067766896,4,3575.346,140.6812
Low Fat,Health and Hygiene,96.041,Tier 2,Small,Supermarket Type1,0.036228067,4,868.869,175.2028
Low Fat,Health and Hygiene,129.6626,Tier 2,Small,Supermarket Type1,0.112249781,4,1836.2764,64.3168
Low Fat,Health and Hygiene,82.5908,Tier 2,Small,Supermarket Type1,0.035186271,4,1510.0344,85.1224
Low Fat,Health and Hygiene,55.264,Tier 2,Small,Supermarket Type1,0.017638893,4,1544.656,132.7626
Low Fat,Health and Hygiene,62.9168,Tier 2,Small,Supermarket Type1,0.008559557,4,1406.1696,117.2492
Low Fat,Health and Hygiene,219.7456,Tier 2,Small,Supermarket Type1,0.077219509,4,884.1824,56.493
Low Fat,Health and Hygiene,102.9332,Tier 2,Small,Supermarket Type1,0.097692448,4,1845.5976,242.4196
Low Fat,Health and Hygiene,261.2594,Tier 2,Small,Supermarket Type1,0.046079558,4,1046.6376,151.5682
Low Fat,Health and Hygiene,144.1102,Tier 2,Small,Supermarket Type1,0.02512588,4,1749.7224,150.4734
Low Fat,Household,84.6908,Tier 2,Small,Supermarket Type1,0.011007815,4,3691.1952,259.5962
Low Fat,Household,138.7838,Tier 2,Small,Supermarket Type1,0.118651919,4,280.9676,263.991
Low Fat,Household,177.4028,Tier 2,Small,Supermarket Type1,0.096862255,4,3896.2616,193.982
Low Fat,Household,179.166,Tier 2,Small,Supermarket Type1,0.026180032,4,3056.022,120.7098
Low Fat,Household,194.7452,Tier 2,Small,Supermarket Type1,0.036530411,4,5872.356,227.801
Low Fat,Household,145.6418,Tier 2,Small,Supermarket Type1,0.120474481,4,3384.2614,165.5868
Low Fat,Household,78.2328,Tier 2,Small,Supermarket Type1,0.177661246,4,1004.0264,170.5422
Low Fat,Household,262.891,Tier 2,Small,Supermarket Type1,0.092997032,4,788.973,55.2956
Low Fat,Household,156.163,Tier 2,Small,Supermarket Type1,0.048050783,4,2816.334,105.6622
Low Fat,Household,145.3128,Tier 2,Small,Supermarket Type1,0,4,1869.5664,163.9184
Low Fat,Household,163.1526,Tier 2,Small,Supermarket Type1,0.033102681,4,1808.9786,116.6124
Low Fat,Household,55.4588,Tier 2,Small,Supermarket Type1,0.041816615,4,343.5528,254.5014
Low Fat,Household,54.9298,Tier 2,Small,Supermarket Type1,0.09264951,4,1348.245,157.8604
Low Fat,Household,51.435,Tier 2,Small,Supermarket Type1,0.009991273,4,499.35,175.537
Low Fat,Household,112.1228,Tier 2,Small,Supermarket Type1,0.059313603,4,1215.7508,238.1248
Low Fat,Household,253.3724,Tier 2,Small,Supermarket Type1,0.072655379,4,755.0172,229.8668
Low Fat,Household,193.1162,Tier 2,Small,Supermarket Type1,0,4,2693.8268,190.8162
Low Fat,Household,60.1536,Tier 2,Small,Supermarket Type1,0.038730229,4,490.0288,166.2842
Low Fat,Household,149.1366,Tier 2,Small,Supermarket Type1,0.113497001,4,4231.8248,253.4724
Low Fat,Household,149.2708,Tier 2,Small,Supermarket Type1,0.012651172,4,2407.5328,123.1414
Low Fat,Household,260.2278,Tier 2,Small,Supermarket Type1,0.129309277,4,4165.2448,188.8872
Low Fat,Household,86.4224,Tier 2,Small,Supermarket Type1,0.041220035,4,511.3344,131.231
Low Fat,Household,56.493,Tier 2,Small,Supermarket Type1,0.01572192,4,509.337,185.6608
Low Fat,Household,98.57,Tier 2,Small,Supermarket Type1,0.041283361,4,2496.75,87.0514
Low Fat,Household,196.1794,Tier 2,Small,Supermarket Type1,0.02594835,4,2926.191,180.0976
Low Fat,Household,50.2666,Tier 2,Small,Supermarket Type1,0.02689477,4,820.2656,76.7354
Low Fat,Meat,195.711,Tier 2,Small,Supermarket Type1,0.119428052,4,5499.508,190.853
Low Fat,Meat,48.3034,Tier 2,Small,Supermarket Type1,0.027059264,4,777.6544,76.467
Low Fat,Meat,263.391,Tier 2,Small,Supermarket Type1,0.098395216,4,6311.784,100.8042
Low Fat,Meat,161.0236,Tier 2,Small,Supermarket Type1,0.052329172,4,3705.8428,243.1512
Low Fat,Meat,108.0254,Tier 2,Small,Supermarket Type1,0.036031137,4,759.6778,60.4562
Low Fat,Others,165.5526,Tier 2,Small,Supermarket Type1,0.120258245,4,1973.4312,141.547
Low Fat,Others,195.111,Tier 2,Small,Supermarket Type1,0.090448534,4,3731.809,194.5478
Low Fat,Others,153.8998,Tier 2,Small,Supermarket Type1,0.06464846,4,2922.1962,253.404
Low Fat,Others,163.0526,Tier 2,Small,Supermarket Type1,0,4,2302.3364,53.8614
Low Fat,Seafood,92.0462,Tier 2,Small,Supermarket Type1,0.031219108,4,277.6386,156.9604
Low Fat,Seafood,142.0154,Tier 2,Small,Supermarket Type1,0.054015429,4,850.8924,196.3768
Low Fat,Snack Foods,139.2496,Tier 2,Small,Supermarket Type1,0.027942357,4,1976.0944,145.076
Low Fat,Snack Foods,163.5526,Tier 2,Small,Supermarket Type1,0.026783871,4,2302.3364,108.157
Low Fat,Snack Foods,110.657,Tier 2,Small,Supermarket Type1,0,4,659.142,153.734
Low Fat,Snack Foods,126.9994,Tier 2,Small,Supermarket Type1,0.159937597,4,1798.9916,93.912
Low Fat,Snack Foods,142.247,Tier 2,Small,Supermarket Type1,0.099101845,4,2004.058,105.828
Low Fat,Snack Foods,167.3158,Tier 2,Small,Supermarket Type1,0.020564685,4,1838.2738,148.2734
Low Fat,Snack Foods,96.9068,Tier 2,Small,Supermarket Type1,0.093278912,4,1458.102,118.7124
Low Fat,Snack Foods,140.4838,Tier 2,Small,Supermarket Type1,0,4,1685.8056,155.463
Low Fat,Snack Foods,87.6856,Tier 2,Small,Supermarket Type1,0.091189915,4,1494.0552,149.3708
Low Fat,Snack Foods,39.2506,Tier 2,Small,Supermarket Type1,0.117613212,4,75.9012,194.2136
Low Fat,Snack Foods,261.291,Tier 2,Small,Supermarket Type1,0.034868095,4,788.973,243.7828
Low Fat,Snack Foods,161.8578,Tier 2,Small,Supermarket Type1,0.118868155,4,3530.0716,229.4694
Low Fat,Snack Foods,198.7426,Tier 2,Small,Supermarket Type1,0.091745951,4,1186.4556,229.0352
Low Fat,Snack Foods,115.3176,Tier 2,Small,Supermarket Type1,0.019031184,4,572.588,235.5248
Low Fat,Snack Foods,113.3544,Tier 2,Small,Supermarket Type1,0.057302606,4,3467.4864,53.3956
Low Fat,Snack Foods,188.9898,Tier 2,Small,Supermarket Type1,0,4,4303.0654,253.0356
Low Fat,Snack Foods,223.0088,Tier 2,Small,Supermarket Type1,0.104859135,4,671.1264,161.8868
Low Fat,Snack Foods,79.0302,Tier 2,Small,Supermarket Type1,0.029933275,4,1901.5248,169.0816
Low Fat,Snack Foods,83.4908,Tier 2,Small,Supermarket Type1,0.052166995,4,503.3448,121.7072
Low Fat,Snack Foods,94.6436,Tier 2,Small,Supermarket Type1,0.054223942,4,4065.3748,142.0154
Low Fat,Snack Foods,90.4172,Tier 2,Small,Supermarket Type1,0.118080437,4,1249.0408,222.6088
Low Fat,Snack Foods,45.3718,Tier 2,Small,Supermarket Type1,0.121227447,4,614.5334,197.5452
Low Fat,Soft Drinks,51.5008,Tier 2,Small,Supermarket Type1,0.070767174,4,607.2096,111.986
Low Fat,Soft Drinks,178.137,Tier 2,Small,Supermarket Type1,0.078957122,4,3175.866,111.986
Low Fat,Soft Drinks,50.8692,Tier 2,Small,Supermarket Type1,0.038917891,4,788.3072,35.919
Low Fat,Soft Drinks,78.5328,Tier 2,Small,Supermarket Type1,0.113307794,4,695.0952,187.0924
Low Fat,Soft Drinks,253.7382,Tier 2,Small,Supermarket Type1,0.03593692,4,2271.0438,41.0138
Low Fat,Soft Drinks,85.5566,Tier 2,Small,Supermarket Type1,0.096379585,4,1860.2452,196.5768
Low Fat,Soft Drinks,240.6222,Tier 2,Small,Supermarket Type1,0.041608488,4,2868.2664,165.4526
Low Fat,Soft Drinks,75.5354,Tier 2,Small,Supermarket Type1,0.03781972,4,1956.1204,191.6188
Low Fat,Starchy Foods,142.8786,Tier 2,Small,Supermarket Type1,0.071230537,4,433.4358,128.102
Regular,Baking Goods,63.2194,Tier 2,Small,Supermarket Type1,0.065771344,4,247.6776,185.324
Regular,Baking Goods,161.1236,Tier 2,Small,Supermarket Type1,0.185824165,4,644.4944,78.5328
Regular,Baking Goods,97.7384,Tier 2,Small,Supermarket Type1,0.128235818,4,98.5384,104.1332
Regular,Baking Goods,132.5284,Tier 2,Small,Supermarket Type1,0.075736746,4,1318.284,265.5568
Regular,Baking Goods,79.4302,Tier 2,Small,Supermarket Type1,0.106731895,4,1743.0644,183.6634
Regular,Baking Goods,105.6938,Tier 2,Small,Supermarket Type1,0.093846532,4,214.3876,95.7068
Regular,Baking Goods,88.283,Tier 2,Small,Supermarket Type1,0.026059557,4,1797.66,241.2196
Regular,Baking Goods,182.5292,Tier 2,Small,Supermarket Type1,0.062516602,4,2736.438,163.9184
Regular,Baking Goods,175.6054,Tier 2,Small,Supermarket Type1,0.059889718,4,2451.4756,168.5132
Regular,Baking Goods,35.0874,Tier 2,Small,Supermarket Type1,0.079281476,4,352.874,100.1042
Regular,Baking Goods,125.5678,Tier 2,Small,Supermarket Type1,0.062212713,4,2543.356,88.1514
Regular,Breads,179.766,Tier 2,Small,Supermarket Type1,0.067688124,4,3056.022,258.8988
Regular,Breads,165.6868,Tier 2,Small,Supermarket Type1,0.022274264,4,3111.9492,101.699
Regular,Breads,121.0072,Tier 2,Small,Supermarket Type1,0.142511272,4,2082.6224,158.7578
Regular,Breads,127.102,Tier 2,Small,Supermarket Type1,0.063851475,4,3415.554,260.4594
Regular,Canned,254.7014,Tier 2,Small,Supermarket Type1,0.101812521,4,3570.0196,232.23
Regular,Canned,65.7484,Tier 2,Small,Supermarket Type1,0.046625941,4,391.4904,154.9998
Regular,Canned,109.957,Tier 2,Small,Supermarket Type1,0.055216312,4,4504.137,125.5046
Regular,Canned,113.8834,Tier 2,Small,Supermarket Type1,0.084749164,4,1382.2008,215.5218
Regular,Canned,233.6616,Tier 2,Small,Supermarket Type1,0.068112874,4,2577.9776,104.599
Regular,Canned,90.3488,Tier 2,Small,Supermarket Type1,0.0120098,4,996.0368,163.1184
Regular,Canned,94.0436,Tier 2,Small,Supermarket Type1,0.030688557,4,1134.5232,85.754
Regular,Canned,195.3452,Tier 2,Small,Supermarket Type1,0.016202582,4,1761.7068,188.2556
Regular,Dairy,241.8196,Tier 2,Small,Supermarket Type1,0.038204311,4,4097.3332,87.7198
Regular,Dairy,164.921,Tier 2,Small,Supermarket Type1,0.071832909,4,2609.936,194.1794
Regular,Dairy,132.9284,Tier 2,Small,Supermarket Type1,0.087629354,4,3295.71,263.491
Regular,Dairy,242.9854,Tier 2,Small,Supermarket Type1,0.009620042,4,2175.1686,121.673
Regular,Dairy,181.466,Tier 2,Small,Supermarket Type1,0.06321435,4,3775.086,88.3856
Regular,Dairy,111.6544,Tier 2,Small,Supermarket Type1,0.107036943,4,1565.9616,220.3772
Regular,Dairy,112.9544,Tier 2,Small,Supermarket Type1,0.065051586,4,2908.2144,76.1986
Regular,Dairy,221.5798,Tier 2,Small,Supermarket Type1,0.063319379,4,5509.495,180.9318
Regular,Dairy,159.4578,Tier 2,Small,Supermarket Type1,0.042610897,4,160.4578,117.2782
Regular,Dairy,118.4808,Tier 2,Small,Supermarket Type1,0.183260221,4,1640.5312,108.557
Regular,Dairy,164.8526,Tier 2,Small,Supermarket Type1,0.022507877,4,2631.2416,248.1092
Regular,Dairy,183.8608,Tier 2,Small,Supermarket Type1,0.07614605,4,2572.6512,197.0794
Regular,Dairy,43.3086,Tier 2,Small,Supermarket Type1,0.030504756,4,624.5204,212.6244
Regular,Dairy,229.7668,Tier 2,Small,Supermarket Type1,0.047482391,4,3916.2356,215.9876
Regular,Frozen Foods,215.5218,Tier 2,Small,Supermarket Type1,0.034350673,4,4915.6014,112.7544
Regular,Frozen Foods,40.8454,Tier 2,Small,Supermarket Type1,0.104998144,4,587.2356,213.2218
Regular,Frozen Foods,179.7634,Tier 2,Small,Supermarket Type1,0.149986868,4,1817.634,158.8288
Regular,Frozen Foods,227.272,Tier 2,Small,Supermarket Type1,0.137618927,4,7017.532,161.5236
Regular,Frozen Foods,39.4164,Tier 2,Small,Supermarket Type1,0.041994624,4,154.4656,194.782
Regular,Frozen Foods,231.1984,Tier 2,Small,Supermarket Type1,0.098765906,4,5097.3648,196.3768
Regular,Frozen Foods,79.8644,Tier 2,Small,Supermarket Type1,0.072898645,4,785.644,198.1426
Regular,Frozen Foods,248.8092,Tier 2,Small,Supermarket Type1,0.08062523,4,5976.2208,259.6936
Regular,Frozen Foods,242.9512,Tier 2,Small,Supermarket Type1,0.025891588,4,4847.024,165.121
Regular,Frozen Foods,234.4958,Tier 2,Small,Supermarket Type1,0.105125569,4,1635.8706,143.2812
Regular,Frozen Foods,172.4106,Tier 2,Small,Supermarket Type1,0.110010191,4,4277.765,38.8506
Regular,Frozen Foods,98.6384,Tier 2,Small,Supermarket Type1,0.047792845,4,1970.768,126.1362
Regular,Frozen Foods,62.5168,Tier 2,Small,Supermarket Type1,0.159698192,4,1534.0032,32.0558
Regular,Frozen Foods,186.7898,Tier 2,Small,Supermarket Type1,0.097294728,4,561.2694,47.7718
Regular,Fruits and Vegetables,94.1462,Tier 2,Small,Supermarket Type1,0.038749536,4,832.9158,262.0252
Regular,Fruits and Vegetables,154.6998,Tier 2,Small,Supermarket Type1,0.077304459,4,3229.7958,257.633
Regular,Fruits and Vegetables,164.121,Tier 2,Small,Supermarket Type1,0.039836895,4,2773.057,191.6188
Regular,Fruits and Vegetables,92.3488,Tier 2,Small,Supermarket Type1,0.068925304,4,1177.1344,196.9768
Regular,Fruits and Vegetables,81.825,Tier 2,Small,Supermarket Type1,0.00552947,4,83.225,169.279
Regular,Fruits and Vegetables,256.0672,Tier 2,Small,Supermarket Type1,0,4,2045.3376,169.6448
Regular,Fruits and Vegetables,264.8884,Tier 2,Small,Supermarket Type1,0.103758647,4,2914.8724,177.0054
Regular,Fruits and Vegetables,190.4188,Tier 2,Small,Supermarket Type1,0.046599684,4,952.094,125.1388
Regular,Fruits and Vegetables,41.548,Tier 2,Small,Supermarket Type1,0.094279004,4,79.896,86.3882
Regular,Fruits and Vegetables,175.2396,Tier 2,Small,Supermarket Type1,0.022914478,4,2093.2752,181.195
Regular,Fruits and Vegetables,186.8556,Tier 2,Small,Supermarket Type1,0.161474419,4,7322.4684,62.9168
Regular,Meat,35.2874,Tier 2,Small,Supermarket Type1,0.036903419,4,388.1614,175.137
Regular,Meat,182.0608,Tier 2,Small,Supermarket Type1,0.057410724,4,7717.9536,149.5366
Regular,Meat,71.338,Tier 2,Small,Supermarket Type1,0.02592132,4,1098.57,101.9674
Regular,Meat,44.9086,Tier 2,Small,Supermarket Type1,0.033754478,4,802.9548,199.0426
Regular,Meat,34.9532,Tier 2,Small,Supermarket Type1,0.077999504,4,539.298,238.0248
Regular,Meat,217.185,Tier 2,Small,Supermarket Type1,0.020942867,4,432.77,260.2936
Regular,Meat,199.3426,Tier 2,Small,Supermarket Type1,0.151044881,4,395.4852,79.2276
Regular,Snack Foods,190.453,Tier 2,Small,Supermarket Type1,0.129479176,4,379.506,139.7838
Regular,Snack Foods,150.9024,Tier 2,Small,Supermarket Type1,0.088178053,4,303.6048,122.6756
Regular,Snack Foods,36.3506,Tier 2,Small,Supermarket Type1,0.010914988,4,872.8638,183.8608
Regular,Snack Foods,61.0194,Tier 2,Small,Supermarket Type1,0.093746136,4,1052.6298,211.9244
Regular,Snack Foods,140.2496,Tier 2,Small,Supermarket Type1,0.086764795,4,2681.8424,156.7972
Regular,Snack Foods,144.947,Tier 2,Small,Supermarket Type1,0.009761175,4,3435.528,226.9404
Regular,Snack Foods,194.2794,Tier 2,Small,Supermarket Type1,0,4,4291.7468,78.396
Regular,Snack Foods,159.7578,Tier 2,Small,Supermarket Type1,0.012749289,4,641.8312,58.8588
Regular,Snack Foods,190.853,Tier 2,Small,Supermarket Type1,0.041949832,4,4364.319,54.064
Regular,Snack Foods,114.8518,Tier 2,Small,Supermarket Type1,0.067064128,4,2163.1842,257.9304
Regular,Snack Foods,229.4694,Tier 2,Small,Supermarket Type1,0.012260981,4,5937.6044,131.7284
Regular,Snack Foods,98.4042,Tier 2,Small,Supermarket Type1,0.159690469,4,1388.8588,142.4128
Regular,Snack Foods,164.7184,Tier 2,Small,Supermarket Type1,0.039214444,4,495.3552,98.241
Regular,Starchy Foods,83.9908,Tier 2,Small,Supermarket Type1,0.053170949,4,167.7816,45.606
reg,Soft Drinks,193.3794,Tier 2,Small,Supermarket Type1,0.044976367,4,4291.7468,176.2054
LF,Dairy,108.757,Tier 3,Medium,Grocery Store,0.145913308,4,1867.569,95.441
LF,Frozen Foods,229.9694,Tier 3,Medium,Grocery Store,0.148673586,4,4567.388,197.2452
LF,Fruits and Vegetables,51.235,Tier 3,Medium,Grocery Store,0.142732848,4,49.935,167.95
LF,Fruits and Vegetables,165.5868,Tier 3,Medium,Grocery Store,0.290430317,4,5404.9644,130.6652
LF,Health and Hygiene,101.9674,Tier 3,Medium,Grocery Store,0.163548055,4,1731.7458,239.3196
LF,Health and Hygiene,103.2332,Tier 3,Medium,Grocery Store,0.025002878,4,1845.5976,140.4154
LF,Household,123.0072,Tier 3,Medium,Grocery Store,0.048661041,4,1960.1152,123.7414
LF,Household,143.447,Tier 3,Medium,Grocery Store,0.045655118,4,2290.352,169.8106
LF,Household,229.9694,Tier 3,Medium,Grocery Store,0.048004263,4,4339.0186,117.5808
LF,Household,179.4344,Tier 3,Medium,Grocery Store,0.274405193,4,6066.7696,117.1124
LF,Snack Foods,108.0912,Tier 3,Medium,Grocery Store,0,4,1965.4416,62.151
Low Fat,Baking Goods,98.4042,Tier 3,Medium,Grocery Store,0.172856719,4,99.2042,148.205
Low Fat,Baking Goods,184.0608,Tier 3,Medium,Grocery Store,0.049697923,4,6431.628,95.0436
Low Fat,Baking Goods,122.4098,Tier 3,Medium,Grocery Store,0.094460314,4,3735.8038,245.3118
Low Fat,Baking Goods,189.1214,Tier 3,Medium,Grocery Store,0.15643727,4,2261.0568,142.0812
Low Fat,Baking Goods,211.3586,Tier 3,Medium,Grocery Store,0.127334766,4,422.1172,88.283
Low Fat,Baking Goods,165.3158,Tier 3,Medium,Grocery Store,0.046496777,4,334.2316,149.6708
Low Fat,Baking Goods,59.6904,Tier 3,Medium,Grocery Store,0.044024163,4,937.4464,125.902
Low Fat,Baking Goods,62.9168,Tier 3,Medium,Grocery Store,0.0926587,4,1086.5856,131.4284
Low Fat,Breakfast,98.3042,Tier 3,Medium,Grocery Store,0.105742544,4,198.4084,130.5626
Low Fat,Breakfast,147.3102,Tier 3,Medium,Grocery Store,0.035780177,4,291.6204,230.2326
Low Fat,Dairy,111.286,Tier 3,Medium,Grocery Store,0.222063351,4,2263.72,99.6726
Low Fat,Dairy,43.3454,Tier 3,Medium,Grocery Store,0.103752817,4,922.7988,155.1998
Low Fat,Dairy,253.4724,Tier 3,Medium,Grocery Store,0.05869048,4,2013.3792,91.612
Low Fat,Dairy,164.4184,Tier 3,Medium,Grocery Store,0.124910635,4,2641.8944,109.6228
Low Fat,Frozen Foods,150.4708,Tier 3,Medium,Grocery Store,0.109784056,4,2257.062,256.0646
Low Fat,Frozen Foods,257.133,Tier 3,Medium,Grocery Store,0,4,7433.657,263.291
Low Fat,Frozen Foods,114.7518,Tier 3,Medium,Grocery Store,0.054610829,4,455.4072,237.1906
Low Fat,Frozen Foods,182.5266,Tier 3,Medium,Grocery Store,0.075661985,4,1290.9862,181.366
Low Fat,Frozen Foods,34.619,Tier 3,Medium,Grocery Store,0.054612768,4,36.619,150.2392
Low Fat,Frozen Foods,108.5596,Tier 3,Medium,Grocery Store,0.110152524,4,1725.7536,150.205
Low Fat,Fruits and Vegetables,86.6224,Tier 3,Medium,Grocery Store,0.176748258,4,1619.2256,82.7908
Low Fat,Fruits and Vegetables,64.7826,Tier 3,Medium,Grocery Store,0.216323008,4,904.1564,165.021
Low Fat,Fruits and Vegetables,143.7812,Tier 3,Medium,Grocery Store,0,4,1994.7368,186.7898
Low Fat,Fruits and Vegetables,92.5488,Tier 3,Medium,Grocery Store,0.051970788,4,2625.9152,103.699
Low Fat,Fruits and Vegetables,39.3138,Tier 3,Medium,Grocery Store,0.121012632,4,974.7312,49.4034
Low Fat,Fruits and Vegetables,153.1656,Tier 3,Medium,Grocery Store,0.057422821,4,1853.5872,253.7356
Low Fat,Fruits and Vegetables,172.6764,Tier 3,Medium,Grocery Store,0.130127365,4,6183.9504,96.2094
Low Fat,Hard Drinks,163.9184,Tier 3,Medium,Grocery Store,0.057585723,4,3137.2496,113.7834
Low Fat,Hard Drinks,144.8102,Tier 3,Medium,Grocery Store,0.073288275,4,291.6204,189.1846
Low Fat,Hard Drinks,72.4038,Tier 3,Medium,Grocery Store,0.142425145,4,739.038,189.9872
Low Fat,Hard Drinks,161.5236,Tier 3,Medium,Grocery Store,0.03242518,4,1772.3596,38.8164
Low Fat,Hard Drinks,122.4756,Tier 3,Medium,Grocery Store,0,4,605.878,43.377
Low Fat,Health and Hygiene,142.7786,Tier 3,Medium,Grocery Store,0.071557769,4,144.4786,165.7842
Low Fat,Health and Hygiene,124.1046,Tier 3,Medium,Grocery Store,0.210511558,4,1120.5414,121.373
Low Fat,Health and Hygiene,217.685,Tier 3,Medium,Grocery Store,0.255348289,4,2163.85,84.4224
Low Fat,Health and Hygiene,76.1328,Tier 3,Medium,Grocery Store,0.031490111,4,772.328,239.088
Low Fat,Health and Hygiene,100.1384,Tier 3,Medium,Grocery Store,0.190711254,4,2167.8448,159.1604
Low Fat,Health and Hygiene,41.6796,Tier 3,Medium,Grocery Store,0.050562853,4,495.3552,153.3656
Low Fat,Health and Hygiene,43.4454,Tier 3,Medium,Grocery Store,0.029529474,4,41.9454,132.6626
Low Fat,Health and Hygiene,39.6506,Tier 3,Medium,Grocery Store,0.132952286,4,834.9132,37.6506
Low Fat,Health and Hygiene,177.5712,Tier 3,Medium,Grocery Store,0.031549131,4,2636.568,99.0384
Low Fat,Health and Hygiene,259.5962,Tier 3,Medium,Grocery Store,0,4,2848.9582,65.3168
Low Fat,Health and Hygiene,37.9532,Tier 3,Medium,Grocery Store,0.042324556,4,575.2512,150.9024
Low Fat,Household,37.5532,Tier 3,Medium,Grocery Store,0.045308629,4,1366.2216,173.1396
Low Fat,Household,104.099,Tier 3,Medium,Grocery Store,0.309390255,4,412.796,33.2216
Low Fat,Household,121.373,Tier 3,Medium,Grocery Store,0.026814124,4,123.173,103.7964
Low Fat,Household,87.0198,Tier 3,Medium,Grocery Store,0.049617765,4,697.7584,44.2086
Low Fat,Household,60.0194,Tier 3,Medium,Grocery Store,0.12163321,4,123.8388,161.692
Low Fat,Household,110.857,Tier 3,Medium,Grocery Store,0.014719325,4,1977.426,196.911
Low Fat,Household,189.7504,Tier 3,Medium,Grocery Store,0.120624771,4,2492.7552,261.7594
Low Fat,Household,39.9506,Tier 3,Medium,Grocery Store,0.02844314,4,721.0614,98.141
Low Fat,Household,101.2042,Tier 3,Medium,Grocery Store,0.020993364,4,396.8168,166.8474
Low Fat,Household,35.1532,Tier 3,Medium,Grocery Store,0.079299474,4,790.9704,170.5422
Low Fat,Household,95.9436,Tier 3,Medium,Grocery Store,0.097865088,4,2741.7644,221.8456
Low Fat,Household,87.8172,Tier 3,Medium,Grocery Store,0.216478153,4,1070.6064,190.1872
Low Fat,Household,36.2506,Tier 3,High,Grocery Store,0.124261614,4,834.9132,93.6462
Low Fat,Household,210.4902,Tier 3,High,Grocery Store,0.118827682,4,3610.6334,75.0696
Low Fat,Meat,247.2776,Tier 3,High,Grocery Store,0.02414202,4,5944.2624,117.415
Low Fat,Meat,49.8008,Tier 3,High,Grocery Store,0.164724567,4,1062.6168,98.4042
Low Fat,Meat,63.7194,Tier 3,High,Grocery Store,0.116203156,4,1362.2268,53.5324
Low Fat,Meat,144.847,Tier 3,High,Grocery Store,0.087604871,4,1717.764,242.2512
Low Fat,Others,100.9042,Tier 3,High,Grocery Store,0,4,2083.2882,56.4614
Low Fat,Others,145.8786,Tier 3,High,Grocery Store,0.15385153,4,288.9572,185.1608
Low Fat,Seafood,89.3172,Tier 3,High,Grocery Store,0.036045991,4,2051.9956,107.5596
Low Fat,Snack Foods,49.0034,Tier 3,High,Grocery Store,0.09512291,4,826.2578,212.3218
Low Fat,Snack Foods,149.2392,Tier 3,High,Grocery Store,0.1422157,4,4026.7584,108.7912
Low Fat,Snack Foods,49.6692,Tier 3,High,Grocery Store,0.180588082,4,788.3072,182.2634
Low Fat,Snack Foods,105.6622,Tier 3,High,Grocery Store,0.161039887,4,1693.7952,210.2612
Low Fat,Snack Foods,258.2646,Tier 3,High,Grocery Store,0.112036236,4,5410.9566,174.937
Low Fat,Snack Foods,113.2834,Tier 3,High,Grocery Store,0.082526478,4,4376.9692,191.8478
Low Fat,Snack Foods,188.0556,Tier 3,High,Grocery Store,0.118297605,4,938.778,175.037
Low Fat,Soft Drinks,45.906,Tier 3,High,Grocery Store,0.112906337,4,1118.544,243.5486
Low Fat,Soft Drinks,160.9236,Tier 3,High,Grocery Store,0.279783532,4,2255.7304,241.8512
Low Fat,Soft Drinks,123.9704,Tier 3,High,Grocery Store,0.180096791,4,2253.0672,57.3904
Regular,Baking Goods,254.8698,Tier 3,High,Grocery Store,0.223440258,4,4819.7262,52.2298
Regular,Baking Goods,161.621,Tier 3,High,Grocery Store,0.311090379,4,2120.573,79.2328
Regular,Baking Goods,77.896,Tier 3,High,Grocery Store,0.126791761,4,1278.336,262.1568
Regular,Baking Goods,37.9532,Tier 3,High,Grocery Store,0.100262068,4,1078.596,169.6132
Regular,Breads,120.3124,Tier 3,High,Grocery Store,0.281509514,4,474.0496,33.8874
Regular,Breads,174.0422,Tier 3,High,Grocery Store,0.050657232,4,1724.422,249.9092
Regular,Breakfast,168.7132,Tier 3,High,Grocery Store,0.10154201,4,338.2264,173.7712
Regular,Breakfast,265.1568,Tier 3,High,Grocery Store,0.209600084,4,2109.2544,40.348
Regular,Canned,110.357,Tier 3,High,Grocery Store,0.024482433,4,3185.853,205.7638
Regular,Canned,257.3672,Tier 3,High,Grocery Store,0.06904249,4,2045.3376,41.4454
Regular,Canned,107.028,Tier 3,High,Grocery Store,0.078347922,4,2876.256,141.8838
Regular,Canned,121.144,Tier 3,High,Grocery Store,0.142189843,4,1438.128,153.8314
Regular,Dairy,84.0908,Tier 3,High,Grocery Store,0.241055611,4,419.454,238.5222
Regular,Dairy,45.9376,Tier 3,High,Grocery Store,0.012620221,4,575.2512,144.8102
Regular,Dairy,262.1252,Tier 3,High,Grocery Store,0.051068365,4,786.9756,213.0244
Regular,Frozen Foods,120.7782,Tier 3,High,Grocery Store,0.221856492,4,1072.6038,231.8668
Regular,Frozen Foods,214.4218,Tier 3,High,Grocery Store,0.175991929,4,5343.045,140.7812
Regular,Frozen Foods,235.8932,Tier 3,High,Grocery Store,0.162882227,4,942.7728,46.8718
Regular,Frozen Foods,179.8344,Tier 3,High,Grocery Store,0.032136417,4,1249.0408,83.9592
Regular,Fruits and Vegetables,97.8384,Tier 3,High,Grocery Store,0.147904328,4,2069.3064,116.6466
Regular,Fruits and Vegetables,234.2616,Tier 3,High,Grocery Store,0.058835928,4,4687.232,170.2448
Regular,Fruits and Vegetables,141.8838,Tier 3,High,Grocery Store,0.089688978,4,280.9676,225.5088
Regular,Fruits and Vegetables,192.2478,Tier 3,High,Grocery Store,0,4,7943.6598,80.8592
Regular,Fruits and Vegetables,36.7164,Tier 3,High,Grocery Store,0.107469819,4,849.5608,77.8012
Regular,Fruits and Vegetables,107.7938,Tier 3,High,Grocery Store,0.071904258,4,2251.0698,106.8254
Regular,Fruits and Vegetables,140.0154,Tier 3,High,Grocery Store,0.157154813,4,3119.9388,62.2194
Regular,Fruits and Vegetables,260.2962,Tier 3,High,Grocery Store,0.173703549,4,1035.9848,175.8054
Regular,Fruits and Vegetables,149.8024,Tier 3,High,Grocery Store,0.204984538,4,1821.6288,111.0544
Regular,Fruits and Vegetables,110.2886,Tier 3,High,Grocery Store,0.193477995,4,778.3202,55.9246
Regular,Fruits and Vegetables,182.7634,Tier 3,High,Grocery Store,0.104463896,4,3453.5046,227.1062
Regular,Fruits and Vegetables,80.096,Tier 3,High,Grocery Store,0.133424184,4,239.688,102.2332
Regular,Fruits and Vegetables,56.893,Tier 3,High,Grocery Store,0.15783357,4,1188.453,87.5882
Regular,Fruits and Vegetables,108.8596,Tier 3,High,Grocery Store,0,4,970.7364,46.4744
Regular,Fruits and Vegetables,258.462,Tier 3,High,Grocery Store,0.024815024,4,4673.916,234.0958
Regular,Fruits and Vegetables,50.5666,Tier 3,High,Grocery Store,0.16767231,4,922.7988,124.2388
Regular,Meat,154.1656,Tier 3,High,Grocery Store,0.10239789,4,617.8624,122.1388
Regular,Meat,141.2154,Tier 3,High,Grocery Store,0.07871639,4,709.077,183.5608
Regular,Meat,213.9876,Tier 3,High,Grocery Store,0.018275816,4,2143.876,110.8544
Regular,Meat,35.7558,Tier 3,High,Grocery Store,0.083147702,4,577.2486,210.1586
Regular,Meat,162.5526,Tier 3,High,Grocery Store,0.029377239,4,328.9052,46.1718
Regular,Meat,255.9356,Tier 3,High,Grocery Store,0.28701714,4,4832.3764,48.8376
Regular,Seafood,77.667,Tier 3,High,Grocery Store,0.036109859,4,2220.443,186.5582
Regular,Snack Foods,41.6112,Tier 3,High,Grocery Store,0.04937018,4,255.6672,106.7622
Regular,Snack Foods,163.6526,Tier 3,High,Grocery Store,0.02346559,4,1151.1682,197.6084
Regular,Snack Foods,156.6314,Tier 3,High,Grocery Store,0.145253944,4,1241.0512,156.8972
Regular,Snack Foods,157.6604,Tier 3,High,Grocery Store,0.062885197,4,316.9208,106.7254
Regular,Snack Foods,157.0288,Tier 3,High,Grocery Store,0.043386131,4,2985.4472,80.2302
Regular,Snack Foods,88.7172,Tier 3,Small,Grocery Store,0.103849783,4,3301.0364,58.8562
Regular,Soft Drinks,120.344,Tier 3,Small,Grocery Store,0.214125129,4,1797.66,183.9924
Regular,Soft Drinks,176.6344,Tier 3,Small,Grocery Store,0.066831682,4,2676.516,163.8868
Regular,Soft Drinks,170.8448,Tier 3,Small,Grocery Store,0.129170642,4,4942.8992,233.9958
Regular,Starchy Foods,83.825,Tier 3,Small,Grocery Store,0.238366442,4,1414.825,171.8448
Regular,Starchy Foods,45.906,Tier 3,Small,Grocery Store,0.21561193,4,885.514,98.6068
low fat,Hard Drinks,36.2848,Tier 3,Small,Grocery Store,0.126287542,4,1155.8288,235.5616
low fat,Household,113.4518,Tier 3,Small,Grocery Store,0.080442371,4,1593.9252,107.7622
low fat,Others,184.8266,Tier 3,Small,Grocery Store,0.136124989,4,2766.399,38.319
reg,Baking Goods,187.624,Tier 3,Small,Grocery Store,0.117026714,4,1491.392,189.2214
reg,Canned,143.4812,Tier 3,Small,Grocery Store,0.05382735,4,854.8872,155.2972
reg,Frozen Foods,173.7764,Tier 3,Small,Grocery Store,0.077145553,4,4637.9628,39.8506
reg,Fruits and Vegetables,187.5898,Tier 3,Small,Grocery Store,0.199955274,4,2432.1674,182.3976
reg,Meat,97.0068,Tier 3,Small,Grocery Store,0.016516867,4,1944.136,151.1366
reg,Starchy Foods,180.5292,Tier 3,Small,Grocery Store,0.091437584,4,2189.1504,64.3168
LF,Canned,37.2874,Tier 3,High,Supermarket Type1,0.041071581,4,176.437,82.5934
LF,Canned,95.8726,Tier 3,High,Supermarket Type1,0,4,1076.5986,117.3124
LF,Frozen Foods,244.0144,Tier 3,High,Supermarket Type1,0.01544786,4,5635.3312,211.2928
LF,Frozen Foods,34.2532,Tier 3,High,Supermarket Type1,0.041703666,4,467.3916,109.1912
LF,Fruits and Vegetables,38.748,Tier 3,High,Supermarket Type1,0.055081623,4,79.896,128.8994
LF,Health and Hygiene,183.495,Tier 3,High,Supermarket Type1,0.055943697,4,4577.375,150.6024
LF,Household,93.0804,Tier 3,High,Supermarket Type1,0.067239404,4,826.9236,39.6796
LF,Others,222.5088,Tier 3,High,Supermarket Type1,0.111209003,4,7158.6816,107.7912
LF,Others,163.4552,Tier 3,High,Supermarket Type1,0.02312394,4,2599.2832,154.634
Low Fat,Baking Goods,96.541,Tier 3,High,Supermarket Type1,0.037465846,4,3765.099,47.5034
Low Fat,Baking Goods,158.363,Tier 3,High,Supermarket Type1,0.031377308,4,4068.038,93.6462
Low Fat,Baking Goods,147.7734,Tier 3,High,Supermarket Type1,0.173973652,4,2078.6276,126.5362
Low Fat,Baking Goods,35.6874,Tier 3,High,Supermarket Type1,0.102893121,4,952.7598,141.947
Low Fat,Baking Goods,176.837,Tier 3,High,Supermarket Type1,0.04714777,4,1411.496,102.4016
Low Fat,Baking Goods,223.1404,Tier 3,High,Supermarket Type1,0.078678276,4,450.0808,177.037
Low Fat,Baking Goods,171.7448,Tier 3,High,Supermarket Type1,0,4,4431.5648,37.2874
Low Fat,Baking Goods,110.6544,Tier 3,High,Supermarket Type1,0.032845997,4,1901.5248,106.7938
Low Fat,Baking Goods,62.4194,Tier 3,High,Supermarket Type1,0.054884821,4,2291.0178,195.3452
Low Fat,Baking Goods,185.7608,Tier 3,High,Supermarket Type1,0,4,1470.0864,101.9016
Low Fat,Baking Goods,156.863,Tier 3,High,Supermarket Type1,0.008533716,4,2972.797,78.5618
Low Fat,Baking Goods,194.711,Tier 3,High,Supermarket Type1,0.034340926,4,196.411,45.4086
Low Fat,Baking Goods,95.8068,Tier 3,High,Supermarket Type1,0.032421521,4,1263.6884,181.666
Low Fat,Breads,208.9928,Tier 3,High,Supermarket Type1,0.024505418,4,9678.0688,102.9332
Low Fat,Breads,150.6682,Tier 3,High,Supermarket Type1,0.051618281,4,457.4046,31.9558
Low Fat,Breads,45.406,Tier 3,High,Supermarket Type1,0.020680499,4,1118.544,197.2742
Low Fat,Breads,163.2526,Tier 3,High,Supermarket Type1,0.081719458,4,1480.0734,178.037
Low Fat,Breads,104.5332,Tier 3,High,Supermarket Type1,0.146305498,4,2563.33,94.1436
Low Fat,Breakfast,170.5422,Tier 3,High,Supermarket Type1,0.063122753,4,3103.9596,131.3626
Low Fat,Breakfast,158.8288,Tier 3,High,Supermarket Type1,0.089186387,4,1414.1592,193.3478
Low Fat,Canned,254.2698,Tier 3,High,Supermarket Type1,0.028339599,4,1775.6886,162.4894
Low Fat,Canned,174.937,Tier 3,High,Supermarket Type1,0.079279489,4,176.437,77.2644
Low Fat,Canned,83.7592,Tier 3,High,Supermarket Type1,0.088931701,4,1403.5064,143.3786
Low Fat,Canned,60.622,Tier 3,High,Supermarket Type1,0.010632752,4,778.986,82.5908
Low Fat,Canned,36.019,Tier 3,High,Supermarket Type1,0.030102335,4,73.238,74.767
Low Fat,Canned,60.8536,Tier 3,High,Supermarket Type1,0.122392031,4,918.804,133.1942
Low Fat,Canned,83.6224,Tier 3,High,Supermarket Type1,0,4,3494.1184,100.57
Low Fat,Canned,114.8518,Tier 3,High,Supermarket Type1,0.078103689,4,1707.777,91.1804
Low Fat,Canned,102.1332,Tier 3,High,Supermarket Type1,0.042614361,4,1743.0644,255.333
Low Fat,Dairy,102.8306,Tier 3,High,Supermarket Type1,0.0226848,4,1986.0814,178.1028
Low Fat,Dairy,58.9246,Tier 3,High,Supermarket Type1,0,4,926.7936,60.1536
Low Fat,Dairy,116.4492,Tier 3,High,Supermarket Type1,0.049922304,4,2780.3808,156.9288
Low Fat,Dairy,181.9608,Tier 3,High,Supermarket Type1,0.044888397,4,2388.8904,87.3198
Low Fat,Dairy,146.3102,Tier 3,High,Supermarket Type1,0.016009057,4,3645.255,250.6092
Low Fat,Dairy,156.1972,Tier 3,High,Supermarket Type1,0.069981909,4,1869.5664,263.0226
Low Fat,Dairy,86.4882,Tier 3,High,Supermarket Type1,0.173904193,4,1631.8758,52.3298
Low Fat,Dairy,198.1426,Tier 3,High,Supermarket Type1,0.075515154,4,3757.1094,167.2158
Low Fat,Dairy,261.091,Tier 3,High,Supermarket Type1,0.057012606,4,2366.919,225.0404
Low Fat,Dairy,47.1744,Tier 3,High,Supermarket Type1,0,4,90.5488,182.5292
Low Fat,Dairy,121.973,Tier 3,High,Supermarket Type1,0.005230786,4,2463.46,265.1884
Low Fat,Dairy,90.783,Tier 3,High,Supermarket Type1,0.044460448,4,1258.362,88.7856
Low Fat,Dairy,223.8088,Tier 3,High,Supermarket Type1,0.04280113,4,5592.72,178.3028
Low Fat,Frozen Foods,182.7292,Tier 3,High,Supermarket Type1,0.072238195,4,4925.5884,120.0098
Low Fat,Frozen Foods,180.3318,Tier 3,High,Supermarket Type1,0.086384841,4,2345.6134,153.2998
Low Fat,Frozen Foods,101.3016,Tier 3,High,Supermarket Type1,0.022548195,4,2327.6368,95.7068
Low Fat,Frozen Foods,140.2496,Tier 3,High,Supermarket Type1,0.086060695,4,2681.8424,149.8076
Low Fat,Frozen Foods,184.4924,Tier 3,High,Supermarket Type1,0.032599801,4,3146.5708,238.1906
Low Fat,Frozen Foods,49.7692,Tier 3,High,Supermarket Type1,0.008828341,4,837.5764,99.9384
Low Fat,Frozen Foods,165.7842,Tier 3,High,Supermarket Type1,0.115233813,4,2652.5472,94.4094
Low Fat,Frozen Foods,264.5884,Tier 3,High,Supermarket Type1,0.168312678,4,5829.7448,45.906
Low Fat,Frozen Foods,43.5454,Tier 3,High,Supermarket Type1,0.098910759,4,838.908,37.6164
Low Fat,Frozen Foods,192.5478,Tier 3,High,Supermarket Type1,0.014007727,4,2906.217,38.319
Low Fat,Frozen Foods,79.796,Tier 3,High,Supermarket Type1,0,4,4074.696,258.3304
Low Fat,Frozen Foods,85.3566,Tier 3,High,Supermarket Type1,0.06575528,4,1775.6886,151.505
Low Fat,Fruits and Vegetables,258.6304,Tier 3,High,Supermarket Type1,0.012138795,4,516.6608,39.2848
Low Fat,Fruits and Vegetables,147.805,Tier 3,High,Supermarket Type1,0,4,1947.465,120.5414
Low Fat,Fruits and Vegetables,45.077,Tier 3,High,Supermarket Type1,0.129889831,4,605.878,185.3898
Low Fat,Fruits and Vegetables,125.9336,Tier 3,High,Supermarket Type1,0,4,7158.6816,129.3652
Low Fat,Fruits and Vegetables,41.7112,Tier 3,High,Supermarket Type1,0.12150063,4,383.5008,46.8402
Low Fat,Fruits and Vegetables,45.6744,Tier 3,High,Supermarket Type1,0.031023835,4,633.8416,104.099
Low Fat,Fruits and Vegetables,227.4694,Tier 3,High,Supermarket Type1,0.075996742,4,3197.1716,97.141
Low Fat,Fruits and Vegetables,47.6376,Tier 3,High,Supermarket Type1,0.033192524,4,335.5632,199.0768
Low Fat,Fruits and Vegetables,171.7738,Tier 3,High,Supermarket Type1,0,4,2432.8332,179.9976
Low Fat,Fruits and Vegetables,160.9578,Tier 3,High,Supermarket Type1,0.172453254,4,1444.1202,115.1518
Low Fat,Fruits and Vegetables,254.704,Tier 3,High,Supermarket Type1,0.08982696,4,3036.048,197.111
Low Fat,Fruits and Vegetables,189.1846,Tier 3,High,Supermarket Type1,0.041330512,4,382.1692,115.8466
Low Fat,Fruits and Vegetables,242.4196,Tier 3,High,Supermarket Type1,0.020587886,4,5543.4508,89.583
Low Fat,Hard Drinks,171.5106,Tier 3,High,Supermarket Type1,0.070189131,4,1539.9954,37.9532
Low Fat,Hard Drinks,63.6484,Tier 3,High,Supermarket Type1,0.042256257,4,65.2484,124.4388
Low Fat,Hard Drinks,110.1544,Tier 3,High,Supermarket Type1,0.016812745,4,1230.3984,180.666
Low Fat,Hard Drinks,225.5088,Tier 3,High,Supermarket Type1,0.14048631,4,1342.2528,252.7382
Low Fat,Hard Drinks,119.7466,Tier 3,High,Supermarket Type1,0.135620265,4,2003.3922,172.9422
Low Fat,Health and Hygiene,153.0656,Tier 3,High,Supermarket Type1,0.046520703,4,4170.5712,97.7384
Low Fat,Health and Hygiene,239.3196,Tier 3,High,Supermarket Type1,0.089078338,4,723.0588,147.1102
Low Fat,Health and Hygiene,54.9956,Tier 3,High,Supermarket Type1,0.032229348,4,109.1912,163.2526
Low Fat,Health and Hygiene,129.2626,Tier 3,High,Supermarket Type1,0.020960615,4,1311.626,133.2942
Low Fat,Health and Hygiene,89.5856,Tier 3,High,Supermarket Type1,0.028838938,4,175.7712,129.331
Low Fat,Health and Hygiene,187.4556,Tier 3,High,Supermarket Type1,0.017024598,4,7510.224,109.8228
Low Fat,Health and Hygiene,156.9604,Tier 3,High,Supermarket Type1,0.032862976,4,1584.604,238.6906
Low Fat,Health and Hygiene,249.575,Tier 3,High,Supermarket Type1,0.012627329,4,499.35,38.7506
Low Fat,Health and Hygiene,97.4726,Tier 3,High,Supermarket Type1,0.04604992,4,1174.4712,151.9682
Low Fat,Health and Hygiene,79.2276,Tier 3,High,Supermarket Type1,0.0520115,4,649.8208,190.3846
Low Fat,Health and Hygiene,115.4808,Tier 3,High,Supermarket Type1,0.047857804,4,820.2656,45.077
Low Fat,Health and Hygiene,88.183,Tier 3,High,Supermarket Type1,0.014925407,4,719.064,143.4154
Low Fat,Household,64.3168,Tier 3,High,Supermarket Type1,0.021648305,4,703.0848,35.6874
Low Fat,Household,141.818,Tier 3,High,Supermarket Type1,0.031710329,4,838.908,263.091
Low Fat,Household,122.4072,Tier 3,High,Supermarket Type1,0.110197977,4,2572.6512,104.2306
Low Fat,Household,177.6002,Tier 3,High,Supermarket Type1,0.070510189,4,8417.7094,214.4192
Low Fat,Household,43.8454,Tier 3,High,Supermarket Type1,0.119436131,4,671.1264,94.7094
Low Fat,Household,177.2344,Tier 3,High,Supermarket Type1,0.016006626,4,892.172,105.6964
Low Fat,Household,230.801,Tier 3,High,Supermarket Type1,0.092937216,4,5283.123,54.6956
Low Fat,Household,153.9972,Tier 3,High,Supermarket Type1,0.006692529,4,1246.3776,164.9184
Low Fat,Household,183.5924,Tier 3,High,Supermarket Type1,0.060017128,4,2406.2012,230.8642
Low Fat,Household,36.6506,Tier 3,High,Supermarket Type1,0.021407511,4,493.3578,248.175
Low Fat,Household,125.9046,Tier 3,High,Supermarket Type1,0.011278535,4,4482.1656,237.0248
Low Fat,Household,88.5198,Tier 3,High,Supermarket Type1,0.041789718,4,1133.8574,256.1014
Low Fat,Household,57.7588,Tier 3,High,Supermarket Type1,0.059275452,4,57.2588,238.9248
Low Fat,Household,101.8332,Tier 3,High,Supermarket Type1,0.072608647,4,2255.7304,228.3668
Low Fat,Household,88.254,Tier 3,High,Supermarket Type1,0.039113587,4,2510.066,116.0176
Low Fat,Household,185.8266,Tier 3,High,Supermarket Type1,0.027556247,4,1844.266,176.6344
Low Fat,Household,255.4698,Tier 3,High,Supermarket Type1,0.012643035,4,5073.396,119.8414
Low Fat,Household,61.4536,Tier 3,High,Supermarket Type1,0.01035692,4,428.7752,208.3954
Low Fat,Household,162.0578,Tier 3,High,Supermarket Type1,0.129226104,4,3209.156,190.5872
Low Fat,Household,53.2614,Tier 3,High,Supermarket Type1,0.026826919,4,386.8298,98.7726
Low Fat,Household,261.091,Tier 3,High,Supermarket Type1,0.112227747,4,3418.883,123.5046
Low Fat,Household,86.6224,Tier 3,High,Supermarket Type1,0.074177667,4,1704.448,93.2462
Low Fat,Household,124.4046,Tier 3,High,Supermarket Type1,0.058886477,4,1120.5414,245.546
Low Fat,Household,80.696,Tier 3,High,Supermarket Type1,0,4,559.272,145.6418
Low Fat,Household,168.1474,Tier 3,High,Supermarket Type1,0.02593166,4,4211.185,182.5976
Low Fat,Household,123.1046,Tier 3,High,Supermarket Type1,0.039235527,4,1120.5414,127.2678
Low Fat,Household,189.1872,Tier 3,High,Supermarket Type1,0.026877471,4,567.2616,74.6354
Low Fat,Household,129.431,Tier 3,High,Supermarket Type1,0.028984804,4,3505.437,146.1786
Low Fat,Meat,142.7496,Tier 3,High,Supermarket Type1,0.012707362,4,3528.74,41.0822
Low Fat,Meat,94.9752,Tier 3,High,Supermarket Type1,0.027041859,4,1342.2528,77.567
Low Fat,Meat,232.9616,Tier 3,High,Supermarket Type1,0.007273831,4,3515.424,196.6426
Low Fat,Meat,92.712,Tier 3,High,Supermarket Type1,0.052295514,4,3635.268,242.9512
Low Fat,Meat,98.1726,Tier 3,High,Supermarket Type1,0.033060937,4,978.726,172.4738
Low Fat,Others,183.3608,Tier 3,High,Supermarket Type1,0.039928582,4,6064.1064,83.2908
Low Fat,Others,108.8938,Tier 3,High,Supermarket Type1,0.019459164,4,3644.5892,161.621
Low Fat,Seafood,187.7214,Tier 3,High,Supermarket Type1,0.031199028,4,188.4214,159.4604
Low Fat,Snack Foods,149.7366,Tier 3,High,Supermarket Type1,0.099879337,4,151.1366,195.1452
Low Fat,Snack Foods,122.1388,Tier 3,High,Supermarket Type1,0.058083831,4,2352.9372,113.6834
Low Fat,Snack Foods,43.2796,Tier 3,High,Supermarket Type1,0.05930285,4,41.2796,98.77
Low Fat,Snack Foods,124.3072,Tier 3,High,Supermarket Type1,0.010003987,4,5022.7952,250.7408
Low Fat,Snack Foods,114.915,Tier 3,High,Supermarket Type1,0.103664897,4,2796.36,233.6932
Low Fat,Snack Foods,179.666,Tier 3,High,Supermarket Type1,0.035549527,4,6471.576,244.117
Low Fat,Snack Foods,167.1842,Tier 3,High,Supermarket Type1,0.020551458,4,2984.1156,146.6734
Low Fat,Snack Foods,126.9994,Tier 3,High,Supermarket Type1,0,4,385.4982,118.9124
Low Fat,Snack Foods,52.8666,Tier 3,High,Supermarket Type1,0.035930784,4,461.3994,184.4924
Low Fat,Snack Foods,108.7228,Tier 3,High,Supermarket Type1,0.06682033,4,2542.0244,198.9084
Low Fat,Snack Foods,176.0054,Tier 3,High,Supermarket Type1,0.034845668,4,2626.581,242.7828
Low Fat,Snack Foods,165.1526,Tier 3,High,Supermarket Type1,0,4,1480.0734,195.211
Low Fat,Snack Foods,48.6376,Tier 3,High,Supermarket Type1,0.087646694,4,1677.816,221.5798
Low Fat,Snack Foods,89.683,Tier 3,High,Supermarket Type1,0.040911824,4,988.713,141.2496
Low Fat,Snack Foods,104.699,Tier 3,High,Supermarket Type1,0.045009952,4,103.199,186.8556
Low Fat,Snack Foods,151.9024,Tier 3,High,Supermarket Type1,0.104768536,4,2732.4432,155.163
Low Fat,Snack Foods,261.091,Tier 3,High,Supermarket Type1,0.04442649,4,5522.811,124.902
Low Fat,Soft Drinks,164.6526,Tier 3,High,Supermarket Type1,0.045334098,4,2137.8838,87.0882
Low Fat,Soft Drinks,41.1454,Tier 3,High,Supermarket Type1,0.077129323,4,503.3448,92.7146
Low Fat,Soft Drinks,154.634,Tier 3,High,Supermarket Type1,0.017311312,4,4287.752,197.8768
Low Fat,Soft Drinks,127.0336,Tier 3,High,Supermarket Type1,0.023866079,4,3962.8416,107.128
Low Fat,Soft Drinks,154.5972,Tier 3,High,Supermarket Type1,0.041851461,4,1869.5664,31.49
Low Fat,Soft Drinks,155.563,Tier 3,High,Supermarket Type1,0.096217262,4,469.389,168.5158
Low Fat,Soft Drinks,181.666,Tier 3,High,Supermarket Type1,0.040911824,4,1438.128,142.3154
Low Fat,Soft Drinks,107.6622,Tier 3,High,Supermarket Type1,0.069401919,4,1270.3464,107.9938
Low Fat,Soft Drinks,64.3484,Tier 3,High,Supermarket Type1,0.049038621,4,2218.4456,65.4168
Low Fat,Soft Drinks,141.618,Tier 3,High,Supermarket Type1,0.096317593,4,139.818,197.3768
Low Fat,Soft Drinks,103.999,Tier 3,High,Supermarket Type1,0.037201127,4,1857.582,181.7634
Low Fat,Soft Drinks,181.766,Tier 3,High,Supermarket Type1,0.03387323,4,179.766,56.1614
Low Fat,Soft Drinks,180.2002,Tier 3,High,Supermarket Type1,0.021232318,4,5193.9058,151.1024
Low Fat,Starchy Foods,124.2362,Tier 3,High,Supermarket Type1,0.122735471,4,377.5086,205.2638
Low Fat,Starchy Foods,91.2146,Tier 3,High,Supermarket Type1,0.01484819,4,2554.0088,172.108
Low Fat,Starchy Foods,188.1872,Tier 3,High,Supermarket Type1,0.069560905,4,6239.8776,263.0252
Low Fat,Starchy Foods,220.1482,Tier 3,High,Supermarket Type1,0.030591255,4,3066.6748,251.404
Low Fat,Starchy Foods,105.028,Tier 3,High,Supermarket Type1,0.060198496,4,2556.672,162.9526
Low Fat,Starchy Foods,83.0908,Tier 3,High,Supermarket Type1,0.141674844,4,1593.9252,90.7172
Low Fat,Starchy Foods,254.7014,Tier 3,High,Supermarket Type1,0.097536998,4,5100.028,225.3746
Regular,Baking Goods,94.741,Tier 3,High,Supermarket Type1,0.03828933,4,1641.197,64.751
Regular,Baking Goods,74.3354,Tier 3,High,Supermarket Type1,0,4,1880.885,39.3138
Regular,Baking Goods,262.3568,Tier 3,High,Supermarket Type1,0.02681843,4,790.9704,219.7456
Regular,Baking Goods,53.0298,Tier 3,High,Supermarket Type1,0.06082402,4,377.5086,98.7384
Regular,Baking Goods,238.1906,Tier 3,High,Supermarket Type1,0.067446626,4,3327.6684,184.724
Regular,Baking Goods,166.6474,Tier 3,High,Supermarket Type1,0.062476391,4,4211.185,164.5184
Regular,Breads,109.9544,Tier 3,High,Supermarket Type1,0.056339618,4,5257.1568,84.2908
Regular,Breakfast,99.87,Tier 3,High,Supermarket Type1,0.069031467,4,1498.05,55.0614
Regular,Breakfast,198.9742,Tier 3,High,Supermarket Type1,0.06619442,4,995.371,184.4292
Regular,Canned,253.5698,Tier 3,High,Supermarket Type1,0.053576661,4,3805.047,200.5742
Regular,Canned,212.3218,Tier 3,High,Supermarket Type1,0.092694107,4,427.4436,53.6982
Regular,Canned,238.7906,Tier 3,High,Supermarket Type1,0.091895319,4,4040.7402,248.6408
Regular,Canned,45.206,Tier 3,High,Supermarket Type1,0.009051307,4,1211.756,103.099
Regular,Canned,225.472,Tier 3,High,Supermarket Type1,0.104421237,4,3169.208,80.196
Regular,Canned,150.8708,Tier 3,High,Supermarket Type1,0.029140008,4,2407.5328,176.337
Regular,Canned,121.8072,Tier 3,High,Supermarket Type1,0.02633607,4,2450.144,40.6138
Regular,Canned,116.4834,Tier 3,High,Supermarket Type1,0.030064132,4,1958.1178,58.022
Regular,Canned,187.1556,Tier 3,High,Supermarket Type1,0.031418984,4,4693.89,99.27
Regular,Canned,73.9354,Tier 3,High,Supermarket Type1,0.041214746,4,677.1186,42.0454
Regular,Canned,87.0198,Tier 3,High,Supermarket Type1,0.026546765,4,2442.1544,142.147
Regular,Canned,76.2328,Tier 3,High,Supermarket Type1,0.03467086,4,1544.656,141.8496
Regular,Dairy,83.0592,Tier 3,High,Supermarket Type1,0.037668051,4,743.0328,126.7704
Regular,Dairy,108.9912,Tier 3,High,Supermarket Type1,0.073858923,4,1965.4416,218.6482
Regular,Dairy,122.6046,Tier 3,High,Supermarket Type1,0.071786706,4,2988.1104,193.3794
Regular,Dairy,218.9166,Tier 3,High,Supermarket Type1,0.127620811,4,2394.8826,119.244
Regular,Dairy,176.7686,Tier 3,High,Supermarket Type1,0.063173691,4,888.843,86.1856
Regular,Dairy,57.2588,Tier 3,High,Supermarket Type1,0.106968096,4,801.6232,221.6772
Regular,Dairy,167.5474,Tier 3,High,Supermarket Type1,0.183142346,4,1010.6844,110.357
Regular,Dairy,36.3216,Tier 3,High,Supermarket Type1,0.076097073,4,276.9728,193.5794
Regular,Frozen Foods,178.7002,Tier 3,High,Supermarket Type1,0.087187488,4,4477.505,105.5306
Regular,Frozen Foods,161.3552,Tier 3,High,Supermarket Type1,0.152024355,4,7148.0288,211.8218
Regular,Frozen Foods,229.4668,Tier 3,High,Supermarket Type1,0.008027701,4,4837.7028,81.1618
Regular,Frozen Foods,128.3678,Tier 3,High,Supermarket Type1,0.063121982,4,1398.8458,231.7668
Regular,Frozen Foods,172.2448,Tier 3,High,Supermarket Type1,0.077100381,4,1874.8928,172.4106
Regular,Frozen Foods,255.433,Tier 3,High,Supermarket Type1,0.049547993,4,9227.988,108.6912
Regular,Frozen Foods,82.225,Tier 3,High,Supermarket Type1,0.135662712,4,2247.075,52.064
Regular,Frozen Foods,109.4596,Tier 3,High,Supermarket Type1,0.019917598,4,647.1576,129.431
Regular,Frozen Foods,56.2614,Tier 3,High,Supermarket Type1,0.085763562,4,552.614,49.0692
Regular,Frozen Foods,107.9912,Tier 3,High,Supermarket Type1,0.159595473,4,1419.4856,32.8558
Regular,Frozen Foods,45.9428,Tier 3,High,Supermarket Type1,0.041439718,4,307.5996,93.7804
Regular,Fruits and Vegetables,227.072,Tier 3,High,Supermarket Type1,0.049121972,4,4074.696,144.6102
Regular,Fruits and Vegetables,183.6634,Tier 3,High,Supermarket Type1,0.014353174,4,2362.9242,242.6512
Regular,Fruits and Vegetables,122.373,Tier 3,High,Supermarket Type1,0.14492016,4,985.384,174.708
Regular,Fruits and Vegetables,101.2674,Tier 3,High,Supermarket Type1,0.039811272,4,2241.0828,191.3188
Regular,Fruits and Vegetables,235.6906,Tier 3,High,Supermarket Type1,0.035121963,4,5704.5744,168.6448
Regular,Fruits and Vegetables,80.2302,Tier 3,High,Supermarket Type1,0.063764099,4,79.2302,113.8492
Regular,Fruits and Vegetables,248.6092,Tier 3,High,Supermarket Type1,0,4,3237.1196,225.1088
Regular,Fruits and Vegetables,33.6216,Tier 3,High,Supermarket Type1,0.131973625,4,934.7832,187.9872
Regular,Fruits and Vegetables,49.7008,Tier 3,High,Supermarket Type1,0.043618827,4,961.4152,156.7946
Regular,Fruits and Vegetables,184.6582,Tier 3,High,Supermarket Type1,0.026280116,4,185.7582,102.3332
Regular,Fruits and Vegetables,188.553,Tier 3,High,Supermarket Type1,0.062359467,4,3795.06,224.0062
Regular,Fruits and Vegetables,224.0772,Tier 3,High,Supermarket Type1,0.021439694,4,1556.6404,119.7098
Regular,Fruits and Vegetables,125.5388,Tier 3,High,Supermarket Type1,0.054549098,4,2848.2924,193.782
Regular,Fruits and Vegetables,167.8474,Tier 3,High,Supermarket Type1,0.112316501,4,336.8948,193.9478
Regular,Meat,99.67,Tier 3,High,Supermarket Type1,0.024520854,4,1897.53,102.8306
Regular,Meat,265.2568,Tier 3,High,Supermarket Type1,0.077995641,4,4218.5088,107.1596
Regular,Meat,238.1564,Tier 3,High,Supermarket Type1,0.077949334,4,5243.8408,238.7248
Regular,Meat,91.0488,Tier 3,High,Supermarket Type1,0.061045133,4,271.6464,44.7744
Regular,Meat,52.8666,Tier 3,High,Supermarket Type1,0.027058066,4,1384.1982,194.811
Regular,Snack Foods,166.0526,Tier 3,High,Supermarket Type1,0.12301331,4,3124.5994,93.2436
Regular,Snack Foods,253.3724,Tier 3,High,Supermarket Type1,0.089479661,4,6795.1548,148.6708
Regular,Snack Foods,127.4336,Tier 3,High,Supermarket Type1,0.032882271,4,894.8352,113.5518
Regular,Snack Foods,144.5128,Tier 3,High,Supermarket Type1,0.088121336,4,3307.6944,119.7756
Regular,Snack Foods,108.5938,Tier 3,High,Supermarket Type1,0.03773288,4,1393.5194,128.2994
Regular,Snack Foods,65.0168,Tier 3,High,Supermarket Type1,0.009754896,4,639.168,223.0404
Regular,Snack Foods,248.3434,Tier 3,High,Supermarket Type1,0.070243155,4,6208.585,65.7484
Regular,Snack Foods,188.6214,Tier 3,High,Supermarket Type1,0.056825065,4,565.2642,230.9984
Regular,Snack Foods,92.5146,Tier 3,High,Supermarket Type1,0.007140468,4,2006.7212,40.848
Regular,Snack Foods,79.296,Tier 3,High,Supermarket Type1,0.023135131,4,1118.544,44.8428
Regular,Snack Foods,173.9422,Tier 3,High,Supermarket Type1,0.127929521,4,3103.9596,167.4816
Regular,Snack Foods,53.4956,Tier 3,High,Supermarket Type1,0.020858779,4,2129.2284,62.8194
low fat,Dairy,213.2218,Tier 3,High,Supermarket Type1,0.053426165,4,7266.5412,178.7002
low fat,Dairy,181.9976,Tier 3,High,Supermarket Type1,0.119852889,4,5432.928,44.9744
low fat,Dairy,38.8164,Tier 3,High,Supermarket Type1,0.070096518,4,77.2328,217.885
low fat,Household,88.283,Tier 3,High,Supermarket Type1,0.092705683,4,2157.192,251.9066
low fat,Snack Foods,78.3302,Tier 3,High,Supermarket Type1,0.14113846,4,1267.6832,155.0998
low fat,Starchy Foods,45.7428,Tier 3,High,Supermarket Type1,0.037877202,4,615.1992,124.0046
reg,Snack Foods,148.0418,Tier 3,High,Supermarket Type1,0.156797787,4,1471.418,148.6418
LF,Canned,183.095,Tier 3,Medium,Supermarket Type2,0,4,1830.95,90.2804
LF,Dairy,82.5908,Tier 3,Medium,Supermarket Type2,0.131489269,4,922.7988,89.7172
LF,Dairy,228.2036,Tier 3,Medium,Supermarket Type2,0.097457483,4,2504.7396,55.393
LF,Dairy,41.048,Tier 3,Medium,Supermarket Type2,0.022155562,4,798.96,109.5886
LF,Frozen Foods,197.3768,Tier 3,Medium,Supermarket Type2,0.096185556,4,3350.3056,127.1678
LF,Health and Hygiene,197.2742,Tier 3,Medium,Supermarket Type2,0.021037197,4,3782.4098,255.9672
LF,Household,87.5882,Tier 3,Medium,Supermarket Type2,0.041994899,4,171.7764,254.7014
LF,Household,167.0842,Tier 3,Medium,Supermarket Type2,0.089345074,4,6465.5838,191.9504
LF,Others,120.1756,Tier 3,Medium,Supermarket Type2,0.091408076,4,2059.9852,108.9938
LF,Seafood,143.1154,Tier 3,Medium,Supermarket Type2,0.073709686,4,2552.6772,35.1216
LF,Snack Foods,111.186,Tier 3,Medium,Supermarket Type2,0.137786856,4,1245.046,157.763
LF,Soft Drinks,147.1102,Tier 3,Medium,Supermarket Type2,0.077508015,4,2916.204,92.3146
LF,Soft Drinks,113.6518,Tier 3,Medium,Supermarket Type2,0.096689673,4,1593.9252,168.0158
Low Fat,Baking Goods,43.8744,Tier 3,Medium,Supermarket Type2,0.103693024,4,1222.4088,149.905
Low Fat,Baking Goods,107.4622,Tier 3,Medium,Supermarket Type2,0.046459438,4,1587.933,100.5384
Low Fat,Baking Goods,232.6984,Tier 3,Medium,Supermarket Type2,0.029812714,4,1390.1904,95.4436
Low Fat,Baking Goods,33.39,Tier 3,Medium,Supermarket Type2,0.043414959,4,732.38,93.1436
Low Fat,Baking Goods,88.3514,Tier 3,Medium,Supermarket Type2,0.01469075,4,2833.6448,84.725
Low Fat,Baking Goods,187.9556,Tier 3,Medium,Supermarket Type2,0.030281543,4,2440.8228,116.3176
Low Fat,Baking Goods,223.8062,Tier 3,Medium,Supermarket Type2,0.075856062,4,5642.655,124.5388
Low Fat,Baking Goods,171.3106,Tier 3,Medium,Supermarket Type2,0.02136022,4,3593.3226,120.4124
Low Fat,Baking Goods,252.0382,Tier 3,Medium,Supermarket Type2,0.023831558,4,4037.4112,103.1332
Low Fat,Baking Goods,127.502,Tier 3,Medium,Supermarket Type2,0.130946374,4,379.506,76.7328
Low Fat,Baking Goods,45.706,Tier 3,Medium,Supermarket Type2,0.080922439,4,838.908,80.096
Low Fat,Baking Goods,111.857,Tier 3,Medium,Supermarket Type2,0.073966786,4,109.857,250.5724
Low Fat,Breads,263.2594,Tier 3,Medium,Supermarket Type2,0.051871718,4,2878.2534,35.3558
Low Fat,Breads,150.0734,Tier 3,Medium,Supermarket Type2,0.054428368,4,4454.202,84.9566
Low Fat,Canned,247.1092,Tier 3,Medium,Supermarket Type2,0.010480751,4,4233.1564,116.5808
Low Fat,Canned,253.5724,Tier 3,Medium,Supermarket Type2,0,4,5033.448,263.1884
Low Fat,Canned,190.6504,Tier 3,Medium,Supermarket Type2,0.15202235,4,1342.2528,106.628
Low Fat,Canned,220.5772,Tier 3,Medium,Supermarket Type2,0.015334003,4,2446.1492,92.7146
Low Fat,Canned,192.3846,Tier 3,Medium,Supermarket Type2,0.050957715,4,1910.846,122.4072
Low Fat,Canned,96.7384,Tier 3,Medium,Supermarket Type2,0.047977607,4,2167.8448,249.5092
Low Fat,Canned,261.4252,Tier 3,Medium,Supermarket Type2,0.028478742,4,262.3252,161.8894
Low Fat,Canned,212.4586,Tier 3,Medium,Supermarket Type2,0.139795569,4,2743.7618,47.2376
Low Fat,Canned,263.0226,Tier 3,Medium,Supermarket Type2,0.079668739,4,4229.1616,79.6644
Low Fat,Canned,239.2538,Tier 3,Medium,Supermarket Type2,0.090043082,4,3605.307,140.1496
Low Fat,Canned,77.4644,Tier 3,Medium,Supermarket Type2,0.021293909,4,1414.1592,218.4824
Low Fat,Canned,185.2924,Tier 3,Medium,Supermarket Type2,0.078874948,4,3146.5708,37.4506
Low Fat,Canned,51.235,Tier 3,Medium,Supermarket Type2,0.073490977,4,848.895,157.3972
Low Fat,Canned,104.1622,Tier 3,Medium,Supermarket Type2,0.142219209,4,1693.7952,167.6132
Low Fat,Dairy,41.6796,Tier 3,Medium,Supermarket Type2,0.022796178,4,784.3124,178.1028
Low Fat,Dairy,115.2808,Tier 3,Medium,Supermarket Type2,0.053688479,4,117.1808,178.3002
Low Fat,Dairy,76.367,Tier 3,Medium,Supermarket Type2,0.159843921,4,765.67,206.6296
Low Fat,Dairy,100.3674,Tier 3,Medium,Supermarket Type2,0.110359004,4,1833.6132,42.7428
Low Fat,Dairy,173.0106,Tier 3,Medium,Supermarket Type2,0.017857847,4,3593.3226,77.5012
Low Fat,Dairy,152.8024,Tier 3,Medium,Supermarket Type2,0.062239081,4,1214.4192,154.2998
Low Fat,Dairy,182.195,Tier 3,Medium,Supermarket Type2,0.07044068,4,2380.235,216.885
Low Fat,Dairy,194.1478,Tier 3,Medium,Supermarket Type2,0.178694026,4,5812.434,158.9288
Low Fat,Frozen Foods,181.5976,Tier 3,Medium,Supermarket Type2,0.015169739,4,4165.2448,82.225
Low Fat,Frozen Foods,79.4618,Tier 3,Medium,Supermarket Type2,0.064030636,4,1772.3596,154.463
Low Fat,Frozen Foods,50.5324,Tier 3,Medium,Supermarket Type2,0.026451028,4,207.7296,210.3954
Low Fat,Frozen Foods,159.9604,Tier 3,Medium,Supermarket Type2,0.026645307,4,2218.4456,53.5614
Low Fat,Frozen Foods,153.0998,Tier 3,Medium,Supermarket Type2,0.011660463,4,4921.5936,96.541
Low Fat,Frozen Foods,227.872,Tier 3,Medium,Supermarket Type2,0.124959013,4,1584.604,116.5124
Low Fat,Frozen Foods,248.3408,Tier 3,Medium,Supermarket Type2,0.089186083,4,751.0224,194.3452
Low Fat,Fruits and Vegetables,183.3292,Tier 3,Medium,Supermarket Type2,0.121034655,4,364.8584,47.506
Low Fat,Fruits and Vegetables,121.373,Tier 3,Medium,Supermarket Type2,0.106027474,4,246.346,83.9908
Low Fat,Fruits and Vegetables,52.5324,Tier 3,Medium,Supermarket Type2,0.066892471,4,1194.4452,186.424
Low Fat,Fruits and Vegetables,87.7198,Tier 3,Medium,Supermarket Type2,0.028711412,4,1831.6158,39.9454
Low Fat,Fruits and Vegetables,84.525,Tier 3,Medium,Supermarket Type2,0.046673494,4,416.125,48.4692
Low Fat,Fruits and Vegetables,145.4102,Tier 3,Medium,Supermarket Type2,0.03549838,4,3499.4448,36.6506
Low Fat,Fruits and Vegetables,256.1646,Tier 3,Medium,Supermarket Type2,0.043141572,4,5926.2858,90.4172
Low Fat,Fruits and Vegetables,181.366,Tier 3,Medium,Supermarket Type2,0.064939211,4,1977.426,194.1794
Low Fat,Fruits and Vegetables,32.09,Tier 3,Medium,Supermarket Type2,0,4,432.77,45.2402
Low Fat,Fruits and Vegetables,258.0988,Tier 3,Medium,Supermarket Type2,0.148986013,4,8994.958,106.528
Low Fat,Fruits and Vegetables,158.4288,Tier 3,Medium,Supermarket Type2,0.031176157,4,2985.4472,103.099
Low Fat,Fruits and Vegetables,46.006,Tier 3,Medium,Supermarket Type2,0.076369874,4,326.242,97.241
Low Fat,Fruits and Vegetables,250.2092,Tier 3,Medium,Supermarket Type2,0.108633372,4,2988.1104,233.8642
Low Fat,Fruits and Vegetables,143.0154,Tier 3,Medium,Supermarket Type2,0.126292985,4,283.6308,88.6198
Low Fat,Fruits and Vegetables,212.0218,Tier 3,Medium,Supermarket Type2,0.057629899,4,2350.9398,123.9046
Low Fat,Fruits and Vegetables,145.976,Tier 3,Medium,Supermarket Type2,0.103406065,4,3515.424,116.4466
Low Fat,Fruits and Vegetables,197.511,Tier 3,Medium,Supermarket Type2,0.08165147,4,392.822,258.3988
Low Fat,Fruits and Vegetables,189.1872,Tier 3,Medium,Supermarket Type2,0.162147349,4,1890.872,37.719
Low Fat,Fruits and Vegetables,36.119,Tier 3,Medium,Supermarket Type2,0.023548476,4,1098.57,93.3778
Low Fat,Hard Drinks,38.8138,Tier 3,Medium,Supermarket Type2,0.084179812,4,731.0484,109.0596
Low Fat,Hard Drinks,260.2936,Tier 3,Medium,Supermarket Type2,0.034544435,4,4175.8976,116.0834
Low Fat,Hard Drinks,114.2176,Tier 3,Medium,Supermarket Type2,0.043964058,4,2175.8344,192.3846
Low Fat,Hard Drinks,145.147,Tier 3,Medium,Supermarket Type2,0.085437778,4,3006.087,188.4872
Low Fat,Hard Drinks,37.0506,Tier 3,Medium,Supermarket Type2,0.112681821,4,986.7156,113.986
Low Fat,Hard Drinks,126.3362,Tier 3,Medium,Supermarket Type2,0.137755834,4,503.3448,161.8578
Low Fat,Health and Hygiene,159.2604,Tier 3,Medium,Supermarket Type2,0.030479118,4,2852.2872,33.2874
Low Fat,Health and Hygiene,191.6162,Tier 3,Medium,Supermarket Type2,0.093261677,4,1731.7458,100.9674
Low Fat,Health and Hygiene,129.3652,Tier 3,Medium,Supermarket Type2,0,4,4391.6168,98.9726
Low Fat,Health and Hygiene,224.2772,Tier 3,Medium,Supermarket Type2,0.068055818,4,667.1316,140.7812
Low Fat,Health and Hygiene,256.1014,Tier 3,Medium,Supermarket Type2,0.054863459,4,3060.0168,58.393
Low Fat,Health and Hygiene,145.0128,Tier 3,Medium,Supermarket Type2,0.153177941,4,143.8128,85.2224
Low Fat,Health and Hygiene,211.9244,Tier 3,Medium,Supermarket Type2,0.071425647,4,2117.244,45.9086
Low Fat,Health and Hygiene,115.9834,Tier 3,Medium,Supermarket Type2,0.014518575,4,2073.3012,182.195
Low Fat,Health and Hygiene,107.0938,Tier 3,Medium,Supermarket Type2,0.054853377,4,214.3876,198.6084
Low Fat,Health and Hygiene,210.4902,Tier 3,Medium,Supermarket Type2,0.009918699,4,5309.755,49.4034
Low Fat,Health and Hygiene,216.6166,Tier 3,Medium,Supermarket Type2,0.079755214,4,4136.6154,36.6506
Low Fat,Health and Hygiene,161.2578,Tier 3,Medium,Supermarket Type2,0.077548732,4,4171.9028,55.093
Low Fat,Health and Hygiene,186.5214,Tier 3,Medium,Supermarket Type2,0.028980533,4,2261.0568,129.531
Low Fat,Health and Hygiene,166.2842,Tier 3,Medium,Supermarket Type2,0.052252908,4,1989.4104,105.728
Low Fat,Health and Hygiene,188.8872,Tier 3,Medium,Supermarket Type2,0.017791458,4,3592.6568,211.9244
Low Fat,Health and Hygiene,98.441,Tier 3,Medium,Supermarket Type2,0.048092778,4,868.869,44.477
Low Fat,Health and Hygiene,114.286,Tier 3,Medium,Supermarket Type2,0,4,2376.906,150.3024
Low Fat,Health and Hygiene,168.0474,Tier 3,Medium,Supermarket Type2,0.058719568,4,4379.6324,111.0544
Low Fat,Health and Hygiene,101.399,Tier 3,Medium,Supermarket Type2,0.077769768,4,1031.99,63.0536
Low Fat,Household,242.3854,Tier 3,Medium,Supermarket Type2,0,4,2416.854,164.721
Low Fat,Household,159.4604,Tier 3,Medium,Supermarket Type2,0.119157788,4,316.9208,263.791
Low Fat,Household,154.2998,Tier 3,Medium,Supermarket Type2,0.031278532,4,1691.7978,176.0054
Low Fat,Household,132.2968,Tier 3,Medium,Supermarket Type2,0.093160853,4,1696.4584,251.3066
Low Fat,Household,222.9088,Tier 3,Medium,Supermarket Type2,0.185596553,4,5145.3024,35.7216
Low Fat,Household,166.0526,Tier 3,Medium,Supermarket Type2,0.013183517,4,3617.9572,143.1154
Low Fat,Household,54.1956,Tier 3,Medium,Supermarket Type2,0.070856383,4,3002.758,217.4192
Low Fat,Household,98.5384,Tier 3,Medium,Supermarket Type2,0.120022543,4,1872.2296,94.8094
Low Fat,Household,154.034,Tier 3,Medium,Supermarket Type2,0.099024124,4,612.536,208.527
Low Fat,Household,172.6764,Tier 3,Medium,Supermarket Type2,0.044843161,4,2920.1988,246.1802
Low Fat,Household,96.641,Tier 3,Medium,Supermarket Type2,0.066952965,4,1544.656,192.0478
Low Fat,Household,175.537,Tier 3,Medium,Supermarket Type2,0.080131363,4,3528.74,170.9106
Low Fat,Household,145.6418,Tier 3,Medium,Supermarket Type2,0.042383069,4,3825.6868,108.0938
Low Fat,Household,258.5304,Tier 3,Medium,Supermarket Type2,0.008829806,4,6199.9296,196.811
Low Fat,Household,155.863,Tier 3,Medium,Supermarket Type2,0.083698962,4,2346.945,163.4552
Low Fat,Household,185.5608,Tier 3,Medium,Supermarket Type2,0.023071504,4,3307.6944,101.8332
Low Fat,Household,54.2298,Tier 3,Medium,Supermarket Type2,0.035292855,4,161.7894,124.573
Low Fat,Household,106.528,Tier 3,Medium,Supermarket Type2,0.020571083,4,1171.808,41.6112
Low Fat,Household,91.1804,Tier 3,Medium,Supermarket Type2,0.072965144,4,1929.4884,231.3668
Low Fat,Household,102.5306,Tier 3,Medium,Supermarket Type2,0.029565309,4,1358.8978,256.4646
Low Fat,Household,118.115,Tier 3,Medium,Supermarket Type2,0.026729068,4,116.515,248.4776
Low Fat,Household,119.9124,Tier 3,Medium,Supermarket Type2,0,4,2014.7108,114.686
Low Fat,Household,60.2536,Tier 3,Medium,Supermarket Type2,0.058707159,4,1163.8184,220.5456
Low Fat,Household,79.1328,Tier 3,Medium,Supermarket Type2,0.168266556,4,1235.7248,195.5136
Low Fat,Household,200.1742,Tier 3,Medium,Supermarket Type2,0.177992139,4,6171.3002,173.1422
Low Fat,Household,147.5392,Tier 3,Medium,Supermarket Type2,0.041395775,4,5219.872,129.731
Low Fat,Household,178.566,Tier 3,Medium,Supermarket Type2,0.094545236,4,3775.086,254.7698
Low Fat,Household,184.1292,Tier 3,Medium,Supermarket Type2,0.026074491,4,2189.1504,48.6376
Low Fat,Household,127.5336,Tier 3,Medium,Supermarket Type2,0.0591756,4,1789.6704,245.046
Low Fat,Household,33.4874,Tier 3,Medium,Supermarket Type2,0.021413346,4,105.8622,76.2328
Low Fat,Household,122.7072,Tier 3,Medium,Supermarket Type2,0,4,1470.0864,74.3354
Low Fat,Meat,83.2592,Tier 3,Medium,Supermarket Type2,0.012769753,4,1155.8288,39.9822
Low Fat,Meat,37.4822,Tier 3,Medium,Supermarket Type2,0.081372267,4,549.9508,191.4846
Low Fat,Meat,150.205,Tier 3,Medium,Supermarket Type2,0.156935553,4,149.805,160.6578
Low Fat,Meat,85.554,Tier 3,Medium,Supermarket Type2,0.03322326,4,1731.08,172.0738
Low Fat,Meat,199.0768,Tier 3,Medium,Supermarket Type2,0.010039493,4,3153.2288,181.7608
Low Fat,Others,47.8692,Tier 3,Medium,Supermarket Type2,0.08152738,4,49.2692,140.3154
Low Fat,Others,60.6878,Tier 3,Medium,Supermarket Type2,0.048885018,4,363.5268,166.1526
Low Fat,Others,101.9358,Tier 3,Medium,Supermarket Type2,0.019554705,4,1105.8938,162.421
Low Fat,Others,243.7828,Tier 3,Medium,Supermarket Type2,0.030631323,4,6579.4356,178.566
Low Fat,Others,74.8696,Tier 3,Medium,Supermarket Type2,0,4,223.7088,108.6912
Low Fat,Others,37.2164,Tier 3,Medium,Supermarket Type2,0.034082974,4,579.246,130.9284
Low Fat,Snack Foods,36.6532,Tier 3,Medium,Supermarket Type2,0,4,71.9064,92.9462
Low Fat,Snack Foods,243.2144,Tier 3,Medium,Supermarket Type2,0.069405301,4,1225.072,112.1228
Low Fat,Snack Foods,42.177,Tier 3,Medium,Supermarket Type2,0.059594017,4,735.709,99.67
Low Fat,Snack Foods,91.8146,Tier 3,Medium,Supermarket Type2,0.03093263,4,2371.5796,51.5008
Low Fat,Snack Foods,55.993,Tier 3,Medium,Supermarket Type2,0.020652362,4,1471.418,149.5734
Low Fat,Snack Foods,47.506,Tier 3,Medium,Supermarket Type2,0.122221269,4,1071.938,45.9428
Low Fat,Snack Foods,100.6674,Tier 3,Medium,Supermarket Type2,0.033314389,4,2648.5524,171.6422
Low Fat,Snack Foods,111.1202,Tier 3,Medium,Supermarket Type2,0,4,3150.5656,238.7564
Low Fat,Snack Foods,244.346,Tier 3,Medium,Supermarket Type2,0.119374946,4,246.346,229.3694
Low Fat,Snack Foods,199.3426,Tier 3,Medium,Supermarket Type2,0.058632705,4,3757.1094,46.4744
Low Fat,Snack Foods,205.2638,Tier 3,Medium,Supermarket Type2,0.052657753,4,3520.0846,103.699
Low Fat,Snack Foods,251.6408,Tier 3,Medium,Supermarket Type2,0.030060895,4,6008.1792,166.4816
Low Fat,Snack Foods,247.8118,Tier 3,Medium,Supermarket Type2,0.052389407,4,2964.1416,120.9072
Low Fat,Snack Foods,131.9284,Tier 3,Medium,Supermarket Type2,0.078041216,4,659.142,258.4962
Low Fat,Snack Foods,100.8358,Tier 3,Medium,Supermarket Type2,0.053025371,4,2111.2518,192.5504
Low Fat,Snack Foods,198.9768,Tier 3,Medium,Supermarket Type2,0.067722325,4,4729.8432,130.8626
Low Fat,Snack Foods,123.9072,Tier 3,Medium,Supermarket Type2,0.109153001,4,1102.5648,161.3578
Low Fat,Snack Foods,109.4596,Tier 3,Medium,Supermarket Type2,0.049505857,4,431.4384,195.3478
Low Fat,Soft Drinks,53.2298,Tier 3,Medium,Supermarket Type2,0.01405025,4,1240.3854,128.9652
Low Fat,Soft Drinks,33.3874,Tier 3,Medium,Supermarket Type2,0.07136748,4,1235.059,111.8518
Low Fat,Soft Drinks,183.3292,Tier 3,Medium,Supermarket Type2,0.042056944,4,2006.7212,31.89
Low Fat,Soft Drinks,149.0076,Tier 3,Medium,Supermarket Type2,0.069742672,4,1182.4608,106.2938
Low Fat,Soft Drinks,155.4314,Tier 3,Medium,Supermarket Type2,0.019457372,4,3568.0222,153.9972
Low Fat,Soft Drinks,114.1202,Tier 3,Medium,Supermarket Type2,0.02492239,4,787.6414,153.4998
Low Fat,Soft Drinks,50.2324,Tier 3,Medium,Supermarket Type2,0.021336565,4,623.1888,153.6024
Low Fat,Starchy Foods,55.093,Tier 3,Medium,Supermarket Type2,0.062541552,4,452.744,34.3532
Low Fat,Starchy Foods,98.6068,Tier 3,Medium,Supermarket Type2,0.043410693,4,2430.17,39.4164
Regular,Baking Goods,129.5968,Tier 3,Medium,Supermarket Type2,0.049823839,4,2348.9424,226.6062
Regular,Baking Goods,262.0594,Tier 3,Medium,Supermarket Type2,0.006351876,4,1569.9564,120.3098
Regular,Baking Goods,78.467,Tier 3,Medium,Supermarket Type2,0.044202545,4,3292.381,182.995
Regular,Baking Goods,243.4854,Tier 3,Medium,Supermarket Type2,0.128805815,4,1691.7978,224.0404
Regular,Baking Goods,170.2474,Tier 3,Medium,Supermarket Type2,0.024998007,4,4211.185,174.4422
Regular,Baking Goods,195.211,Tier 3,Medium,Supermarket Type2,0.117149075,4,3142.576,164.121
Regular,Baking Goods,101.5016,Tier 3,Medium,Supermarket Type2,0.105736638,4,202.4032,104.4648
Regular,Baking Goods,65.2168,Tier 3,Medium,Supermarket Type2,0.186616421,4,958.752,78.6328
Regular,Baking Goods,98.27,Tier 3,Medium,Supermarket Type2,0.031663212,4,2396.88,173.2764
Regular,Baking Goods,95.0436,Tier 3,Medium,Supermarket Type2,0.107186944,4,94.5436,181.9634
Regular,Baking Goods,189.2846,Tier 3,Medium,Supermarket Type2,0.067777778,4,1719.7614,186.924
Regular,Breakfast,147.4102,Tier 3,Medium,Supermarket Type2,0,4,3207.8244,55.2614
Regular,Breakfast,56.6588,Tier 3,Medium,Supermarket Type2,0.125734578,4,687.1056,41.748
Regular,Breakfast,94.1752,Tier 3,Medium,Supermarket Type2,0.020803054,4,2109.2544,129.7994
Regular,Canned,77.996,Tier 3,Medium,Supermarket Type2,0.053839714,4,2716.464,198.6742
Regular,Canned,126.2336,Tier 3,Medium,Supermarket Type2,0.14057889,4,1406.1696,112.1228
Regular,Canned,158.9288,Tier 3,Medium,Supermarket Type2,0.020865797,4,1571.288,90.2488
Regular,Canned,62.2168,Tier 3,Medium,Supermarket Type2,0.030968306,4,1661.8368,227.8352
Regular,Canned,181.8608,Tier 3,Medium,Supermarket Type2,0.028837829,4,4594.02,117.8492
Regular,Canned,43.5428,Tier 3,Medium,Supermarket Type2,0.014793124,4,615.1992,88.5172
Regular,Canned,187.2556,Tier 3,Medium,Supermarket Type2,0.068403271,4,4506.1344,101.999
Regular,Canned,56.4588,Tier 3,Medium,Supermarket Type2,0.140090284,4,973.3996,265.1884
Regular,Canned,214.385,Tier 3,Medium,Supermarket Type2,0.161356273,4,4327.7,253.1014
Regular,Dairy,46.9744,Tier 3,Medium,Supermarket Type2,0.108679906,4,679.116,95.6752
Regular,Dairy,123.2388,Tier 3,Medium,Supermarket Type2,0.088002959,4,1857.582,261.391
Regular,Dairy,54.5956,Tier 3,Medium,Supermarket Type2,0.020653603,4,764.3384,84.954
Regular,Dairy,164.5184,Tier 3,Medium,Supermarket Type2,0.144604071,4,1651.184,240.8222
Regular,Dairy,181.9608,Tier 3,Medium,Supermarket Type2,0,4,1653.8472,186.024
Regular,Dairy,111.0886,Tier 3,Medium,Supermarket Type2,0.029843736,4,222.3772,143.9786
Regular,Dairy,160.892,Tier 3,Medium,Supermarket Type2,0.06358934,4,2396.88,179.4318
Regular,Dairy,100.9042,Tier 3,Medium,Supermarket Type2,0.042792568,4,1686.4714,118.6782
Regular,Dairy,125.5704,Tier 3,Medium,Supermarket Type2,0.171523928,4,1001.3632,155.863
Regular,Dairy,177.037,Tier 3,Medium,Supermarket Type2,0.076470697,4,3352.303,196.1794
Regular,Frozen Foods,99.2016,Tier 3,Medium,Supermarket Type2,0.030371121,4,809.6128,101.799
Regular,Frozen Foods,233.9958,Tier 3,Medium,Supermarket Type2,0.082737261,4,1869.5664,57.3588
Regular,Frozen Foods,181.7292,Tier 3,Medium,Supermarket Type2,0,4,4013.4424,139.5838
Regular,Frozen Foods,100.3358,Tier 3,Medium,Supermarket Type2,0.126114605,4,904.8222,99.3358
Regular,Frozen Foods,200.2084,Tier 3,Medium,Supermarket Type2,0.042173667,4,3174.5344,194.682
Regular,Frozen Foods,77.0644,Tier 3,Medium,Supermarket Type2,0.079251097,4,3221.1404,79.2276
Regular,Frozen Foods,151.434,Tier 3,Medium,Supermarket Type2,0.077478931,4,1225.072,170.3106
Regular,Frozen Foods,102.2016,Tier 3,Medium,Supermarket Type2,0.014144442,4,1416.8224,180.4344
Regular,Frozen Foods,248.1092,Tier 3,Medium,Supermarket Type2,0.099186992,4,4731.1748,198.7768
Regular,Frozen Foods,122.5098,Tier 3,Medium,Supermarket Type2,0.080968973,4,1084.5882,259.7936
Regular,Frozen Foods,226.2062,Tier 3,Medium,Supermarket Type2,0.105573769,4,1579.9434,143.9812
Regular,Frozen Foods,79.2644,Tier 3,Medium,Supermarket Type2,0.066446521,4,864.2084,147.976
Regular,Frozen Foods,119.6756,Tier 3,Medium,Supermarket Type2,0.086184647,4,2423.512,50.9692
Regular,Frozen Foods,84.954,Tier 3,Medium,Supermarket Type2,0.110479217,4,865.54,36.7506
Regular,Frozen Foods,94.412,Tier 3,Medium,Supermarket Type2,0.047996608,4,1304.968,127.0362
Regular,Frozen Foods,43.9402,Tier 3,Medium,Supermarket Type2,0.160379061,4,1286.3256,33.6558
Regular,Frozen Foods,110.2544,Tier 3,Medium,Supermarket Type2,0.042649476,4,2908.2144,162.721
Regular,Frozen Foods,127.202,Tier 3,Medium,Supermarket Type2,0.062510529,4,2656.542,146.8418
Regular,Frozen Foods,157.863,Tier 3,Medium,Supermarket Type2,0.041740902,4,469.389,49.2376
Regular,Frozen Foods,162.4868,Tier 3,Medium,Supermarket Type2,0.018096488,4,4422.2436,179.566
Regular,Frozen Foods,198.5426,Tier 3,Medium,Supermarket Type2,0.122015744,4,1186.4556,117.7466
Regular,Fruits and Vegetables,58.8588,Tier 3,Medium,Supermarket Type2,0.077634044,4,973.3996,256.433
Regular,Fruits and Vegetables,263.6594,Tier 3,Medium,Supermarket Type2,0.03107068,4,3401.5722,122.4072
Regular,Fruits and Vegetables,228.0352,Tier 3,Medium,Supermarket Type2,0.078719835,4,2748.4224,258.5646
Regular,Fruits and Vegetables,214.4192,Tier 3,Medium,Supermarket Type2,0.122802943,4,4961.5416,100.1016
Regular,Fruits and Vegetables,228.1352,Tier 3,Medium,Supermarket Type2,0.057290978,4,9390.4432,242.7512
Regular,Fruits and Vegetables,104.1332,Tier 3,Medium,Supermarket Type2,0.152747503,4,1230.3984,252.0382
Regular,Fruits and Vegetables,159.4578,Tier 3,Medium,Supermarket Type2,0.043133816,4,3209.156,109.7254
Regular,Fruits and Vegetables,197.5452,Tier 3,Medium,Supermarket Type2,0.113678422,4,195.7452,189.7504
Regular,Fruits and Vegetables,119.7098,Tier 3,Medium,Supermarket Type2,0.116063284,4,2410.196,59.1246
Regular,Fruits and Vegetables,179.9318,Tier 3,Medium,Supermarket Type2,0.025050746,4,360.8636,97.141
Regular,Fruits and Vegetables,154.2682,Tier 3,Medium,Supermarket Type2,0.09468096,4,3354.3004,86.2882
Regular,Fruits and Vegetables,245.4144,Tier 3,Medium,Supermarket Type2,0,4,6615.3888,184.595
Regular,Fruits and Vegetables,102.2332,Tier 3,Medium,Supermarket Type2,0.100583009,4,3075.996,123.5388
Regular,Fruits and Vegetables,227.8352,Tier 3,Medium,Supermarket Type2,0.16216286,4,3435.528,62.2168
Regular,Meat,117.8782,Tier 3,Medium,Supermarket Type2,0.17417636,4,2741.0986,148.9708
Regular,Meat,164.2184,Tier 3,Medium,Supermarket Type2,0.010963269,4,1981.4208,110.9544
Regular,Meat,106.428,Tier 3,Medium,Supermarket Type2,0.023626808,4,1917.504,223.2404
Regular,Meat,255.9672,Tier 3,Medium,Supermarket Type2,0.008601441,4,4857.6768,73.7038
Regular,Meat,193.1478,Tier 3,Medium,Supermarket Type2,0.122372504,4,387.4956,101.5674
Regular,Meat,129.7626,Tier 3,Medium,Supermarket Type2,0.091950972,4,3016.7398,184.2292
Regular,Meat,183.6634,Tier 3,Medium,Supermarket Type2,0.018098194,4,2726.451,104.599
Regular,Seafood,148.0418,Tier 3,Medium,Supermarket Type2,0.140811559,4,3825.6868,173.5764
Regular,Seafood,119.3756,Tier 3,Medium,Supermarket Type2,0.129864461,4,605.878,240.188
Regular,Snack Foods,120.8782,Tier 3,Medium,Supermarket Type2,0.01098386,4,2621.9204,55.4588
Regular,Snack Foods,146.7102,Tier 3,Medium,Supermarket Type2,0.136984147,4,1603.9122,192.682
Regular,Snack Foods,231.43,Tier 3,Medium,Supermarket Type2,0.135258515,4,3029.39,47.2402
Regular,Snack Foods,83.3934,Tier 3,Medium,Supermarket Type2,0.03412912,4,491.3604,165.1158
Regular,Snack Foods,250.2092,Tier 3,Medium,Supermarket Type2,0.088681966,4,3984.1472,121.973
Regular,Snack Foods,144.5128,Tier 3,Medium,Supermarket Type2,0.027454997,4,2588.6304,258.1304
Regular,Snack Foods,37.219,Tier 3,Medium,Supermarket Type2,0.094145821,4,366.19,210.8244
Regular,Snack Foods,37.8506,Tier 3,Medium,Supermarket Type2,0.013551445,4,341.5554,142.0154
Regular,Snack Foods,152.1366,Tier 3,Medium,Supermarket Type2,0.011472001,4,1813.6392,75.2038
Regular,Snack Foods,180.8292,Tier 3,Medium,Supermarket Type2,0.086281593,4,3466.1548,170.579
Regular,Snack Foods,44.2428,Tier 3,Medium,Supermarket Type2,0.037723476,4,703.0848,109.5254
Regular,Snack Foods,158.1604,Tier 3,Medium,Supermarket Type2,0.094037241,4,2693.8268,124.5704
Regular,Snack Foods,153.5314,Tier 3,Medium,Supermarket Type2,0.017932223,4,2171.8396,78.796
Regular,Snack Foods,94.212,Tier 3,Medium,Supermarket Type2,0.057104066,4,1025.332,232.6984
Regular,Snack Foods,44.0112,Tier 3,Medium,Supermarket Type2,0.099535996,4,340.8896,52.2666
Regular,Snack Foods,185.1608,Tier 3,Medium,Supermarket Type2,0.138868769,4,551.2824,251.8724
Regular,Snack Foods,253.3014,Tier 3,Medium,Supermarket Type2,0.01863822,4,510.0028,110.2544
Regular,Soft Drinks,174.7054,Tier 3,Medium,Supermarket Type2,0.128449055,4,175.1054,186.5924
Regular,Starchy Foods,256.9646,Tier 3,Medium,Supermarket Type2,0.135646297,4,4637.9628,186.0924
Regular,Starchy Foods,32.6558,Tier 3,Medium,Supermarket Type2,0.007069662,4,67.9116,175.7738
reg,Canned,33.7874,Tier 3,Medium,Supermarket Type2,0.026627857,4,882.185,93.712
reg,Canned,73.938,Tier 3,Medium,Supermarket Type2,0.034841089,4,73.238,141.1496
reg,Fruits and Vegetables,85.154,Tier 3,Medium,Supermarket Type2,0.071743629,4,605.878,59.7536
reg,Meat,181.2634,Tier 3,Medium,Supermarket Type2,0.057655493,4,2362.9242,152.6366
reg,Snack Foods,262.4226,Tier 3,Medium,Supermarket Type2,0.047458754,4,3964.839,95.8068
reg,Snack Foods,260.3278,Tier 3,Medium,Supermarket Type2,0.046208155,4,7549.5062,178.0344
LF,Baking Goods,178.366,Tier 3,Medium,Supermarket Type3,0.056656942,4,4673.916,106.2622
LF,Breads,106.4964,Tier 3,Medium,Supermarket Type3,0,4,1577.946,87.6856
LF,Fruits and Vegetables,36.1874,Tier 3,Medium,Supermarket Type3,0.027183141,4,423.4488,99.7042
LF,Health and Hygiene,143.047,Tier 3,Medium,Supermarket Type3,0,4,3578.675,64.2168
LF,Health and Hygiene,229.3694,Tier 3,Medium,Supermarket Type3,0.069208684,4,228.3694,264.0884
LF,Household,245.4144,Tier 3,Medium,Supermarket Type3,0.102941345,4,3675.216,171.2448
LF,Household,164.3842,Tier 3,Medium,Supermarket Type3,0.080249973,4,1823.6262,168.679
LF,Household,154.0682,Tier 3,Medium,Supermarket Type3,0.060888514,4,2896.8958,130.1968
LF,Meat,143.4154,Tier 3,Medium,Supermarket Type3,0.032024659,4,1985.4156,62.7194
LF,Others,98.17,Tier 3,Medium,Supermarket Type3,0.181769264,4,2696.49,240.6196
LF,Snack Foods,170.579,Tier 3,Medium,Supermarket Type3,0.039451625,4,1358.232,39.548
LF,Snack Foods,178.137,Tier 3,Medium,Supermarket Type3,0.074830794,4,3881.614,125.9046
LF,Soft Drinks,110.3228,Tier 3,Medium,Supermarket Type3,0.094916347,4,552.614,172.3106
LF,Soft Drinks,79.7986,Tier 3,Medium,Supermarket Type3,0.095931002,4,2336.958,198.5768
Low Fat,Baking Goods,60.5904,Tier 3,Medium,Supermarket Type3,0.082028694,4,410.1328,148.6076
Low Fat,Baking Goods,205.7638,Tier 3,Medium,Supermarket Type3,0.060405784,4,621.1914,234.5616
Low Fat,Baking Goods,126.1362,Tier 3,Medium,Supermarket Type3,0.075707087,4,3271.7412,88.183
Low Fat,Baking Goods,94.8778,Tier 3,Medium,Supermarket Type3,0.082602127,4,4036.7454,120.9756
Low Fat,Baking Goods,175.537,Tier 3,Medium,Supermarket Type3,0.03523927,4,3705.177,231.601
Low Fat,Baking Goods,150.9392,Tier 3,Medium,Supermarket Type3,0.129783577,4,4026.7584,78.2328
Low Fat,Baking Goods,52.3298,Tier 3,Medium,Supermarket Type3,0,4,269.649,100.1384
Low Fat,Baking Goods,160.0578,Tier 3,Medium,Supermarket Type3,0.009364957,4,2567.3248,74.238
Low Fat,Breads,97.3042,Tier 3,Medium,Supermarket Type3,0.087045086,4,694.4294,196.7794
Low Fat,Breads,61.251,Tier 3,Medium,Supermarket Type3,0.01583438,4,126.502,228.5668
Low Fat,Breads,195.3478,Tier 3,Medium,Supermarket Type3,0.048545853,4,1937.478,60.1194
Low Fat,Breakfast,57.5562,Tier 3,Medium,Supermarket Type3,0.088828418,4,2548.0166,192.2478
Low Fat,Canned,112.0228,Tier 3,Medium,Supermarket Type3,0.064607378,4,1215.7508,87.4198
Low Fat,Canned,185.4266,Tier 3,Medium,Supermarket Type3,0.120663214,4,368.8532,95.6778
Low Fat,Canned,156.263,Tier 3,Medium,Supermarket Type3,0.034717799,4,4850.353,179.4344
Low Fat,Canned,98.541,Tier 3,Medium,Supermarket Type3,0.072838381,4,772.328,155.2972
Low Fat,Canned,106.628,Tier 3,Medium,Supermarket Type3,0.126831854,4,958.752,209.027
Low Fat,Canned,39.3822,Tier 3,Medium,Supermarket Type3,0.010590075,4,314.2576,84.6908
Low Fat,Canned,245.8144,Tier 3,Medium,Supermarket Type3,0.150672399,4,3430.2016,104.728
Low Fat,Canned,110.157,Tier 3,Medium,Supermarket Type3,0.037217847,4,3185.853,86.8224
Low Fat,Canned,239.1538,Tier 3,Medium,Supermarket Type3,0.123449671,4,4326.3684,89.7488
Low Fat,Canned,262.191,Tier 3,Medium,Supermarket Type3,0.024047319,4,2366.919,115.515
Low Fat,Canned,59.5904,Tier 3,Medium,Supermarket Type3,0.062724117,4,1640.5312,100.57
Low Fat,Dairy,89.1856,Tier 3,Medium,Supermarket Type3,0.045088724,4,1845.5976,39.7138
Low Fat,Dairy,97.6384,Tier 3,Medium,Supermarket Type3,0.092241348,4,197.0768,75.867
Low Fat,Dairy,162.3578,Tier 3,Medium,Supermarket Type3,0.036150153,4,1604.578,219.5482
Low Fat,Dairy,150.7366,Tier 3,Medium,Supermarket Type3,0.015944801,4,3325.0052,249.5092
Low Fat,Dairy,37.3506,Tier 3,Medium,Supermarket Type3,0.053211728,4,341.5554,177.6002
Low Fat,Dairy,120.7098,Tier 3,Medium,Supermarket Type3,0.101281,4,361.5294,55.0956
Low Fat,Dairy,107.4938,Tier 3,Medium,Supermarket Type3,0.087383304,4,2358.2636,180.4292
Low Fat,Dairy,40.8796,Tier 3,Medium,Supermarket Type3,0.074265816,4,371.5164,109.5228
Low Fat,Dairy,152.0708,Tier 3,Medium,Supermarket Type3,0.031743707,4,451.4124,179.1344
Low Fat,Dairy,179.1976,Tier 3,Medium,Supermarket Type3,0.020769677,4,543.2928,117.5782
Low Fat,Frozen Foods,47.2718,Tier 3,Medium,Supermarket Type3,0.054720642,4,850.8924,107.8254
Low Fat,Frozen Foods,160.6578,Tier 3,Medium,Supermarket Type3,0.116347087,4,1925.4936,76.867
Low Fat,Frozen Foods,181.295,Tier 3,Medium,Supermarket Type3,0.044008347,4,4028.09,43.7454
Low Fat,Frozen Foods,63.1536,Tier 3,Medium,Supermarket Type3,0.026216144,4,122.5072,207.5954
Low Fat,Frozen Foods,106.1938,Tier 3,Medium,Supermarket Type3,0.142436015,4,1607.907,62.3878
Low Fat,Frozen Foods,104.599,Tier 3,Medium,Supermarket Type3,0.026740767,4,2889.572,261.291
Low Fat,Frozen Foods,147.5734,Tier 3,Medium,Supermarket Type3,0.130544568,4,3414.8882,248.046
Low Fat,Frozen Foods,111.7544,Tier 3,Medium,Supermarket Type3,0.039631495,4,2460.7968,31.9558
Low Fat,Frozen Foods,214.7534,Tier 3,Medium,Supermarket Type3,0,4,5806.4418,190.9162
Low Fat,Frozen Foods,91.4488,Tier 3,Medium,Supermarket Type3,0.070912843,4,1086.5856,121.5098
Low Fat,Frozen Foods,231.7326,Tier 3,Medium,Supermarket Type3,0.052058711,4,5313.7498,55.5588
Low Fat,Frozen Foods,160.892,Tier 3,Medium,Supermarket Type3,0.114771298,4,1917.504,93.9094
Low Fat,Frozen Foods,141.9838,Tier 3,Medium,Supermarket Type3,0.021743592,4,4354.9978,263.191
Low Fat,Frozen Foods,124.373,Tier 3,Medium,Supermarket Type3,0.011556919,4,2093.941,94.741
Low Fat,Frozen Foods,61.351,Tier 3,Medium,Supermarket Type3,0.071948252,4,1201.769,121.6098
Low Fat,Frozen Foods,244.0802,Tier 3,Medium,Supermarket Type3,0.013745883,4,3193.8426,62.0168
Low Fat,Frozen Foods,175.037,Tier 3,Medium,Supermarket Type3,0.118806857,4,2117.244,248.8434
Low Fat,Frozen Foods,169.0816,Tier 3,Medium,Supermarket Type3,0.013951504,4,3523.4136,36.719
Low Fat,Frozen Foods,145.6444,Tier 3,Medium,Supermarket Type3,0.005448005,4,2467.4548,102.1016
Low Fat,Fruits and Vegetables,253.2356,Tier 3,Medium,Supermarket Type3,0.064362554,4,5849.7188,193.7794
Low Fat,Fruits and Vegetables,120.444,Tier 3,Medium,Supermarket Type3,0.052964982,4,1438.128,57.793
Low Fat,Fruits and Vegetables,177.866,Tier 3,Medium,Supermarket Type3,0,4,4853.682,242.9854
Low Fat,Fruits and Vegetables,193.7794,Tier 3,Medium,Supermarket Type3,0.135075924,4,2926.191,170.3106
Low Fat,Fruits and Vegetables,94.3436,Tier 3,Medium,Supermarket Type3,0.021392306,4,2363.59,182.0976
Low Fat,Fruits and Vegetables,98.5358,Tier 3,Medium,Supermarket Type3,0,4,1306.9654,115.3492
Low Fat,Fruits and Vegetables,158.8604,Tier 3,Medium,Supermarket Type3,0.033059299,4,316.9208,196.4768
Low Fat,Fruits and Vegetables,245.8776,Tier 3,Medium,Supermarket Type3,0.035574413,4,4210.5192,131.4284
Low Fat,Fruits and Vegetables,99.5042,Tier 3,Medium,Supermarket Type3,0.173529036,4,1884.8798,113.2834
Low Fat,Fruits and Vegetables,150.3708,Tier 3,Medium,Supermarket Type3,0.099747488,4,4363.6532,75.2328
Low Fat,Fruits and Vegetables,235.3958,Tier 3,Medium,Supermarket Type3,0.092933158,4,3271.7412,91.0146
Low Fat,Fruits and Vegetables,116.4834,Tier 3,Medium,Supermarket Type3,0.121635591,4,1842.9344,175.4738
Low Fat,Fruits and Vegetables,105.9596,Tier 3,Medium,Supermarket Type3,0.12517151,4,2049.3324,88.9198
Low Fat,Fruits and Vegetables,41.0138,Tier 3,Medium,Supermarket Type3,0.022685222,4,771.6622,161.592
Low Fat,Fruits and Vegetables,193.6478,Tier 3,Medium,Supermarket Type3,0.080771137,4,3099.9648,146.4734
Low Fat,Fruits and Vegetables,75.9328,Tier 3,Medium,Supermarket Type3,0.035737373,4,3012.0792,260.6278
Low Fat,Fruits and Vegetables,196.0768,Tier 3,Medium,Supermarket Type3,0.028456456,4,5518.1504,43.5454
Low Fat,Fruits and Vegetables,253.6014,Tier 3,Medium,Supermarket Type3,0.070556945,4,6630.0364,191.2162
Low Fat,Fruits and Vegetables,87.3198,Tier 3,Medium,Supermarket Type3,0.042354152,4,610.5386,227.272
Low Fat,Fruits and Vegetables,220.6772,Tier 3,Medium,Supermarket Type3,0.042758477,4,2223.772,88.4172
Low Fat,Fruits and Vegetables,65.7168,Tier 3,Medium,Supermarket Type3,0.093002339,4,575.2512,177.7712
Low Fat,Fruits and Vegetables,75.567,Tier 3,Medium,Supermarket Type3,0.02528566,4,1684.474,158.792
Low Fat,Hard Drinks,86.3566,Tier 3,Medium,Supermarket Type3,0.075192072,4,1099.2358,56.0614
Low Fat,Hard Drinks,48.9008,Tier 3,Medium,Supermarket Type3,0.040636926,4,708.4112,224.6088
Low Fat,Hard Drinks,164.0526,Tier 3,Medium,Supermarket Type3,0.071498575,4,164.4526,37.7506
Low Fat,Health and Hygiene,195.2478,Tier 3,Medium,Supermarket Type3,0,4,193.7478,37.3506
Low Fat,Health and Hygiene,132.0968,Tier 3,Medium,Supermarket Type3,0,4,3914.904,100.8042
Low Fat,Health and Hygiene,194.811,Tier 3,Medium,Supermarket Type3,0.047665717,4,2160.521,42.177
Low Fat,Health and Hygiene,145.147,Tier 3,Medium,Supermarket Type3,0.017556795,4,5296.439,129.9626
Low Fat,Health and Hygiene,86.654,Tier 3,Medium,Supermarket Type3,0.025164132,4,2423.512,152.6024
Low Fat,Health and Hygiene,259.2304,Tier 3,Medium,Supermarket Type3,0.032731074,4,2841.6344,235.6906
Low Fat,Health and Hygiene,234.7958,Tier 3,Medium,Supermarket Type3,0,4,467.3916,152.0708
Low Fat,Health and Hygiene,178.437,Tier 3,Medium,Supermarket Type3,0.054366282,4,2822.992,199.6084
Low Fat,Health and Hygiene,215.6218,Tier 3,Medium,Supermarket Type3,0.02426524,4,641.1654,114.0492
Low Fat,Health and Hygiene,143.3444,Tier 3,Medium,Supermarket Type3,0.054376275,4,1596.5884,56.293
Low Fat,Health and Hygiene,234.359,Tier 3,Medium,Supermarket Type3,0.017936715,4,3072.667,93.7094
Low Fat,Health and Hygiene,61.851,Tier 3,Medium,Supermarket Type3,0.080111611,4,822.263,94.6436
Low Fat,Health and Hygiene,139.518,Tier 3,Medium,Supermarket Type3,0.053185208,4,2936.178,182.9608
Low Fat,Health and Hygiene,248.375,Tier 3,Medium,Supermarket Type3,0.041663111,4,7240.575,188.6214
Low Fat,Health and Hygiene,171.2448,Tier 3,Medium,Supermarket Type3,0.015375557,4,4602.0096,156.9604
Low Fat,Health and Hygiene,33.2874,Tier 3,Medium,Supermarket Type3,0.096592065,4,635.1732,117.4492
Low Fat,Household,210.5244,Tier 3,Medium,Supermarket Type3,0.118099673,4,1482.0708,262.891
Low Fat,Household,172.4106,Tier 3,Medium,Supermarket Type3,0.099428487,4,1539.9954,187.8898
Low Fat,Household,148.6418,Tier 3,Medium,Supermarket Type3,0.023835164,4,2795.6942,103.3964
Low Fat,Household,222.7088,Tier 3,Medium,Supermarket Type3,0.072317217,4,4026.7584,230.2668
Low Fat,Household,101.9674,Tier 3,Medium,Supermarket Type3,0.015359722,4,1528.011,163.7526
Low Fat,Household,122.2756,Tier 3,Medium,Supermarket Type3,0.028868467,4,121.1756,146.3786
Low Fat,Household,32.8558,Tier 3,Medium,Supermarket Type3,0.183948465,4,645.1602,33.6216
Low Fat,Household,174.508,Tier 3,Medium,Supermarket Type3,0.088551694,4,3635.268,191.5504
Low Fat,Household,154.0656,Tier 3,Medium,Supermarket Type3,0.02930277,4,1390.1904,256.1646
Low Fat,Household,143.647,Tier 3,Medium,Supermarket Type3,0.044444956,4,2862.94,245.2802
Low Fat,Household,196.0768,Tier 3,Medium,Supermarket Type3,0.066828857,4,4138.6128,114.186
Low Fat,Household,168.7816,Tier 3,Medium,Supermarket Type3,0.036360386,4,3355.632,231.601
Low Fat,Household,128.7994,Tier 3,Medium,Supermarket Type3,0.033436336,4,128.4994,107.3912
Low Fat,Household,47.6402,Tier 3,Medium,Supermarket Type3,0.012592289,4,459.402,123.3414
Low Fat,Household,216.3192,Tier 3,Medium,Supermarket Type3,0.026938317,4,215.7192,174.1396
Low Fat,Household,113.8202,Tier 3,Medium,Supermarket Type3,0.013056494,4,1800.3232,215.9192
Low Fat,Household,176.3712,Tier 3,Medium,Supermarket Type3,0.075361182,4,1054.6272,155.6656
Low Fat,Household,126.0046,Tier 3,Medium,Supermarket Type3,0.082440705,4,871.5322,61.3194
Low Fat,Household,183.9924,Tier 3,Medium,Supermarket Type3,0.024536199,4,185.0924,144.6102
Low Fat,Household,58.4904,Tier 3,Medium,Supermarket Type3,0.041621987,4,1054.6272,253.6014
Low Fat,Household,88.4172,Tier 3,Medium,Supermarket Type3,0,4,2051.9956,115.2176
Low Fat,Household,83.2224,Tier 3,Medium,Supermarket Type3,0.00994477,4,1789.6704,177.837
Low Fat,Household,266.0226,Tier 3,Medium,Supermarket Type3,0.066358426,4,528.6452,195.2478
Low Fat,Household,234.2642,Tier 3,Medium,Supermarket Type3,0.059037538,4,3717.8272,237.7248
Low Fat,Household,166.1526,Tier 3,Medium,Supermarket Type3,0.058185842,4,1973.4312,220.8456
Low Fat,Household,116.5492,Tier 3,Medium,Supermarket Type3,0.026491715,4,810.9444,247.2776
Low Fat,Household,199.3426,Tier 3,Medium,Supermarket Type3,0.03100078,4,2372.9112,177.0054
Low Fat,Household,244.2512,Tier 3,Medium,Supermarket Type3,0.176834351,4,3635.268,172.1422
Low Fat,Meat,226.1062,Tier 3,Medium,Supermarket Type3,0.014353676,4,4739.8302,115.515
Low Fat,Meat,147.6076,Tier 3,Medium,Supermarket Type3,0.039370913,4,3103.9596,116.9808
Low Fat,Meat,168.3474,Tier 3,Medium,Supermarket Type3,0.06908877,4,5221.8694,52.3324
Low Fat,Others,35.6848,Tier 3,Medium,Supermarket Type3,0.006727008,4,633.8416,125.173
Low Fat,Others,98.1042,Tier 3,Medium,Supermarket Type3,0.020460284,4,2678.5134,81.7618
Low Fat,Seafood,61.5852,Tier 3,Medium,Supermarket Type3,0,4,813.6076,109.4596
Low Fat,Snack Foods,57.6562,Tier 3,Medium,Supermarket Type3,0.117065801,4,533.3058,196.1136
Low Fat,Snack Foods,164.8842,Tier 3,Medium,Supermarket Type3,0.110901004,4,2155.1946,155.0998
Low Fat,Snack Foods,108.6912,Tier 3,Medium,Supermarket Type3,0.093217569,4,2402.2064,116.7834
Low Fat,Snack Foods,151.0708,Tier 3,Medium,Supermarket Type3,0,4,451.4124,44.1428
Low Fat,Snack Foods,103.3648,Tier 3,Medium,Supermarket Type3,0.095746519,4,3219.8088,208.6612
Low Fat,Snack Foods,105.3306,Tier 3,Medium,Supermarket Type3,0.028281197,4,836.2448,90.2146
Low Fat,Snack Foods,36.8164,Tier 3,Medium,Supermarket Type3,0.052554508,4,772.328,190.3504
Low Fat,Snack Foods,104.099,Tier 3,Medium,Supermarket Type3,0.044606379,4,309.597,174.2054
Low Fat,Snack Foods,150.205,Tier 3,Medium,Supermarket Type3,0.091318935,4,5992.2,230.7352
Low Fat,Snack Foods,123.3388,Tier 3,Medium,Supermarket Type3,0.025960174,4,2972.1312,214.885
Low Fat,Snack Foods,64.4168,Tier 3,Medium,Supermarket Type3,0.036213953,4,830.9184,92.5488
Low Fat,Snack Foods,106.7964,Tier 3,Medium,Supermarket Type3,0.040747616,4,1367.5532,140.2496
Low Fat,Snack Foods,141.4812,Tier 3,Medium,Supermarket Type3,0.037505332,4,284.9624,126.2704
Low Fat,Snack Foods,140.6154,Tier 3,Medium,Supermarket Type3,0.159193194,4,425.4462,92.712
Low Fat,Snack Foods,88.6198,Tier 3,Medium,Supermarket Type3,0.045900448,4,1395.5168,118.9124
Low Fat,Snack Foods,127.3652,Tier 3,Medium,Supermarket Type3,0.057850699,4,1679.1476,113.2834
Low Fat,Snack Foods,180.1976,Tier 3,Medium,Supermarket Type3,0.033018559,4,3984.1472,170.4422
Low Fat,Snack Foods,75.967,Tier 3,Medium,Supermarket Type3,0,4,153.134,151.6708
Low Fat,Snack Foods,123.1046,Tier 3,Medium,Supermarket Type3,0.027812304,4,124.5046,147.476
Low Fat,Snack Foods,54.1982,Tier 3,Medium,Supermarket Type3,0.077348214,4,999.3658,259.7962
Low Fat,Snack Foods,142.4128,Tier 3,Medium,Supermarket Type3,0.138742518,4,575.2512,147.476
Low Fat,Snack Foods,181.395,Tier 3,Medium,Supermarket Type3,0.102941345,4,2563.33,142.047
Low Fat,Snack Foods,256.5672,Tier 3,Medium,Supermarket Type3,0.085538477,4,4090.6752,169.2816
Low Fat,Snack Foods,263.691,Tier 3,Medium,Supermarket Type3,0.043551753,4,788.973,184.495
Low Fat,Snack Foods,172.3448,Tier 3,Medium,Supermarket Type3,0.172641213,4,4431.5648,195.111
Low Fat,Snack Foods,218.7798,Tier 3,Medium,Supermarket Type3,0.04765803,4,2203.798,188.3898
Low Fat,Snack Foods,82.7566,Tier 3,Medium,Supermarket Type3,0.106876976,4,1691.132,146.7076
Low Fat,Soft Drinks,111.686,Tier 3,Medium,Supermarket Type3,0.081841136,4,2263.72,190.053
Low Fat,Soft Drinks,147.776,Tier 3,Medium,Supermarket Type3,0.06912336,4,2490.092,106.0938
Low Fat,Soft Drinks,93.6462,Tier 3,Medium,Supermarket Type3,0.030645958,4,925.462,141.7154
Low Fat,Soft Drinks,79.1618,Tier 3,Medium,Supermarket Type3,0.01724183,4,2336.2922,197.0768
Low Fat,Soft Drinks,47.5692,Tier 3,Medium,Supermarket Type3,0.038736754,4,443.4228,37.319
Low Fat,Soft Drinks,189.8214,Tier 3,Medium,Supermarket Type3,0.067128641,4,942.107,242.8486
Low Fat,Soft Drinks,125.4046,Tier 3,Medium,Supermarket Type3,0.114475357,4,1867.569,160.9236
Low Fat,Soft Drinks,194.1794,Tier 3,Medium,Supermarket Type3,0.04379158,4,2340.9528,189.053
Low Fat,Soft Drinks,37.8506,Tier 3,Medium,Supermarket Type3,0.035769657,4,417.4566,40.9138
Low Fat,Starchy Foods,187.7582,Tier 3,Medium,Supermarket Type3,0,4,2600.6148,167.5158
Low Fat,Starchy Foods,207.1296,Tier 3,Medium,Supermarket Type3,0.03046847,4,3739.1328,254.704
Low Fat,Starchy Foods,153.734,Tier 3,Medium,Supermarket Type3,0.043025208,4,2756.412,37.6164
Regular,Baking Goods,168.6158,Tier 3,Medium,Supermarket Type3,0.116108797,4,4512.1266,164.121
Regular,Baking Goods,51.8324,Tier 3,Medium,Supermarket Type3,0.022829734,4,1090.5804,241.0538
Regular,Baking Goods,191.6188,Tier 3,Medium,Supermarket Type3,0.080346058,4,2094.6068,195.711
Regular,Baking Goods,181.566,Tier 3,Medium,Supermarket Type3,0.062547321,4,2876.256,88.383
Regular,Baking Goods,181.8608,Tier 3,Medium,Supermarket Type3,0.051366901,4,4042.7376,77.0644
Regular,Baking Goods,56.793,Tier 3,Medium,Supermarket Type3,0.103517853,4,848.895,164.95
Regular,Breads,54.364,Tier 3,Medium,Supermarket Type3,0,4,159.792,84.5908
Regular,Breads,149.5366,Tier 3,Medium,Supermarket Type3,0.055289464,4,1813.6392,222.5088
Regular,Breads,160.9578,Tier 3,Medium,Supermarket Type3,0.015950066,4,4332.3606,47.7402
Regular,Breakfast,196.5084,Tier 3,Medium,Supermarket Type3,0.094109236,4,793.6336,102.9332
Regular,Breakfast,45.1428,Tier 3,Medium,Supermarket Type3,0.068754395,4,527.3136,54.5614
Regular,Breakfast,100.07,Tier 3,Medium,Supermarket Type3,0.065928735,4,2596.62,183.0292
Regular,Canned,143.3786,Tier 3,Medium,Supermarket Type3,0.054114924,4,3034.0506,58.4904
Regular,Canned,117.7466,Tier 3,Medium,Supermarket Type3,0.031116081,4,1296.3126,55.264
Regular,Canned,164.3526,Tier 3,Medium,Supermarket Type3,0.041049322,4,2960.1468,41.2454
Regular,Canned,95.2068,Tier 3,Medium,Supermarket Type3,0.050256161,4,777.6544,150.9024
Regular,Canned,39.9164,Tier 3,Medium,Supermarket Type3,0.034531702,4,38.6164,142.2496
Regular,Canned,162.4578,Tier 3,Medium,Supermarket Type3,0.014661762,4,2888.2404,89.1172
Regular,Canned,121.6098,Tier 3,Medium,Supermarket Type3,0.139330557,4,482.0392,109.5228
Regular,Canned,44.477,Tier 3,Medium,Supermarket Type3,0.10400212,4,432.77,79.796
Regular,Canned,40.1822,Tier 3,Medium,Supermarket Type3,0.019672774,4,510.6686,86.4198
Regular,Canned,261.6594,Tier 3,Medium,Supermarket Type3,0.132500853,4,7588.1226,220.3798
Regular,Dairy,121.173,Tier 3,Medium,Supermarket Type3,0.073562475,4,2093.941,217.6482
Regular,Dairy,191.9188,Tier 3,Medium,Supermarket Type3,0.163882129,4,571.2564,113.2518
Regular,Dairy,108.6254,Tier 3,Medium,Supermarket Type3,0.007503372,4,1844.9318,146.7102
Regular,Dairy,249.6408,Tier 3,Medium,Supermarket Type3,0.182407266,4,3254.4304,109.157
Regular,Dairy,147.4102,Tier 3,Medium,Supermarket Type3,0.02974207,4,3791.0652,88.9514
Regular,Dairy,211.8244,Tier 3,Medium,Supermarket Type3,0.023209537,4,3387.5904,183.3608
Regular,Dairy,158.392,Tier 3,Medium,Supermarket Type3,0.073562475,4,159.792,254.9356
Regular,Dairy,156.6972,Tier 3,Medium,Supermarket Type3,0,4,4206.5244,196.4794
Regular,Dairy,123.8414,Tier 3,Medium,Supermarket Type3,0.127108578,4,487.3656,120.744
Regular,Dairy,89.9172,Tier 3,Medium,Supermarket Type3,0.042412572,4,1516.6924,119.0782
Regular,Dairy,227.372,Tier 3,Medium,Supermarket Type3,0.075791641,4,452.744,193.3794
Regular,Dairy,107.0622,Tier 3,Medium,Supermarket Type3,0.087221497,4,741.0354,263.991
Regular,Dairy,168.9816,Tier 3,Medium,Supermarket Type3,0.170000805,4,2852.2872,155.963
Regular,Dairy,182.5976,Tier 3,Medium,Supermarket Type3,0.030362777,4,4165.2448,210.5244
Regular,Dairy,85.9856,Tier 3,Medium,Supermarket Type3,0.047358246,4,1494.0552,123.1756
Regular,Frozen Foods,37.6164,Tier 3,Medium,Supermarket Type3,0.066406853,4,810.9444,259.7962
Regular,Frozen Foods,119.1808,Tier 3,Medium,Supermarket Type3,0.035666655,4,468.7232,246.2486
Regular,Frozen Foods,180.5634,Tier 3,Medium,Supermarket Type3,0.043690499,4,2726.451,60.2194
Regular,Frozen Foods,61.2536,Tier 3,Medium,Supermarket Type3,0.072559351,4,673.7896,199.3426
Regular,Frozen Foods,175.237,Tier 3,Medium,Supermarket Type3,0.070349402,4,3881.614,228.601
Regular,Frozen Foods,76.8986,Tier 3,Medium,Supermarket Type3,0.075676339,4,467.3916,190.4846
Regular,Frozen Foods,182.1608,Tier 3,Medium,Supermarket Type3,0,4,367.5216,145.276
Regular,Frozen Foods,155.1314,Tier 3,Medium,Supermarket Type3,0.093463546,4,1551.314,189.1214
Regular,Frozen Foods,163.0526,Tier 3,Medium,Supermarket Type3,0.158954903,4,2302.3364,34.9558
Regular,Frozen Foods,182.9608,Tier 3,Medium,Supermarket Type3,0.037340835,4,1653.8472,163.1526
Regular,Frozen Foods,144.3128,Tier 3,Medium,Supermarket Type3,0.159081735,4,431.4384,193.5478
Regular,Fruits and Vegetables,104.2332,Tier 3,Medium,Supermarket Type3,0.030794774,4,2153.1972,122.9072
Regular,Fruits and Vegetables,92.5436,Tier 3,Medium,Supermarket Type3,0.058542509,4,378.1744,188.353
Regular,Fruits and Vegetables,98.8384,Tier 3,Medium,Supermarket Type3,0.118883724,4,1280.9992,180.3976
Regular,Fruits and Vegetables,198.1768,Tier 3,Medium,Supermarket Type3,0.047704151,4,1970.768,187.2556
Regular,Fruits and Vegetables,121.3098,Tier 3,Medium,Supermarket Type3,0.106538757,4,4820.392,145.4786
Regular,Fruits and Vegetables,99.1042,Tier 3,Medium,Supermarket Type3,0.046382793,4,2579.3092,122.8388
Regular,Fruits and Vegetables,154.534,Tier 3,Medium,Supermarket Type3,0.012974937,4,459.402,115.9834
Regular,Fruits and Vegetables,56.0246,Tier 3,Medium,Supermarket Type3,0.102422487,4,695.0952,131.4968
Regular,Fruits and Vegetables,125.8678,Tier 3,Medium,Supermarket Type3,0.043443753,4,763.0068,158.1946
Regular,Fruits and Vegetables,117.0834,Tier 3,Medium,Supermarket Type3,0.115032648,4,1612.5676,58.0246
Regular,Fruits and Vegetables,129.9652,Tier 3,Medium,Supermarket Type3,0.021353642,4,2324.9736,122.1098
Regular,Fruits and Vegetables,189.053,Tier 3,Medium,Supermarket Type3,0.141997869,4,6261.849,90.5514
Regular,Fruits and Vegetables,46.4744,Tier 3,Medium,Supermarket Type3,0.042949109,4,45.2744,199.5742
Regular,Fruits and Vegetables,164.7526,Tier 3,Medium,Supermarket Type3,0.073700837,4,4111.315,207.1638
Regular,Fruits and Vegetables,184.6608,Tier 3,Medium,Supermarket Type3,0.170246782,4,2756.412,141.5838
Regular,Fruits and Vegetables,89.6856,Tier 3,Medium,Supermarket Type3,0.024286378,4,2109.2544,194.711
Regular,Meat,162.3552,Tier 3,Medium,Supermarket Type3,0.057143515,4,487.3656,151.8366
Regular,Meat,227.9352,Tier 3,Medium,Supermarket Type3,0.157701958,4,4809.7392,158.7946
Regular,Meat,104.4964,Tier 3,Medium,Supermarket Type3,0.008525061,4,2419.5172,72.5038
Regular,Meat,189.1872,Tier 3,Medium,Supermarket Type3,0.170646494,4,4727.18,46.3376
Regular,Meat,110.4912,Tier 3,Medium,Supermarket Type3,0.150122794,4,1637.868,154.5314
Regular,Meat,160.492,Tier 3,Medium,Supermarket Type3,0.060800116,4,4314.384,44.4744
Regular,Meat,185.3582,Tier 3,Medium,Supermarket Type3,0.075753207,4,3715.164,111.1202
Regular,Snack Foods,150.005,Tier 3,Medium,Supermarket Type3,0.041180766,4,2247.075,37.919
Regular,Snack Foods,124.573,Tier 3,Medium,Supermarket Type3,0.032750291,4,1601.249,112.1518
Regular,Snack Foods,100.0042,Tier 3,Medium,Supermarket Type3,0.038341654,4,2976.126,146.2102
Regular,Snack Foods,125.1678,Tier 3,Medium,Supermarket Type3,0.044764726,4,1907.517,102.4016
Regular,Snack Foods,100.4358,Tier 3,Medium,Supermarket Type3,0.045542628,4,1508.037,170.7132
Regular,Snack Foods,216.4192,Tier 3,Medium,Supermarket Type3,0.025616191,4,3020.0688,188.1872
Regular,Snack Foods,120.1756,Tier 3,Medium,Supermarket Type3,0.018472714,4,3392.9168,109.9544
Regular,Snack Foods,111.7544,Tier 3,Medium,Supermarket Type3,0.080695806,4,4138.6128,51.3008
Regular,Snack Foods,210.8244,Tier 3,Medium,Supermarket Type3,0.076387367,4,2117.244,112.1518
Regular,Snack Foods,263.191,Tier 3,Medium,Supermarket Type3,0.06627464,4,3944.865,54.1956
Regular,Snack Foods,101.799,Tier 3,Medium,Supermarket Type3,0.134057426,4,515.995,45.3402
Regular,Snack Foods,199.4742,Tier 3,Medium,Supermarket Type3,0.089120516,4,2587.9646,149.8708
Regular,Snack Foods,213.9902,Tier 3,Medium,Supermarket Type3,0.028871235,4,424.7804,188.7898
Regular,Snack Foods,231.5984,Tier 3,Medium,Supermarket Type3,0.057835325,4,7182.6504,57.5562
Regular,Snack Foods,262.591,Tier 3,Medium,Supermarket Type3,0.047037323,4,4207.856,96.4068
Regular,Snack Foods,178.3028,Tier 3,Medium,Supermarket Type3,0.096730427,4,2479.4392,159.0262
Regular,Soft Drinks,99.9042,Tier 3,Medium,Supermarket Type3,0.108568067,4,595.2252,42.9112
low fat,Baking Goods,57.5904,Tier 3,Medium,Supermarket Type3,0.043029436,4,468.7232,94.7436
low fat,Canned,157.5288,Tier 3,Medium,Supermarket Type3,0.053031857,4,1571.288,149.1734
low fat,Canned,58.7588,Tier 3,Medium,Supermarket Type3,0.072486326,4,858.882,78.9986
low fat,Fruits and Vegetables,178.8318,Tier 3,Medium,Supermarket Type3,0.17514326,4,3608.636,222.3772
low fat,Health and Hygiene,214.5218,Tier 3,Medium,Supermarket Type3,0,4,2778.3834,164.5526
low fat,Snack Foods,108.157,Tier 3,Medium,Supermarket Type3,0.034705807,4,549.285,241.6828
low fat,Soft Drinks,85.1224,Tier 3,Medium,Supermarket Type3,0.027570939,4,1193.1136,86.6198
reg,Dairy,103.1332,Tier 3,Medium,Supermarket Type3,0.107714834,4,1845.5976,97.8752
reg,Snack Foods,75.467,Tier 3,Medium,Supermarket Type3,0,4,765.67,112.2544
